ID,Description,GeneRatio,BgRatio,RichFactor,FoldEnrichment,zScore,pvalue,p.adjust,qvalue,geneID,Count
GO:1901293,nucleoside phosphate biosynthetic process,62/404,322/18805,0.19254658385093168,8.962471557714778,21.35426801822397,4.894093204849392e-41,1.2468343084594154e-37,7.050042235156883e-38,NMNAT2/NADSYN1/PRKAG2/IL4/NME6/DTYMK/ACSS2/PPARA/PDK2/ACSF3/ADSL/RRM2B/ADK/ADA/QPRT/CDA/CTPS1/UCKL1/HPRT1/IMPDH1/NANS/MTHFD1/ACACA/DLAT/TGFB1/ALDOA/DLD/UMPS/PDHA1/CMPK1/SHMT1/DHODH/DUT/AMDHD2/NAGK/PPT1/ACACB/HAAO/KYNU/GNPDA1/NANP/NADK2/ATIC/GMPS/KMO/PPAT/FPGT/FCSK/FASN/PGM3/GNPNAT1/PGK1/DCTD/GUK1/GFPT1/CBR4/CMPK2/NNMT/NUDT2/GUCY1A2/AK3/COASY,62
GO:0043603,amide metabolic process,73/404,480/18805,0.15208333333333332,7.0790274339933985,19.990691702134043,5.32607564485013e-41,1.2468343084594154e-37,7.050042235156883e-38,MTOR/SAMD8/B3GALT2/HPGDS/ATF4/PEMT/ACSS2/IGF1/TP53/PDK2/GALC/PLPP1/ACSF3/ACE/MME/HAGH/GLO1/UGT8/GSTO2/IFNG/ACER3/ADA/OXSM/PRNP/NPL/NANS/MTHFD2/ACACA/NFE2L2/DLAT/MCCC1/B4GALT4/GBA1/SP1/DLD/PDHA1/SHMT1/CARNS1/B4GALT3/TNF/GLA/B4GALT6/HEXA/B3GALT4/AMDHD2/NAGK/CEBPA/PPT1/ACACB/MECR/ST3GAL3/ETHE1/RENBP/GNPDA1/SGMS2/ST6GAL1/NANP/OGDH/CTSG/ENPEP/GLB1/FASN/PGK1/CEL/UGCG/CBR4/PLAAT3/ARG1/ST6GALNAC3/CHAC2/SGPL1/NNMT/COASY,73
GO:0044282,small molecule catabolic process,62/404,370/18805,0.16756756756756758,7.7997725448220505,19.573512513496844,2.6584355644277174e-37,4.148931770883525e-34,2.3459527875563897e-34,ACSS2/ALDH2/TP53/PPARA/ACSF3/GLS2/HAGH/ABAT/ADA/TKFC/TPI1/QPRT/CDA/ECHS1/ACAD8/PCCA/ALDH6A1/NPL/FUT8/MCCC1/SORD/PFKL/DLD/ACADS/MCAT/SHMT1/CARNS1/KYAT3/OXCT1/OAT/ALDH4A1/GLUL/HIBADH/RBKS/AMDHD2/NAGK/ACACB/MPST/IL4I1/RENBP/HAAO/KYNU/GNPDA1/PKM/ACOX1/DPYD/KMO/IVD/HADH/DBT/LDHD/ACADM/GLB1/ECHDC1/SCLY/PGK1/CPT2/UPB1/DCTD/SLC25A21/ARG1/GALM,62
GO:0044248,cellular catabolic process,53/404,323/18805,0.16408668730650156,7.637747907917728,17.829642031653204,1.9513930215909843e-31,2.2841055317722473e-28,1.2915140656056122e-28,PPARA/ACSF3/GLS2/ACE/MME/ABAT/QPRT/ECHS1/ACAD8/PCCA/ALDH6A1/NPL/NFE2L2/MCCC1/TGFB1/SORD/DLD/ACADS/MCAT/SHMT1/CARNS1/KYAT3/OAT/ALDH4A1/GLUL/HIBADH/AMDHD2/NAGK/ACACB/MPST/IL4I1/RENBP/HAAO/KYNU/GNPDA1/ACOX1/ENPEP/KMO/IVD/HADH/DBT/LDHD/ACADM/GLB1/ECHDC1/SCLY/CPT2/SGSH/IDUA/SLC25A21/ARG1/CHAC2/ANPEP,53
GO:0046394,carboxylic acid biosynthetic process,52/404,334/18805,0.15568862275449102,7.246842947767831,17.068042195957588,1.0635593580152892e-29,9.959169828455168e-27,5.631266916649374e-27,PRKAG2/SIRT2/MGLL/LPL/PTGES3/HPGDS/ACSS2/ACSF3/GLS2/ALOX12/ALOX15/ABAT/GPX4/ALOX5/OXSM/HSD17B8/NANS/MTHFD1/ACACA/EDN1/MCAT/SHMT1/CARNS1/OAT/GLUL/ACACB/MECR/GAMT/GATM/HAAO/KYNU/PTGS2/UROS/NANP/PHGDH/PSAT1/DPYD/CD74/CTH/KMO/HSD3B7/CYP7B1/PER2/MTHFD1L/FASN/SEPHS2/UPB1/CBR4/MTR/MIF/PTGS1/ALOX15B,52
GO:0006163,purine nucleotide metabolic process,59/404,448/18805,0.13169642857142858,6.130077572489392,16.283853118854548,1.3558991278617467e-29,1.0580532861081163e-26,5.982607555389988e-27,NMNAT2/NADSYN1/PRKAG2/MTOR/IL4/NME6/STAT3/NUDT16/HIF1A/IGF1/ITPA/TP53/PPARA/SARM1/FBP1/ADSL/IFNG/ADK/ADA/TPI1/QPRT/PGD/PGLS/HPRT1/IMPDH1/MTHFD1/TGFB1/PFKL/ALDOA/DHTKD1/SHPK/TKT/PRKACA/RBKS/PFKFB1/ACACB/HAAO/KYNU/TALDO1/PKM/GAPDH/NADK2/NUDT13/ATIC/OGDH/GMPS/KMO/PPAT/PDE10A/ENPP1/PGK1/GUK1/PDE7B/ADPGK/NNMT/NUDT2/GUCY1A2/AK3/COASY,59
GO:0016053,organic acid biosynthetic process,52/404,337/18805,0.1543026706231454,7.182330992743191,16.968848078870632,1.664540098582296e-29,1.1133395345089014e-26,6.295215560803722e-27,PRKAG2/SIRT2/MGLL/LPL/PTGES3/HPGDS/ACSS2/ACSF3/GLS2/ALOX12/ALOX15/ABAT/GPX4/ALOX5/OXSM/HSD17B8/NANS/MTHFD1/ACACA/EDN1/MCAT/SHMT1/CARNS1/OAT/GLUL/ACACB/MECR/GAMT/GATM/HAAO/KYNU/PTGS2/UROS/NANP/PHGDH/PSAT1/DPYD/CD74/CTH/KMO/HSD3B7/CYP7B1/PER2/MTHFD1L/FASN/SEPHS2/UPB1/CBR4/MTR/MIF/PTGS1/ALOX15B,52
GO:1901136,carbohydrate derivative catabolic process,45/404,258/18805,0.1744186046511628,8.118667971448309,17.05952148722278,6.019147277324211e-28,3.5227059440539947e-25,1.9918625529566306e-25,PRKAG2/MTOR/STAT3/NUDT16/HIF1A/IGF1/ITPA/PPARA/GALC/FBP1/IFNG/ADA/TPI1/CDA/HPRT1/NPL/TGFB1/GBA1/PFKL/ALDOA/DHTKD1/PRKACA/GLA/DUT/HEXA/AMDHD2/NAGK/PFKFB1/RENBP/GNPDA1/PKM/GAPDH/OGDH/DPYD/TYMP/PDE10A/GLB1/PGK1/NAGA/UPB1/SGSH/IDUA/DCTD/PDE7B/ADPGK,45
GO:0005996,monosaccharide metabolic process,45/404,260/18805,0.17307692307692307,8.056216679360244,16.976191074660516,8.479900078136358e-28,4.411432462870492e-25,2.4943799645044383e-25,RORC/PPARGC1A/PRKAG2/B4GALT1/GNMT/ATF4/PRKN/IGF1/TP53/PPARA/PDK2/FOXO1/FBP1/GSTO2/TKFC/TPI1/AKR1B1/PGD/FUT8/DLAT/SORD/KHK/PFKL/ALDOA/PDHA1/PRKACA/TNF/MAPK14/RBKS/PGM2/PFKFB1/ACACB/PKM/GAPDH/FPGT/ZMPSTE24/ACADM/GLB1/PER2/PGK1/MAN2A2/PIK3CA/ADPGK/GALM/NNMT,45
GO:0072524,pyridine-containing compound metabolic process,39/404,187/18805,0.20855614973262032,9.707669296341399,17.73173810815666,2.2453932833254975e-27,1.051293135252998e-24,5.944383271119607e-25,NMNAT2/NADSYN1/PRKAG2/MTOR/STAT3/HIF1A/IGF1/TP53/PPARA/SARM1/FBP1/IFNG/TPI1/QPRT/PGD/PGLS/PNPO/PFKL/ALDOA/DHTKD1/SHPK/TKT/PRKACA/RBKS/PFKFB1/ACACB/HAAO/KYNU/TALDO1/PKM/GAPDH/NADK2/NUDT13/OGDH/PSAT1/KMO/PGK1/ADPGK/NNMT,39
GO:0016054,organic acid catabolic process,43/404,242/18805,0.17768595041322313,8.270753211684804,16.86778650824134,4.422027114030269e-27,1.72532757899081e-24,9.7556124489352e-25,PPARA/ACSF3/GLS2/ABAT/QPRT/ECHS1/ACAD8/PCCA/ALDH6A1/NPL/MCCC1/SORD/DLD/ACADS/MCAT/SHMT1/CARNS1/KYAT3/OAT/ALDH4A1/GLUL/HIBADH/AMDHD2/NAGK/ACACB/MPST/IL4I1/RENBP/HAAO/KYNU/GNPDA1/ACOX1/KMO/IVD/HADH/DBT/LDHD/ACADM/ECHDC1/SCLY/CPT2/SLC25A21/ARG1,43
GO:0046395,carboxylic acid catabolic process,43/404,242/18805,0.17768595041322313,8.270753211684804,16.86778650824134,4.422027114030269e-27,1.72532757899081e-24,9.7556124489352e-25,PPARA/ACSF3/GLS2/ABAT/QPRT/ECHS1/ACAD8/PCCA/ALDH6A1/NPL/MCCC1/SORD/DLD/ACADS/MCAT/SHMT1/CARNS1/KYAT3/OAT/ALDH4A1/GLUL/HIBADH/AMDHD2/NAGK/ACACB/MPST/IL4I1/RENBP/HAAO/KYNU/GNPDA1/ACOX1/KMO/IVD/HADH/DBT/LDHD/ACADM/ECHDC1/SCLY/CPT2/SLC25A21/ARG1,43
GO:0019318,hexose metabolic process,42/404,237/18805,0.17721518987341772,8.248840706855496,16.640074128950488,2.016975470373776e-26,7.264214732530784e-24,4.1074439740810096e-24,RORC/PPARGC1A/PRKAG2/B4GALT1/GNMT/ATF4/PRKN/IGF1/TP53/PPARA/PDK2/FOXO1/FBP1/TKFC/TPI1/AKR1B1/FUT8/DLAT/SORD/KHK/PFKL/ALDOA/PDHA1/PRKACA/TNF/MAPK14/PGM2/PFKFB1/ACACB/PKM/GAPDH/FPGT/ZMPSTE24/ACADM/GLB1/PER2/PGK1/MAN2A2/PIK3CA/ADPGK/GALM/NNMT,42
GO:0019362,pyridine nucleotide metabolic process,37/404,180/18805,0.20555555555555555,9.568000550055006,17.114439822598392,8.831506808133768e-26,2.75660765837882e-23,1.5586834822776442e-23,NMNAT2/NADSYN1/PRKAG2/MTOR/STAT3/HIF1A/IGF1/TP53/PPARA/SARM1/FBP1/IFNG/TPI1/QPRT/PGD/PGLS/PFKL/ALDOA/DHTKD1/SHPK/TKT/PRKACA/RBKS/PFKFB1/ACACB/HAAO/KYNU/TALDO1/PKM/GAPDH/NADK2/NUDT13/OGDH/KMO/PGK1/ADPGK/NNMT,37
GO:0046496,nicotinamide nucleotide metabolic process,37/404,180/18805,0.20555555555555555,9.568000550055006,17.114439822598392,8.831506808133768e-26,2.75660765837882e-23,1.5586834822776442e-23,NMNAT2/NADSYN1/PRKAG2/MTOR/STAT3/HIF1A/IGF1/TP53/PPARA/SARM1/FBP1/IFNG/TPI1/QPRT/PGD/PGLS/PFKL/ALDOA/DHTKD1/SHPK/TKT/PRKACA/RBKS/PFKFB1/ACACB/HAAO/KYNU/TALDO1/PKM/GAPDH/NADK2/NUDT13/OGDH/KMO/PGK1/ADPGK/NNMT,37
GO:0009165,nucleotide biosynthetic process,41/404,234/18805,0.1752136752136752,8.15567614453753,16.320597400540763,1.2994767171949423e-25,3.8025937436917e-23,2.150121015621895e-23,NMNAT2/NADSYN1/PRKAG2/IL4/NME6/DTYMK/PPARA/ADSL/RRM2B/ADK/ADA/QPRT/CDA/CTPS1/UCKL1/HPRT1/IMPDH1/MTHFD1/TGFB1/ALDOA/UMPS/CMPK1/SHMT1/DHODH/DUT/HAAO/KYNU/NADK2/ATIC/GMPS/KMO/PPAT/FCSK/DCTD/GUK1/CMPK2/NNMT/NUDT2/GUCY1A2/AK3/COASY,41
GO:0006091,generation of precursor metabolites and energy,56/404,484/18805,0.11570247933884298,5.385606742492431,14.483478217071925,3.1844235845983176e-25,8.770277190052544e-23,4.959024963012242e-23,PPARGC1A/PRKAG2/POMC/MTOR/IL4/GNMT/STAT3/PTGES3/HIF1A/IGF1/HCCS/TP53/PPARA/FBP1/ADSL/COX10/IFNG/TPI1/PGD/PGLS/DLAT/GBA1/KHK/PFKL/ALDOA/DHTKD1/DLD/PDHA1/SHPK/TKT/CS/PRKACA/BID/TNF/OXCT1/RBKS/PGM2/PFKFB1/CEBPA/ACACB/AACS/GNPDA1/TALDO1/PKM/GAPDH/OGDH/ACOX1/ENPP1/ACADM/PER2/PGK1/GFPT1/PIK3CA/ADPGK/AGL/ACSS3,56
GO:0072522,purine-containing compound biosynthetic process,42/404,264/18805,0.1590909090909091,7.4052092709270925,15.529726283281532,1.6960907867264613e-24,4.411720590807384e-22,2.4945428822321937e-22,NMNAT2/NADSYN1/PRKAG2/IL4/NME6/ACSS2/PPARA/PDK2/ACSF3/ADSL/ADK/ADA/QPRT/HPRT1/IMPDH1/MTHFD1/ACACA/DLAT/TGFB1/ALDOA/DLD/PDHA1/SHMT1/PGM2/PPT1/ACACB/HAAO/KYNU/NADK2/ATIC/GMPS/KMO/PPAT/FASN/PGK1/GUK1/CBR4/NNMT/NUDT2/GUCY1A2/AK3/COASY,42
GO:0043604,amide biosynthetic process,35/404,176/18805,0.19886363636363635,9.256511588658865,16.306218162904873,6.281252977667639e-24,1.5478329706020993e-21,8.751995146168483e-22,SAMD8/B3GALT2/PEMT/ACSS2/PDK2/ACSF3/HAGH/UGT8/NANS/ACACA/NFE2L2/DLAT/B4GALT4/GBA1/DLD/PDHA1/CARNS1/B4GALT3/B4GALT6/B3GALT4/CEBPA/PPT1/ACACB/MECR/ST3GAL3/SGMS2/NANP/FASN/PGK1/UGCG/CBR4/ARG1/ST6GALNAC3/CHAC2/COASY,35
GO:0009259,ribonucleotide metabolic process,48/404,371/18805,0.1293800539083558,6.022257212244136,14.476754362889553,8.09195591850425e-24,1.894326880521845e-21,1.0711194281599048e-21,PRKAG2/MTOR/IL4/NME6/STAT3/HIF1A/IGF1/ITPA/PPARA/FBP1/ADSL/IFNG/ADK/ADA/TPI1/CDA/CTPS1/UCKL1/HPRT1/IMPDH1/MTHFD1/TGFB1/PFKL/ALDOA/DHTKD1/UMPS/CMPK1/PRKACA/DHODH/PFKFB1/PKM/GAPDH/ATIC/OGDH/GMPS/DPYD/PPAT/PDE10A/ENPP1/PGK1/UPB1/GUK1/PDE7B/ADPGK/NUDT2/GUCY1A2/AK3/COASY,48
GO:0019693,ribose phosphate metabolic process,48/404,379/18805,0.1266490765171504,5.895138326497558,14.264748901646165,2.07548517980429e-23,4.62734362468747e-21,2.616463773036486e-21,PRKAG2/MTOR/IL4/NME6/STAT3/HIF1A/IGF1/ITPA/PPARA/FBP1/ADSL/IFNG/ADK/ADA/TPI1/CDA/CTPS1/UCKL1/HPRT1/IMPDH1/MTHFD1/TGFB1/PFKL/ALDOA/DHTKD1/UMPS/CMPK1/PRKACA/DHODH/PFKFB1/PKM/GAPDH/ATIC/OGDH/GMPS/DPYD/PPAT/PDE10A/ENPP1/PGK1/UPB1/GUK1/PDE7B/ADPGK/NUDT2/GUCY1A2/AK3/COASY,48
GO:0006631,fatty acid metabolic process,49/404,413/18805,0.11864406779661017,5.522528947810036,13.77009679940745,1.2822360924963458e-22,2.728831538667223e-20,1.5429778816403395e-20,PPARGC1A/PRKAG2/SIRT2/MGLL/LPL/PTGES3/HPGDS/ACSS2/PPARA/PDK2/ACSF3/ALOX12/ALOX15/GPX4/ALOX5/PLA2G4B/CYP1B1/PPARG/AKR1B1/ECHS1/OXSM/HSD17B8/PCCA/ACACA/EDN1/ACADS/MCAT/MAPK14/LYPLA1/ACACB/MECR/AACS/PTGS2/ACOX1/CD74/IVD/HADH/EPHX1/ACADM/PER2/FASN/ECHDC1/PGK1/CPT2/CBR4/MIF/PTGS1/SGPL1/ALOX15B,49
GO:0009123,nucleoside monophosphate metabolic process,24/404,77/18805,0.3116883116883117,14.508165102224508,17.599126522707504,9.13950484947771e-22,1.8604852915328103e-19,1.0519841966332468e-19,DTYMK/ADSL/ADK/ADA/CDA/UCKL1/HPRT1/IMPDH1/UMPS/CMPK1/SHMT1/DHODH/DUT/ATIC/GMPS/DPYD/TYMP/PPAT/UPB1/DCTD/GUK1/CMPK2/NUDT2/AK3,24
GO:0070085,glycosylation,37/404,241/18805,0.15352697095435686,7.146224477219507,14.229061302055678,3.8481457344486416e-21,7.507090970286892e-19,4.2447747904115505e-19,B3GALT2/B4GALT1/ALG5/ALG6/ALG9/ALG2/ALG1/B4GAT1/LARGE2/DOLPP1/EXT1/NANS/FUT8/B4GALT4/GCNT2/ALG12/GBA1/POMGNT1/POMT1/B3GALNT1/B4GALT3/B4GALT6/B3GALT4/ST3GAL3/DPAGT1/ST6GAL1/NANP/GCNT1/ALG8/C1GALT1C1/PGM3/MAN2A2/B4GALT2/B3GNT5/GFPT1/ST6GALNAC3/ST8SIA5,37
GO:0009166,nucleotide catabolic process,31/404,162/18805,0.19135802469135801,8.907147659210365,14.976645413902027,8.550478580363175e-21,1.6013336285304155e-18,9.054506791416164e-19,PRKAG2/MTOR/STAT3/NUDT16/HIF1A/IGF1/ITPA/PPARA/SARM1/FBP1/IFNG/ADA/TPI1/HPRT1/PFKL/ALDOA/DHTKD1/PRKACA/DUT/PFKFB1/PKM/GAPDH/NUDT13/OGDH/DPYD/TYMP/PDE10A/PGK1/UPB1/PDE7B/ADPGK,31
GO:0009100,glycoprotein metabolic process,46/404,400/18805,0.115,5.3529084158415845,13.038772436421903,1.0192754185693198e-20,1.7790352430573685e-18,1.0059294580114845e-18,CTNNB1/B3GALT2/B4GALT1/ALG5/ALG6/HIF1A/ALG9/IGF1/ALG2/ALG1/BCL2/B4GAT1/LARGE2/DOLPP1/EXT1/EXTL2/FUT8/B4GALT4/GCNT2/CANT1/ALG12/POMGNT1/POMT1/SOAT1/B3GALNT1/B4GALT3/B4GALT6/HEXA/B3GALT4/ST3GAL3/CHST8/DPAGT1/ST6GAL1/GCNT1/ALG8/C1GALT1C1/GLB1/PGM3/MAN2A2/B4GALT2/B3GNT5/SGSH/IDUA/GFPT1/ST6GALNAC3/ST8SIA5,46
GO:0006790,sulfur compound metabolic process,42/404,329/18805,0.1276595744680851,5.942174004634506,13.400070873215933,1.0259280555862655e-20,1.7790352430573685e-18,1.0059294580114845e-18,CTNNB1/GNMT/HPGDS/ACSS2/STAT5A/PDK2/ACSF3/HAGH/GLO1/GSTO2/OXSM/EXT1/EXTL2/MTHFD1/ACACA/NFE2L2/DLAT/MCCC1/SP1/DLD/PDHA1/AHCYL1/PPT1/ACACB/MPST/ETHE1/CHST8/OGDH/PHGDH/CTH/SUOX/ENPP1/GLB1/FASN/PGK1/MAT2B/SGSH/IDUA/CBR4/MTR/CHAC2/COASY,42
GO:0016051,carbohydrate biosynthetic process,34/404,207/18805,0.1642512077294686,7.64540584493232,14.245203288678765,1.793960604659311e-20,2.954392330213802e-18,1.6705179321674754e-18,PPARGC1A/PRKAG2/NFKB1/B3GALT2/B4GALT1/GNMT/PTGES3/ATF4/IGF1/PPARA/PDK2/FOXO1/FBP1/TPI1/AKR1B1/PGD/EXT1/NANS/FUT8/TGFB1/SORD/PRKACA/B3GALNT1/PGM2/B3GALT4/PFKFB1/ST3GAL3/CHST8/ENPP1/ACADM/PER2/PGK1/AGL/NNMT,34
GO:0006006,glucose metabolic process,33/404,193/18805,0.17098445595854922,7.9588185502488065,14.3983503279378,1.8299311742033378e-20,2.954392330213802e-18,1.6705179321674754e-18,RORC/PPARGC1A/PRKAG2/GNMT/ATF4/PRKN/IGF1/TP53/PPARA/PDK2/FOXO1/FBP1/TPI1/DLAT/SORD/PFKL/PDHA1/PRKACA/TNF/MAPK14/PGM2/PFKFB1/ACACB/PKM/GAPDH/ZMPSTE24/ACADM/PER2/PGK1/PIK3CA/ADPGK/GALM/NNMT,33
GO:1901292,nucleoside phosphate catabolic process,32/404,184/18805,0.17391304347826086,8.095135600516572,14.330561346554799,4.144071976422563e-20,6.4675149978701465e-18,3.656961761650086e-18,PRKAG2/MTOR/STAT3/NUDT16/HIF1A/IGF1/ITPA/PPARA/SARM1/FBP1/IFNG/ADA/TPI1/HPRT1/PFKL/ALDOA/DHTKD1/PRKACA/DUT/PFKFB1/PKM/GAPDH/NUDT13/OGDH/DPYD/TYMP/PDE10A/ENPP1/PGK1/UPB1/PDE7B/ADPGK,32
GO:0009101,glycoprotein biosynthetic process,41/404,326/18805,0.12576687116564417,5.854074287796878,13.099993405507856,5.323928306252269e-20,8.04084913866875e-18,4.546580539974349e-18,CTNNB1/B3GALT2/B4GALT1/ALG5/ALG6/ALG9/IGF1/ALG2/ALG1/BCL2/B4GAT1/LARGE2/DOLPP1/EXT1/EXTL2/FUT8/B4GALT4/GCNT2/CANT1/ALG12/POMGNT1/POMT1/SOAT1/B3GALNT1/B4GALT3/B4GALT6/B3GALT4/ST3GAL3/CHST8/DPAGT1/ST6GAL1/GCNT1/ALG8/C1GALT1C1/PGM3/MAN2A2/B4GALT2/B3GNT5/GFPT1/ST6GALNAC3/ST8SIA5,41
GO:0006486,protein glycosylation,34/404,221/18805,0.15384615384615385,7.161081492764661,13.651443715696383,1.5320627717571593e-19,2.173672090111218e-17,1.2290710912182634e-17,B3GALT2/B4GALT1/ALG5/ALG6/ALG9/ALG2/ALG1/B4GAT1/LARGE2/DOLPP1/EXT1/FUT8/B4GALT4/GCNT2/ALG12/POMGNT1/POMT1/B3GALNT1/B4GALT3/B4GALT6/B3GALT4/ST3GAL3/DPAGT1/ST6GAL1/GCNT1/ALG8/C1GALT1C1/PGM3/MAN2A2/B4GALT2/B3GNT5/GFPT1/ST6GALNAC3/ST8SIA5,34
GO:0043413,macromolecule glycosylation,34/404,221/18805,0.15384615384615385,7.161081492764661,13.651443715696383,1.5320627717571593e-19,2.173672090111218e-17,1.2290710912182634e-17,B3GALT2/B4GALT1/ALG5/ALG6/ALG9/ALG2/ALG1/B4GAT1/LARGE2/DOLPP1/EXT1/FUT8/B4GALT4/GCNT2/ALG12/POMGNT1/POMT1/B3GALNT1/B4GALT3/B4GALT6/B3GALT4/ST3GAL3/DPAGT1/ST6GAL1/GCNT1/ALG8/C1GALT1C1/PGM3/MAN2A2/B4GALT2/B3GNT5/GFPT1/ST6GALNAC3/ST8SIA5,34
GO:0009141,nucleoside triphosphate metabolic process,37/404,277/18805,0.13357400722021662,6.2174732816241916,12.962266268423289,4.918219467882234e-19,6.772677514301359e-17,3.8295114432581484e-17,PRKAG2/MTOR/IL4/NME6/DTYMK/STAT3/NUDT16/HIF1A/IGF1/ITPA/PPARA/FBP1/RRM2B/IFNG/ADK/ADA/TPI1/CTPS1/UCKL1/IMPDH1/TGFB1/PFKL/ALDOA/DHTKD1/PRKACA/DUT/PFKFB1/PKM/GAPDH/OGDH/ENPP1/PGK1/GUK1/CMPK2/ADPGK/NUDT2/AK3,37
GO:0009132,nucleoside diphosphate metabolic process,27/404,134/18805,0.20149253731343283,9.37887911925521,14.422801481268216,7.134202149011107e-19,9.543524131905715e-17,5.396246136770808e-17,PRKAG2/MTOR/DTYMK/STAT3/HIF1A/IGF1/PPARA/FBP1/RRM2B/IFNG/TPI1/PFKL/ALDOA/DHTKD1/UMPS/CMPK1/PRKACA/DHODH/PFKFB1/PKM/GAPDH/OGDH/PGK1/GUK1/CMPK2/ADPGK/AK3,27
GO:0006520,amino acid metabolic process,37/404,283/18805,0.13074204946996468,6.085654060105657,12.77294917114532,1.0230192120705166e-18,1.3304933196983773e-16,7.523079878237864e-17,GNMT/ATF4/GLS2/ABAT/ECHS1/ACAD8/DCT/PCCA/ALDH6A1/MTHFD1/MCCC1/DLD/SHMT1/CARNS1/KYAT3/OAT/ALDH4A1/GLUL/HIBADH/MPST/NIT2/IL4I1/HAAO/KYNU/PHGDH/PSAT1/DPYD/CTH/KMO/IVD/DBT/SEPHS2/SCLY/UPB1/MTR/SLC25A21/ARG1,37
GO:0006643,membrane lipid metabolic process,33/404,221/18805,0.1493212669683258,6.950461448859818,13.184761416794627,1.3664889469083087e-18,1.729162499844514e-16,9.777296448006818e-17,SAMD8/B3GALT2/PEMT/GALC/PLPP1/SGPP2/UGT8/CYP1B1/KDSR/ACER3/B4GALT4/GBA1/B3GALNT1/B4GALT3/TNF/GLA/B4GALT6/HEXA/B3GALT4/PPT1/MECR/ST3GAL3/SGMS2/GLB1/NAGA/CEL/B3GNT5/UGCG/ST6GALNAC3/ST8SIA5/SGPL1/BAX/PGAP1,33
GO:0016052,carbohydrate catabolic process,30/404,179/18805,0.16759776536312848,7.801178162508988,13.547088221430409,1.8821861492277102e-18,2.3190514607063526e-16,1.3112737300021308e-16,PRKAG2/MTOR/STAT3/HIF1A/IGF1/TP53/PPARA/FBP1/IFNG/TKFC/TPI1/FUT8/SORD/PFKL/ALDOA/DHTKD1/PRKACA/RBKS/PGM2/PFKFB1/PKM/GAPDH/OGDH/GLB1/PGK1/NAGA/ADPGK/GALM/MGAM/AGL,30
GO:0006195,purine nucleotide catabolic process,27/404,139/18805,0.19424460431654678,9.041509366764016,14.099848058566515,1.93858330363918e-18,2.3272941096509336e-16,1.3159344152908337e-16,PRKAG2/MTOR/STAT3/NUDT16/HIF1A/IGF1/ITPA/PPARA/SARM1/FBP1/IFNG/ADA/TPI1/HPRT1/PFKL/ALDOA/DHTKD1/PRKACA/PFKFB1/PKM/GAPDH/NUDT13/OGDH/PDE10A/PGK1/PDE7B/ADPGK,27
GO:0009112,nucleobase metabolic process,16/404,34/18805,0.47058823529411764,21.90448456610367,18.07716443918604,2.374758481153622e-18,2.7796548021903145e-16,1.5717151526582527e-16,MTOR/MAPK1/ADK/ADA/CDA/CTPS1/HPRT1/ALDH6A1/UMPS/CMPK1/SHMT1/DHODH/GMPS/DPYD/TYMP/PPAT,16
GO:0046434,organophosphate catabolic process,34/404,242/18805,0.14049586776859505,6.539665330169381,12.851748559727378,2.8457348634806343e-18,3.2496903977600803e-16,1.837489905431013e-16,PRKAG2/MTOR/STAT3/NUDT16/HIF1A/IGF1/ITPA/PPARA/SARM1/FBP1/PLA2G4B/IFNG/ADA/TPI1/HPRT1/PFKL/ALDOA/DHTKD1/PRKACA/DUT/PFKFB1/PKM/GAPDH/NUDT13/OGDH/DPYD/TYMP/GDPD1/PDE10A/ENPP1/PGK1/UPB1/PDE7B/ADPGK,34
GO:0072523,purine-containing compound catabolic process,28/404,156/18805,0.1794871794871795,8.354595074892105,13.667477966502098,4.053223352806111e-18,4.518378985199575e-16,2.5548513113552304e-16,PRKAG2/MTOR/STAT3/NUDT16/HIF1A/IGF1/ITPA/PPARA/SARM1/FBP1/IFNG/ADA/TPI1/HPRT1/PFKL/ALDOA/DHTKD1/PRKACA/PFKFB1/PKM/GAPDH/NUDT13/OGDH/DPYD/PDE10A/PGK1/PDE7B/ADPGK,28
GO:0009150,purine ribonucleotide metabolic process,40/404,350/18805,0.11428571428571428,5.319660537482319,12.087088653559942,4.915746090301708e-18,5.35244725460293e-16,3.026463015204112e-16,PRKAG2/MTOR/IL4/NME6/STAT3/HIF1A/IGF1/ITPA/PPARA/FBP1/ADSL/IFNG/ADK/ADA/TPI1/HPRT1/IMPDH1/MTHFD1/TGFB1/PFKL/ALDOA/DHTKD1/PRKACA/PFKFB1/PKM/GAPDH/ATIC/OGDH/GMPS/PPAT/PDE10A/ENPP1/PGK1/GUK1/PDE7B/ADPGK/NUDT2/GUCY1A2/AK3/COASY,40
GO:0006665,sphingolipid metabolic process,29/404,173/18805,0.1676300578034682,7.802681279688663,13.318905230695064,7.05072657510232e-18,7.50261405105206e-16,4.24224338190965e-16,SAMD8/B3GALT2/PEMT/GALC/PLPP1/SGPP2/UGT8/KDSR/ACER3/B4GALT4/GBA1/B3GALNT1/B4GALT3/GLA/B4GALT6/HEXA/B3GALT4/PPT1/MECR/ST3GAL3/SGMS2/GLB1/CEL/B3GNT5/UGCG/ST6GALNAC3/ST8SIA5/SGPL1/BAX,29
GO:0009124,nucleoside monophosphate biosynthetic process,17/404,43/18805,0.3953488372093023,18.40231406861616,16.927653296685023,8.005887894072776e-18,8.329681582233053e-16,4.709896620723516e-16,ADSL/ADK/ADA/CDA/UCKL1/HPRT1/IMPDH1/UMPS/CMPK1/SHMT1/DHODH/DUT/ATIC/GMPS/PPAT/DCTD/NUDT2,17
GO:0009261,ribonucleotide catabolic process,26/404,136/18805,0.19117647058823528,8.898696854979615,13.698072604435595,1.276255336546578e-17,1.2990059751545823e-15,7.345039293855021e-16,PRKAG2/MTOR/STAT3/HIF1A/IGF1/ITPA/PPARA/FBP1/IFNG/ADA/TPI1/HPRT1/PFKL/ALDOA/DHTKD1/PRKACA/PFKFB1/PKM/GAPDH/OGDH/DPYD/PDE10A/PGK1/UPB1/PDE7B/ADPGK,26
GO:0009185,ribonucleoside diphosphate metabolic process,25/404,128/18805,0.1953125,9.091216738861386,13.610069762781224,3.1819067972444525e-17,3.169720771212453e-15,1.7922722497356774e-15,PRKAG2/MTOR/STAT3/HIF1A/IGF1/PPARA/FBP1/RRM2B/IFNG/TPI1/PFKL/ALDOA/DHTKD1/UMPS/CMPK1/PRKACA/DHODH/PFKFB1/PKM/GAPDH/OGDH/PGK1/GUK1/ADPGK/AK3,25
GO:0072330,monocarboxylic acid biosynthetic process,32/404,229/18805,0.13973799126637554,6.504388430109387,12.41783269858924,3.416405373588551e-17,3.3324187414878327e-15,1.8842674374068436e-15,PRKAG2/SIRT2/MGLL/LPL/PTGES3/HPGDS/ACSS2/ACSF3/ALOX12/ALOX15/GPX4/ALOX5/OXSM/HSD17B8/ACACA/EDN1/MCAT/ACACB/MECR/GAMT/GATM/PTGS2/CD74/KMO/HSD3B7/CYP7B1/PER2/FASN/CBR4/MIF/PTGS1/ALOX15B,32
GO:1901605,alpha-amino acid metabolic process,30/404,203/18805,0.1477832512315271,6.878871384675414,12.478352478733138,7.071349644390369e-17,6.756746741844022e-15,3.820503620975678e-15,GNMT/ATF4/GLS2/ACAD8/DCT/ALDH6A1/MTHFD1/MCCC1/SHMT1/CARNS1/KYAT3/OAT/ALDH4A1/GLUL/HIBADH/MPST/NIT2/IL4I1/HAAO/KYNU/PHGDH/PSAT1/CTH/KMO/IVD/SEPHS2/SCLY/MTR/SLC25A21/ARG1,30
GO:0006644,phospholipid metabolic process,40/404,383/18805,0.10443864229765012,4.8613085851666105,11.312552293238543,1.1733509811335414e-16,1.0987258587334482e-14,6.21258466852812e-15,SAMD8/DGKK/LPL/CEPT1/PEMT/LPCAT3/PLPP1/ALOX15/INPP5B/PIP4P2/MTM1/IDI1/FDPS/PCYT1A/GPX4/PLA2G4B/CDIPT/IMPA1/DOLPP1/PISD/PAFAH1B1/INPP5A/IPMK/INPP1/PTEN/PIP5K1C/INPP4A/PIK3C2A/SGMS2/PTDSS2/PIK3C3/GDPD1/LCAT/PLAAT3/PIK3CA/PIKFYVE/CRLS1/ALOX15B/PGAP1/AGPAT1,40
GO:0009063,amino acid catabolic process,23/404,111/18805,0.2072072072072072,9.644880028543394,13.535192351078567,1.5199742758181654e-16,1.3953959920354214e-14,7.890062546300693e-15,GLS2/ABAT/ECHS1/ACAD8/ALDH6A1/MCCC1/DLD/SHMT1/CARNS1/KYAT3/OAT/ALDH4A1/GLUL/HIBADH/IL4I1/HAAO/KYNU/KMO/IVD/DBT/SCLY/SLC25A21/ARG1,23
GO:0009161,ribonucleoside monophosphate metabolic process,18/404,59/18805,0.3050847457627119,14.200788722940091,15.04758034610602,1.887413079722942e-16,1.6993976998582334e-14,9.608995739885021e-15,ADSL/ADK/ADA/CDA/UCKL1/HPRT1/IMPDH1/UMPS/CMPK1/DHODH/ATIC/GMPS/DPYD/PPAT/UPB1/GUK1/NUDT2/AK3,18
GO:0072526,pyridine-containing compound catabolic process,22/404,104/18805,0.21153846153846154,9.846487052551408,13.40448681669479,4.40488113274737e-16,3.891255370476073e-14,2.2002534357218744e-14,PRKAG2/MTOR/STAT3/HIF1A/IGF1/PPARA/SARM1/FBP1/IFNG/TPI1/QPRT/PFKL/ALDOA/DHTKD1/PRKACA/PFKFB1/PKM/GAPDH/NUDT13/OGDH/PGK1/ADPGK,22
GO:0009154,purine ribonucleotide catabolic process,24/404,130/18805,0.18461538461538463,8.593297791317594,12.872618376332458,5.360673909632062e-16,4.647902823129133e-14,2.6280886710964202e-14,PRKAG2/MTOR/STAT3/HIF1A/IGF1/ITPA/PPARA/FBP1/IFNG/ADA/TPI1/HPRT1/PFKL/ALDOA/DHTKD1/PRKACA/PFKFB1/PKM/GAPDH/OGDH/PDE10A/PGK1/PDE7B/ADPGK,24
GO:0072527,pyrimidine-containing compound metabolic process,19/404,75/18805,0.25333333333333335,11.791914191419142,13.875713293804887,1.2787799304540767e-15,1.0885904789792704e-13,6.155275646109098e-14,MTOR/NME6/DTYMK/MAPK1/CDA/CTPS1/UCKL1/ALDH6A1/UMPS/CMPK1/SHMT1/DHODH/DUT/DPYD/TYMP/UPB1/DCTD/CMPK2/AK3,19
GO:0006164,purine nucleotide biosynthetic process,28/404,198/18805,0.1414141414141414,6.5824082408240825,11.700679962843822,2.508016577436037e-15,2.0968810027777726e-13,1.185650694032262e-13,NMNAT2/NADSYN1/PRKAG2/IL4/NME6/PPARA/ADSL/ADK/ADA/QPRT/HPRT1/IMPDH1/MTHFD1/TGFB1/ALDOA/HAAO/KYNU/NADK2/ATIC/GMPS/KMO/PPAT/GUK1/NNMT/NUDT2/GUCY1A2/AK3/COASY,28
GO:0019364,pyridine nucleotide catabolic process,21/404,101/18805,0.2079207920792079,9.678095284776003,12.957253199772142,3.0034330528147017e-15,2.467030447943585e-13,1.3949462839942705e-13,PRKAG2/MTOR/STAT3/HIF1A/IGF1/PPARA/SARM1/FBP1/IFNG/TPI1/PFKL/ALDOA/DHTKD1/PRKACA/PFKFB1/PKM/GAPDH/NUDT13/OGDH/PGK1/ADPGK,21
GO:0006090,pyruvate metabolic process,23/404,127/18805,0.18110236220472442,8.429777032821393,12.448228364086345,3.4155278544275293e-15,2.757155416280981e-13,1.5589932039719126e-13,PRKAG2/MTOR/STAT3/HIF1A/IGF1/PPARA/PDK2/FBP1/IFNG/TPI1/DLAT/PFKL/ALDOA/DHTKD1/DLD/PDHA1/PRKACA/PFKFB1/PKM/GAPDH/OGDH/PGK1/ADPGK,23
GO:0006633,fatty acid biosynthetic process,26/404,170/18805,0.15294117647058825,7.118957483983693,11.874963650521451,3.716511001468476e-15,2.949271950656848e-13,1.667622688437684e-13,PRKAG2/SIRT2/MGLL/LPL/PTGES3/HPGDS/ACSS2/ACSF3/ALOX12/ALOX15/GPX4/ALOX5/OXSM/HSD17B8/ACACA/EDN1/MCAT/ACACB/MECR/PTGS2/CD74/FASN/CBR4/MIF/PTGS1/ALOX15B,26
GO:0006687,glycosphingolipid metabolic process,18/404,70/18805,0.2571428571428571,11.969236209335218,13.623655434194726,5.4469787733434925e-15,4.216340522808739e-13,2.3840680804118754e-13,B3GALT2/GALC/UGT8/B4GALT4/GBA1/B3GALNT1/B4GALT3/GLA/B4GALT6/HEXA/B3GALT4/ST3GAL3/GLB1/B3GNT5/UGCG/ST6GALNAC3/ST8SIA5/BAX,18
GO:0009156,ribonucleoside monophosphate biosynthetic process,14/404,35/18805,0.4,18.61881188118812,15.45872229900662,5.493309950690583e-15,4.216340522808739e-13,2.3840680804118754e-13,ADSL/ADK/ADA/CDA/UCKL1/HPRT1/IMPDH1/UMPS/CMPK1/DHODH/ATIC/GMPS/PPAT/NUDT2,14
GO:0009260,ribonucleotide biosynthetic process,26/404,173/18805,0.15028901734104047,6.995507354203629,11.73854704894069,5.7291080445545556e-15,4.326400623323295e-13,2.4462999545084397e-13,PRKAG2/IL4/NME6/PPARA/ADSL/ADK/ADA/CDA/CTPS1/UCKL1/HPRT1/IMPDH1/MTHFD1/TGFB1/ALDOA/UMPS/CMPK1/DHODH/ATIC/GMPS/PPAT/GUK1/NUDT2/GUCY1A2/AK3/COASY,26
GO:0006066,alcohol metabolic process,37/404,368/18805,0.10054347826086957,4.680000269048644,10.563837769746247,5.871334335501391e-15,4.363426564891669e-13,2.4672357316267336e-13,NFKB1/IL4/ACSS2/ALDH2/LPCAT3/IGF1/GCH1/PLPP1/GNAI1/MAPK1/INPP5B/IDI1/FDPS/SGPP2/RDH13/RETSAT/CYP1B1/ACER3/TKFC/TPI1/AKR1B1/IMPA1/GBA1/SORD/INPP5A/IPMK/ITPK1/SOAT1/PRKACA/INPP4A/CEBPA/DPAGT1/CYP7B1/GDPD1/CEL/CBR4/LCAT,37
GO:0016042,lipid catabolic process,36/404,350/18805,0.10285714285714286,4.787694483734088,10.59856408165297,6.873718471371432e-15,5.028554669212663e-13,2.8433226900492027e-13,SIRT2/MGLL/LPL/PPARA/GALC/PLPP1/PLCD3/SGPP2/PLA2G4B/CYP1B1/ACER3/ECHS1/PCCA/GBA1/NCEH1/PAFAH1B1/ACADS/MCAT/TNF/OXCT1/GLA/HEXA/PPT1/ACACB/ACOX1/IVD/HADH/GDPD1/ACADM/GLB1/ECHDC1/NAGA/CPT2/CEL/PLAAT3/SGPL1,36
GO:0009410,response to xenobiotic stimulus,41/404,453/18805,0.09050772626931568,4.212865823006141,10.25640308473909,7.05022098992997e-15,5.078328411515711e-13,2.8714665246435424e-13,CCND1/CTNNB1/RORC/IL10/ALDH2/STAT1/TP53/FOS/GATA3/ACE/FBP1/ABAT/BCL2/GSTO2/CYP1B1/ADA/CTPS1/EHMT2/PRNP/NFE2L2/TGFB1/NCEH1/EDN1/UMPS/TNF/SMOX/AOC2/MYC/ACACB/PTGS2/CDKN1B/TXNRD2/CDK4/HADH/EPHX1/TPMT/TXN2/GUK1/VAV3/PRKCB/NNMT,41
GO:0009144,purine nucleoside triphosphate metabolic process,31/404,261/18805,0.11877394636015326,5.528574409165055,10.916291986250206,1.0966415726857545e-14,7.779508853507125e-13,4.3988094980935777e-13,PRKAG2/MTOR/IL4/NME6/STAT3/NUDT16/HIF1A/IGF1/ITPA/PPARA/FBP1/IFNG/ADK/ADA/TPI1/IMPDH1/TGFB1/PFKL/ALDOA/DHTKD1/PRKACA/PFKFB1/PKM/GAPDH/OGDH/ENPP1/PGK1/GUK1/ADPGK/NUDT2/AK3,31
GO:0030258,lipid modification,27/404,194/18805,0.13917525773195877,6.478194855568032,11.364454057949692,1.196474803684653e-14,8.361037359479919e-13,4.727626286358056e-13,PPARGC1A/PRKAG2/LPCAT3/PPARA/PLPP1/ALOX12/ALOX15/INPP5B/PIP4P2/MTM1/SGPP2/ALOX5/ECHS1/GBA1/ACADS/MCAT/INPP5A/PTEN/MAPK14/ACACB/ACOX1/IVD/HADH/ACADM/ECHDC1/CPT2/ALOX15B,27
GO:0046390,ribose phosphate biosynthetic process,26/404,180/18805,0.14444444444444443,6.723459845984597,11.432516669310068,1.5185877772134012e-14,1.041827705723334e-12,5.890862384258158e-13,PRKAG2/IL4/NME6/PPARA/ADSL/ADK/ADA/CDA/CTPS1/UCKL1/HPRT1/IMPDH1/MTHFD1/TGFB1/ALDOA/UMPS/CMPK1/DHODH/ATIC/GMPS/PPAT/GUK1/NUDT2/GUCY1A2/AK3/COASY,26
GO:0006220,pyrimidine nucleotide metabolic process,16/404,54/18805,0.2962962962962963,13.79171250458379,13.947887768515802,1.535371885837464e-14,1.041827705723334e-12,5.890862384258158e-13,NME6/DTYMK/CDA/CTPS1/UCKL1/UMPS/CMPK1/SHMT1/DHODH/DUT/DPYD/TYMP/UPB1/DCTD/CMPK2/AK3,16
GO:0006109,regulation of carbohydrate metabolic process,26/404,184/18805,0.14130434782608695,6.577297675419715,11.264873708654783,2.5961612612421266e-14,1.7364610035908052e-12,9.818564769960825e-13,RORC/PPARGC1A/PRKAG2/POMC/MTOR/NFKB1/GNMT/STAT3/PRKN/HIF1A/IGF1/TP53/PPARA/PDK2/FOXO1/FBP1/IFNG/TGFB1/KHK/PRKACA/PFKFB1/ACACB/ENPP1/ZMPSTE24/ACADM/NNMT,26
GO:0044272,sulfur compound biosynthetic process,25/404,169/18805,0.14792899408284024,6.885655281504482,11.388247964096134,2.8090762273189737e-14,1.8524077318742866e-12,1.0474168586667487e-12,CTNNB1/ACSS2/PDK2/ACSF3/HAGH/EXT1/EXTL2/MTHFD1/ACACA/NFE2L2/DLAT/SP1/DLD/PDHA1/PPT1/ACACB/MPST/CTH/FASN/PGK1/MAT2B/CBR4/MTR/CHAC2/COASY,25
GO:0006672,ceramide metabolic process,21/404,113/18805,0.18584070796460178,8.650332953649349,12.086116144966228,3.2307506965072676e-14,2.1008853834787537e-12,1.187914912531547e-12,SAMD8/B3GALT2/GALC/PLPP1/UGT8/ACER3/B4GALT4/GBA1/B4GALT3/GLA/B4GALT6/HEXA/B3GALT4/MECR/ST3GAL3/SGMS2/GLB1/CEL/UGCG/ST6GALNAC3/SGPL1,21
GO:0009135,purine nucleoside diphosphate metabolic process,21/404,117/18805,0.1794871794871795,8.354595074892105,11.824025996237893,6.664698520078771e-14,4.2167727663525416e-12,2.384312486201723e-12,PRKAG2/MTOR/STAT3/HIF1A/IGF1/PPARA/FBP1/IFNG/TPI1/PFKL/ALDOA/DHTKD1/PRKACA/PFKFB1/PKM/GAPDH/OGDH/PGK1/GUK1/ADPGK/AK3,21
GO:0009179,purine ribonucleoside diphosphate metabolic process,21/404,117/18805,0.1794871794871795,8.354595074892105,11.824025996237893,6.664698520078771e-14,4.2167727663525416e-12,2.384312486201723e-12,PRKAG2/MTOR/STAT3/HIF1A/IGF1/PPARA/FBP1/IFNG/TPI1/PFKL/ALDOA/DHTKD1/PRKACA/PFKFB1/PKM/GAPDH/OGDH/PGK1/GUK1/ADPGK/AK3,21
GO:0046031,ADP metabolic process,20/404,105/18805,0.19047619047619047,8.866100895803866,11.976459496457627,8.149429776764326e-14,5.087417361974744e-12,2.876605738745584e-12,PRKAG2/MTOR/STAT3/HIF1A/IGF1/PPARA/FBP1/IFNG/TPI1/PFKL/ALDOA/DHTKD1/PRKACA/PFKFB1/PKM/GAPDH/OGDH/PGK1/ADPGK/AK3,20
GO:0070661,leukocyte proliferation,34/404,344/18805,0.09883720930232558,4.60057851715404,9.986630631449762,1.281949390371424e-13,7.897482954893432e-12,4.465516228232869e-12,IL23R/CTNNB1/IL10/IL4/IL23A/CD274/IL2RA/IGF1/TP53/ACE/STAT6/MAPK1/PCYT1A/CEBPB/IL12A/BCL2/IL18/ADA/CTPS1/HPRT1/PRNP/IL12RB1/TGFB1/GBA1/BID/IL4I1/ST6GAL1/CD74/LEF1/VAV3/MIF/ARG1/PPP3CA/BAX,34
GO:0043434,response to peptide hormone,41/404,494/18805,0.08299595141700405,3.8632150158335676,9.555567777737288,1.303081923001935e-13,7.923415017526051e-12,4.480179133766052e-12,POMC/MTOR/NFKB1/IL10/STAT3/STAT5A/STAT1/PPARA/PDK2/FOS/ACE/GNAI1/STAT6/MAPK1/FOXO1/FBP1/SESN3/CYP1B1/PPARG/STAT4/NFE2L2/TGFB1/KHK/CTSK/SP1/EDN1/PRKACA/NR4A2/AHCYL1/MAPK14/PFKFB1/PIK3C2A/PTGS2/PKM/CDKN1B/GCNT1/HADH/ENPP1/PIK3CA/PPP3CA/PRKCB,41
GO:0006206,pyrimidine nucleobase metabolic process,10/404,16/18805,0.625,29.091893564356436,16.65651972853313,1.338942632568138e-13,8.037088981646182e-12,4.544454414182007e-12,MTOR/MAPK1/CDA/CTPS1/ALDH6A1/UMPS/CMPK1/DHODH/DPYD/TYMP,10
GO:0062012,regulation of small molecule metabolic process,34/404,347/18805,0.09798270893371758,4.560804063115245,9.920089366014407,1.6488750668379733e-13,9.743789986322832e-12,5.509483535061922e-12,RORC/PPARGC1A/PRKAG2/SIRT2/MTOR/NFKB1/IL4/GNMT/STAT3/PRKN/LPCAT3/HIF1A/IGF1/TP53/PPARA/PDK2/GNAI1/MAPK1/FOXO1/FBP1/IFNG/PPARG/CDA/PRKACA/TNF/AMDHD2/PFKFB1/ACACB/PTGS2/CD74/ZMPSTE24/ACADM/PGK1/NNMT,34
GO:0008654,phospholipid biosynthetic process,29/404,251/18805,0.11553784860557768,5.37794367086111,10.346258979825135,1.6648936328616544e-13,9.743789986322832e-12,5.509483535061922e-12,SAMD8/DGKK/CEPT1/PEMT/LPCAT3/ALOX15/MTM1/IDI1/FDPS/PCYT1A/CDIPT/IMPA1/DOLPP1/PISD/INPP1/PTEN/PIP5K1C/INPP4A/PIK3C2A/SGMS2/PTDSS2/PIK3C3/LCAT/PLAAT3/PIK3CA/PIKFYVE/CRLS1/PGAP1/AGPAT1,29
GO:0006096,glycolytic process,19/404,97/18805,0.1958762886597938,9.117459426355007,11.876470770358662,2.020047844726426e-13,1.1676375319764355e-11,6.602235645857001e-12,PRKAG2/MTOR/STAT3/HIF1A/IGF1/PPARA/FBP1/IFNG/TPI1/PFKL/ALDOA/DHTKD1/PRKACA/PFKFB1/PKM/GAPDH/OGDH/PGK1/ADPGK,19
GO:1901657,glycosyl compound metabolic process,18/404,85/18805,0.21176470588235294,9.85701805474665,12.12660305257493,2.1099010067285307e-13,1.2047020138418268e-11,6.8118113375125234e-12,GNMT/DTYMK/ADK/ADA/AKR1B1/CDA/UCKL1/HPRT1/GBA1/GLA/PGM2/DPYD/TYMP/NAGA/UPB1/DCTD/CBR4/NNMT,18
GO:0009129,pyrimidine nucleoside monophosphate metabolic process,11/404,22/18805,0.5,23.27351485148515,15.488619405658538,2.2431138061367828e-13,1.2653323904014961e-11,7.1546369339683065e-12,CDA/UCKL1/UMPS/CMPK1/SHMT1/DHODH/DUT/DPYD/TYMP/UPB1/DCTD,11
GO:1901606,alpha-amino acid catabolic process,19/404,98/18805,0.19387755102040816,9.024424126086078,11.801030447192277,2.457105857998285e-13,1.3695440032319014e-11,7.743886256723918e-12,GLS2/ACAD8/ALDH6A1/MCCC1/SHMT1/CARNS1/KYAT3/OAT/ALDH4A1/GLUL/HIBADH/IL4I1/HAAO/KYNU/KMO/IVD/SCLY/SLC25A21/ARG1,19
GO:0046032,ADP catabolic process,19/404,99/18805,0.1919191919191919,8.933268326832682,11.726660907551624,2.981483188729045e-13,1.6422710928975753e-11,9.285981696165384e-12,PRKAG2/MTOR/STAT3/HIF1A/IGF1/PPARA/FBP1/IFNG/TPI1/PFKL/ALDOA/DHTKD1/PRKACA/PFKFB1/PKM/GAPDH/OGDH/PGK1/ADPGK,19
GO:0046112,nucleobase biosynthetic process,10/404,17/18805,0.5882352941176471,27.380605707629588,16.123675123540107,3.18979142131659e-13,1.736581794721427e-11,9.819247765742011e-12,MTOR/ADA/CTPS1/HPRT1/UMPS/CMPK1/SHMT1/DHODH/GMPS/PPAT,10
GO:0006664,glycolipid metabolic process,20/404,113/18805,0.17699115044247787,8.238412336808903,11.435357485466982,3.498775578451432e-13,1.8829042825643224e-11,1.0646606872117791e-11,B3GALT2/GALC/UGT8/B4GALT4/GBA1/B3GALNT1/B4GALT3/GLA/B4GALT6/HEXA/B3GALT4/ST3GAL3/GLB1/NAGA/B3GNT5/UGCG/ST6GALNAC3/ST8SIA5/BAX/PGAP1,20
GO:1903509,liposaccharide metabolic process,20/404,114/18805,0.17543859649122806,8.166145561924614,11.371476902727066,4.160575653521939e-13,2.2136153647488316e-11,1.251656431651636e-11,B3GALT2/GALC/UGT8/B4GALT4/GBA1/B3GALNT1/B4GALT3/GLA/B4GALT6/HEXA/B3GALT4/ST3GAL3/GLB1/NAGA/B3GNT5/UGCG/ST6GALNAC3/ST8SIA5/BAX/PGAP1,20
GO:0009199,ribonucleoside triphosphate metabolic process,29/404,261/18805,0.1111111111111111,5.171892189218922,10.056496627393823,4.5430774423611827e-13,2.383335737917002e-11,1.347622334328843e-11,PRKAG2/MTOR/IL4/NME6/STAT3/HIF1A/IGF1/ITPA/PPARA/FBP1/IFNG/TPI1/CTPS1/UCKL1/IMPDH1/TGFB1/PFKL/ALDOA/DHTKD1/PRKACA/PFKFB1/PKM/GAPDH/OGDH/ENPP1/PGK1/ADPGK/NUDT2/AK3,29
GO:0009225,nucleotide-sugar metabolic process,14/404,46/18805,0.30434782608695654,14.166487300904004,13.247657450804741,4.581380102787915e-13,2.383335737917002e-11,1.347622334328843e-11,EXTL2/NANS/FUT8/AMDHD2/NAGK/GNPDA1/DPAGT1/NANP/FPGT/FCSK/PGM3/GNPNAT1/GUK1/GFPT1,14
GO:0009137,purine nucleoside diphosphate catabolic process,19/404,102/18805,0.18627450980392157,8.670525140749369,11.5097167997378,5.2525138199966e-13,2.6730727940460956e-11,1.511449915021905e-11,PRKAG2/MTOR/STAT3/HIF1A/IGF1/PPARA/FBP1/IFNG/TPI1/PFKL/ALDOA/DHTKD1/PRKACA/PFKFB1/PKM/GAPDH/OGDH/PGK1/ADPGK,19
GO:0009181,purine ribonucleoside diphosphate catabolic process,19/404,102/18805,0.18627450980392157,8.670525140749369,11.5097167997378,5.2525138199966e-13,2.6730727940460956e-11,1.511449915021905e-11,PRKAG2/MTOR/STAT3/HIF1A/IGF1/PPARA/FBP1/IFNG/TPI1/PFKL/ALDOA/DHTKD1/PRKACA/PFKFB1/PKM/GAPDH/OGDH/PGK1/ADPGK,19
GO:0006650,glycerophospholipid metabolic process,31/404,302/18805,0.10264900662251655,4.778006360238672,9.80709027274477,5.877335040805597e-13,2.958890608715248e-11,1.6730614179542814e-11,DGKK/CEPT1/PEMT/LPCAT3/ALOX15/INPP5B/PIP4P2/MTM1/PCYT1A/PLA2G4B/CDIPT/IMPA1/PISD/PAFAH1B1/INPP5A/IPMK/INPP1/PTEN/PIP5K1C/INPP4A/PIK3C2A/PTDSS2/PIK3C3/GDPD1/LCAT/PLAAT3/PIK3CA/PIKFYVE/CRLS1/PGAP1/AGPAT1,31
GO:0009191,ribonucleoside diphosphate catabolic process,19/404,105/18805,0.18095238095238095,8.422795851013673,11.301509481980027,9.070291875318959e-13,4.5177772936429115e-11,2.5545110936648583e-11,PRKAG2/MTOR/STAT3/HIF1A/IGF1/PPARA/FBP1/IFNG/TPI1/PFKL/ALDOA/DHTKD1/PRKACA/PFKFB1/PKM/GAPDH/OGDH/PGK1/ADPGK,19
GO:0002573,myeloid leukocyte differentiation,28/404,250/18805,0.112,5.213267326732673,9.93696205880047,9.555290466932192e-13,4.709249470123844e-11,2.6627762353833205e-11,IL23R/CTNNB1/IRF4/MTOR/IL4/IL23A/RUNX1/STAT5A/FOS/GATA3/GLO1/CEBPB/IFNG/PPARG/MITF/TGFB1/GBA1/PAFAH1B1/TNF/MAPK14/CEBPA/MYC/SPI1/CD74/FASN/LEF1/VEGFA/PPP3CA,28
GO:0032943,mononuclear cell proliferation,31/404,308/18805,0.10064935064935066,4.684928314259998,9.661595360235543,9.930217979909534e-13,4.843050060618379e-11,2.738431822310579e-11,IL23R/CTNNB1/IL10/IL4/IL23A/CD274/IL2RA/IGF1/TP53/ACE/PCYT1A/CEBPB/IL12A/BCL2/IL18/ADA/CTPS1/HPRT1/PRNP/IL12RB1/TGFB1/BID/IL4I1/ST6GAL1/CD74/LEF1/VAV3/MIF/ARG1/PPP3CA/BAX,31
GO:0046364,monosaccharide biosynthetic process,18/404,94/18805,0.19148936170212766,8.913261006951759,11.396356046697996,1.320004969142127e-12,6.371405428374679e-11,3.6026180112777536e-11,PPARGC1A/PRKAG2/GNMT/ATF4/PPARA/PDK2/FOXO1/FBP1/TPI1/AKR1B1/PGD/SORD/PRKACA/PFKFB1/ACADM/PER2/PGK1/NNMT,18
GO:0009134,nucleoside diphosphate catabolic process,19/404,108/18805,0.17592592592592593,8.188829299596627,11.101436425102897,1.5372135979417999e-12,7.34411639343215e-11,4.152623199595732e-11,PRKAG2/MTOR/STAT3/HIF1A/IGF1/PPARA/FBP1/IFNG/TPI1/PFKL/ALDOA/DHTKD1/PRKACA/PFKFB1/PKM/GAPDH/OGDH/PGK1/ADPGK,19
GO:0006575,modified amino acid metabolic process,24/404,184/18805,0.13043478260869565,6.07135170038743,10.242977829354777,1.5537117788542911e-12,7.347958129894739e-11,4.154795453289253e-11,GNMT/HPGDS/LPCAT3/GCH1/GATA3/HAGH/GLO1/GSTO2/MTHFD2/MTHFD1/NFE2L2/CTSK/SHMT1/ALDH4A1/ETHE1/GAMT/GATM/PTDSS2/ATIC/ACADM/MTHFD1L/CPT2/MTR/CHAC2,24
GO:0006040,amino sugar metabolic process,13/404,42/18805,0.30952380952380953,14.407413955681283,12.888833562623843,2.4877689918874337e-12,1.1532410316848479e-10,6.520832740590825e-11,EXTL2/NPL/NANS/AMDHD2/NAGK/RENBP/GNPDA1/DPAGT1/ST6GAL1/NANP/PGM3/GNPNAT1/GFPT1,13
GO:0009394,2'-deoxyribonucleotide metabolic process,13/404,42/18805,0.30952380952380953,14.407413955681283,12.888833562623843,2.4877689918874337e-12,1.1532410316848479e-10,6.520832740590825e-11,DTYMK/NUDT16/RRM2B/ADK/ADA/SHMT1/DUT/DPYD/TYMP/UPB1/DCTD/GUK1/CMPK2,13
GO:0006221,pyrimidine nucleotide biosynthetic process,12/404,34/18805,0.35294117647058826,16.428363424577753,13.341685692927808,2.9419008839220762e-12,1.3503901900512903e-10,7.6355838215315e-11,NME6/DTYMK/CDA/CTPS1/UCKL1/UMPS/CMPK1/SHMT1/DHODH/DUT/DCTD/CMPK2,12
GO:0006979,response to oxidative stress,35/404,408/18805,0.0857843137254902,3.9930049990293144,9.056473292667695,3.4621389097340278e-12,1.559337456920715e-10,8.817045581410551e-11,PPARGC1A/SIRT2/KLF2/DGKK/MAPK8/ATF4/PRKN/HIF1A/STAT1/HMOX1/GCH1/TP53/PDK2/FOS/STAT6/FOXO1/RRM2B/SESN3/GPX4/BCL2/ALOX5/CYP1B1/PRNP/FUT8/NFE2L2/SP1/EDN1/NR4A2/PML/PTGS2/TXNRD2/TXN2/EPAS1/PTGS1/NUDT2,35
GO:0009262,deoxyribonucleotide metabolic process,13/404,43/18805,0.3023255813953488,14.072357817177066,12.71579975093394,3.497019072547524e-12,1.559337456920715e-10,8.817045581410551e-11,DTYMK/NUDT16/RRM2B/ADK/ADA/SHMT1/DUT/DPYD/TYMP/UPB1/DCTD/GUK1/CMPK2,13
GO:0019692,deoxyribose phosphate metabolic process,13/404,43/18805,0.3023255813953488,14.072357817177066,12.71579975093394,3.497019072547524e-12,1.559337456920715e-10,8.817045581410551e-11,DTYMK/NUDT16/RRM2B/ADK/ADA/SHMT1/DUT/DPYD/TYMP/UPB1/DCTD/GUK1/CMPK2,13
GO:0006576,biogenic amine metabolic process,18/404,100/18805,0.18,8.378465346534654,10.961810166360731,3.994097504334853e-12,1.747697618251942e-10,9.882100564094594e-11,AMD1/PRKN/ALDH2/GCH1/GATA3/ABAT/HPRT1/NR4A2/SMOX/AOC2/IL4I1/HAAO/KYNU/KMO/GDPD1/EPAS1/ITGAM/AOC1,18
GO:0043648,dicarboxylic acid metabolic process,18/404,100/18805,0.18,8.378465346534654,10.961810166360731,3.994097504334853e-12,1.747697618251942e-10,9.882100564094594e-11,ACSF3/GLS2/QPRT/MTHFD2/MTHFD1/DLD/SHMT1/KYAT3/OAT/ALDH4A1/GLUL/NIT2/HAAO/KYNU/ATIC/OGDH/KMO/MTHFD1L,18
GO:0030148,sphingolipid biosynthetic process,19/404,114/18805,0.16666666666666666,7.757838283828383,10.723561403109493,4.1923403625414775e-12,1.8174571830943704e-10,1.027654582045986e-10,SAMD8/B3GALT2/PEMT/UGT8/KDSR/ACER3/B4GALT4/GBA1/B3GALNT1/B4GALT3/B4GALT6/B3GALT4/MECR/ST3GAL3/SGMS2/B3GNT5/UGCG/ST6GALNAC3/ST8SIA5,19
GO:0072528,pyrimidine-containing compound biosynthetic process,13/404,44/18805,0.29545454545454547,13.752531503150317,12.548443013092083,4.867772120003852e-12,2.0909090886108287e-10,1.1822739625118e-10,MTOR/NME6/DTYMK/CDA/CTPS1/UCKL1/UMPS/CMPK1/SHMT1/DHODH/DUT/DCTD/CMPK2,13
GO:0009205,purine ribonucleoside triphosphate metabolic process,27/404,254/18805,0.1062992125984252,4.947912606221252,9.386329959910755,8.474719871629487e-12,3.607148948997205e-10,2.0396096150381016e-10,PRKAG2/MTOR/IL4/NME6/STAT3/HIF1A/IGF1/ITPA/PPARA/FBP1/IFNG/TPI1/IMPDH1/TGFB1/PFKL/ALDOA/DHTKD1/PRKACA/PFKFB1/PKM/GAPDH/OGDH/ENPP1/PGK1/ADPGK/NUDT2/AK3,27
GO:0035710,"CD4-positive, alpha-beta T cell activation",20/404,134/18805,0.14925373134328357,6.947317866114969,10.2372863611142,9.404886258655685e-12,3.9669979696419744e-10,2.2430809806087292e-10,IL23R/RORC/IRF4/MTOR/IL23A/RUNX1/STAT3/CD274/STAT5A/IL2RA/GATA3/STAT6/CEBPB/IFNG/IL18/STAT4/TBX21/IL4R/IL12RB1/LEF1,20
GO:0019319,hexose biosynthetic process,17/404,92/18805,0.18478260869565216,8.601081575548859,10.82910811140431,1.0239440786963677e-11,4.280451943264638e-10,2.420318945414817e-10,PPARGC1A/PRKAG2/GNMT/ATF4/PPARA/PDK2/FOXO1/FBP1/TPI1/AKR1B1/SORD/PRKACA/PFKFB1/ACADM/PER2/PGK1/NNMT,17
GO:0170033,L-amino acid metabolic process,22/404,167/18805,0.1317365269461078,6.131944032726627,9.870418899736242,1.1003784615155645e-11,4.5592672184211263e-10,2.577970964798924e-10,GNMT/ATF4/GLS2/DCT/MTHFD1/MCCC1/SHMT1/CARNS1/KYAT3/OAT/ALDH4A1/GLUL/NIT2/IL4I1/HAAO/KYNU/PHGDH/PSAT1/KMO/IVD/MTR/ARG1,22
GO:0046651,lymphocyte proliferation,29/404,300/18805,0.09666666666666666,4.4995462046204615,9.0536334132269,1.49025056651835e-11,6.120485221437645e-10,3.460738850224977e-10,IL23R/CTNNB1/IL10/IL4/IL23A/CD274/IL2RA/IGF1/TP53/PCYT1A/CEBPB/IL12A/BCL2/IL18/ADA/CTPS1/HPRT1/PRNP/IL12RB1/TGFB1/BID/IL4I1/CD74/LEF1/VAV3/MIF/ARG1/PPP3CA/BAX,29
GO:0030099,myeloid cell differentiation,36/404,455/18805,0.07912087912087912,3.6828419105646826,8.583765355751536,1.744191726916568e-11,7.101135361237715e-10,4.0152331287827636e-10,IL23R/CTNNB1/IRF4/MTOR/KLF2/IL4/IL23A/RUNX1/STAT3/HIF1A/STAT5A/STAT1/FOS/GATA3/GLO1/CEBPB/IFNG/PPARG/MITF/TGFB1/GBA1/JAG1/PAFAH1B1/TNF/MAPK14/PML/CEBPA/MYC/SPI1/CSF3R/CD74/FASN/EPAS1/LEF1/VEGFA/PPP3CA,36
GO:0007159,leukocyte cell-cell adhesion,35/404,433/18805,0.08083140877598152,3.762461985228546,8.617020601945628,1.861208247610861e-11,7.512221564925907e-10,4.2476758101100873e-10,IL23R/MTOR/IL10/IL4/IL23A/RUNX1/CD274/STAT5A/IL2RA/IGF1/PPARA/GATA3/S100A8/CEBPB/IL12A/ALOX5/IFNG/IL18/ADA/TBX21/EXT1/PRNP/IL4R/IL12RB1/TGFB1/ICAM1/TNF/IL4I1/CTSG/CD74/GCNT1/LEF1/ARG1/PIK3CA/PPP3CA,35
GO:0006054,N-acetylneuraminate metabolic process,8/404,12/18805,0.6666666666666666,31.03135313531353,15.419225438020488,1.9453534552214677e-11,7.784739211407617e-10,4.4017669274691783e-10,NPL/NANS/AMDHD2/NAGK/RENBP/GNPDA1/ST6GAL1/NANP,8
GO:1903706,regulation of hemopoiesis,35/404,436/18805,0.08027522935779817,3.7365734853301844,8.566485684508967,2.257390128612333e-11,8.956864900138088e-10,5.064528254647652e-10,IL23R/CTNNB1/IRF4/MTOR/IL10/IL4/IL23A/RUNX1/STAT3/HIF1A/STAT5A/IL2RA/STAT1/FOS/GATA3/CEBPB/IFNG/IL18/ADA/MITF/TBX21/IL4R/IL12RB1/TGFB1/JAG1/TNF/MAPK14/CEBPA/MYC/IL4I1/SPI1/CSF3R/CD74/LEF1/PPP3CA,35
GO:0009308,amine metabolic process,18/404,111/18805,0.16216216216216217,7.548166978860048,10.252392087942656,2.4980998538796075e-11,9.828658416692708e-10,5.557471147728628e-10,AMD1/PRKN/ALDH2/GCH1/GATA3/ABAT/HPRT1/NR4A2/SMOX/AOC2/IL4I1/HAAO/KYNU/KMO/GDPD1/EPAS1/ITGAM/AOC1,18
GO:0006688,glycosphingolipid biosynthetic process,12/404,40/18805,0.3,13.964108910891088,12.16167723603007,2.6678538558647837e-11,1.0409076460965764e-9,5.885660041666608e-10,B3GALT2/UGT8/B4GALT4/B3GALNT1/B4GALT3/B4GALT6/B3GALT4/ST3GAL3/B3GNT5/UGCG/ST6GALNAC3/ST8SIA5,12
GO:0046486,glycerolipid metabolic process,33/404,395/18805,0.08354430379746836,3.8887391903747335,8.59755728291143,3.0012694088112054e-11,1.1613176340540549e-9,6.566500707403377e-10,DGKK/MGLL/LPL/CEPT1/PEMT/LPCAT3/ALOX15/INPP5B/PIP4P2/MTM1/PCYT1A/PLA2G4B/CDIPT/IMPA1/PISD/PAFAH1B1/INPP5A/IPMK/INPP1/PTEN/PIP5K1C/INPP4A/PIK3C2A/PTDSS2/PIK3C3/GDPD1/LCAT/PLAAT3/PIK3CA/PIKFYVE/CRLS1/PGAP1/AGPAT1,33
GO:0034440,lipid oxidation,18/404,114/18805,0.15789473684210525,7.3495310057321515,10.07564590349192,3.963718127417747e-11,1.5211580551286796e-9,8.601165738098046e-10,PPARGC1A/PRKAG2/PPARA/ALOX12/ALOX15/ALOX5/ECHS1/ACADS/MCAT/MAPK14/ACACB/ACOX1/IVD/HADH/ACADM/ECHDC1/CPT2/ALOX15B,18
GO:0033559,unsaturated fatty acid metabolic process,18/404,115/18805,0.1565217391304348,7.285622040464917,10.018152159302849,4.607874040814237e-11,1.7539891267554681e-9,9.917674978731545e-10,MGLL/PTGES3/HPGDS/ALOX12/ALOX15/GPX4/ALOX5/PLA2G4B/CYP1B1/AKR1B1/EDN1/PTGS2/ACOX1/CD74/EPHX1/MIF/PTGS1/ALOX15B,18
GO:0070482,response to oxygen levels,31/404,358/18805,0.08659217877094973,4.030608717296311,8.578346781374275,4.945676222233193e-11,1.8590443333142092e-9,1.0511694278839983e-9,SIRT2/MTOR/ATF4/HIF1A/TP53/BNIP3L/PPARA/FOS/ACE/FOXO1/ADSL/ABAT/BCL2/PPARG/ADA/PLOD1/NFE2L2/TGFB1/EDN1/NR4A2/TNF/PML/MYC/PTGS2/CDKN1B/TXNRD2/TXN2/EPAS1/PGK1/VEGFA/GUCY1A2,31
GO:0046349,amino sugar biosynthetic process,8/404,13/18805,0.6153846153846154,28.644325971058645,14.77359777506732,4.9632751316590376e-11,1.8590443333142092e-9,1.0511694278839983e-9,NANS/AMDHD2/NAGK/GNPDA1/NANP/PGM3/GNPNAT1/GFPT1,8
GO:0046466,membrane lipid catabolic process,13/404,52/18805,0.25,11.636757425742575,11.380743657442272,5.095238400142127e-11,1.8888080142760252e-9,1.067998865960162e-9,GALC/PLPP1/SGPP2/CYP1B1/ACER3/GBA1/GLA/HEXA/PPT1/GLB1/NAGA/CEL/SGPL1,13
GO:0170041,non-proteinogenic amino acid metabolic process,14/404,63/18805,0.2222222222222222,10.343784378437844,11.00728488987574,5.123421995152823e-11,1.8888080142760252e-9,1.067998865960162e-9,GNMT/ABAT/MTHFD1/KYAT3/ALDH4A1/MPST/KYNU/PHGDH/DPYD/CTH/KMO/UPB1/MTR/ARG1,14
GO:0002294,"CD4-positive, alpha-beta T cell differentiation involved in immune response",16/404,88/18805,0.18181818181818182,8.463096309630963,10.397701685472734,5.410995509037542e-11,1.9792407010401384e-9,1.1191327060221562e-9,IL23R/RORC/IRF4/MTOR/IL23A/STAT3/STAT5A/GATA3/STAT6/IFNG/IL18/STAT4/TBX21/IL4R/IL12RB1/LEF1,16
GO:0048732,gland development,35/404,451/18805,0.07760532150776053,3.6122972053302895,8.32033062533267,5.7695535816809796e-11,2.0940348735992515e-9,1.1840413919157623e-9,SMAD2/CCND1/CTNNB1/NFKB1/IL10/HIF1A/STAT5A/GATA3/STAT6/MAPK1/CEBPB/BCL2/CYP1B1/ADA/EXT1/TGFB1/EDN1/UMPS/TNF/PML/CEBPA/MPST/GLI1/CDKN1B/CYP7B1/ZMPSTE24/ACADM/FASN/TGFA/UPB1/LEF1/PIK3CA/VEGFA/BAX/ALOX15B,35
GO:0002287,alpha-beta T cell activation involved in immune response,16/404,89/18805,0.1797752808988764,8.368005339859828,10.323655605213558,6.468974980362038e-11,2.312041286874432e-9,1.3073099297396968e-9,IL23R/RORC/IRF4/MTOR/IL23A/STAT3/STAT5A/GATA3/STAT6/IFNG/IL18/STAT4/TBX21/IL4R/IL12RB1/LEF1,16
GO:0002293,alpha-beta T cell differentiation involved in immune response,16/404,89/18805,0.1797752808988764,8.368005339859828,10.323655605213558,6.468974980362038e-11,2.312041286874432e-9,1.3073099297396968e-9,IL23R/RORC/IRF4/MTOR/IL23A/STAT3/STAT5A/GATA3/STAT6/IFNG/IL18/STAT4/TBX21/IL4R/IL12RB1/LEF1,16
GO:0009168,purine ribonucleoside monophosphate biosynthetic process,9/404,19/18805,0.47368421052631576,22.048593017196456,13.60121806373976,6.815957714034773e-11,2.4175995467508187e-9,1.3669963038913442e-9,ADSL/ADK/ADA/HPRT1/IMPDH1/ATIC/GMPS/PPAT/NUDT2,9
GO:0046631,alpha-beta T cell activation,23/404,201/18805,0.11442786069651742,5.326277030688144,9.137013787128014,6.926902588729587e-11,2.43847803913022e-9,1.3788017420383785e-9,IL23R/RORC/IRF4/MTOR/IL23A/RUNX1/STAT3/CD274/STAT5A/IL2RA/GATA3/STAT6/CEBPB/IL12A/BCL2/IFNG/IL18/ADA/STAT4/TBX21/IL4R/IL12RB1/LEF1,23
GO:0170039,proteinogenic amino acid metabolic process,21/404,167/18805,0.12574850299401197,5.853219303966325,9.334339431013383,7.969151067209373e-11,2.784445171393603e-9,1.5744237968602966e-9,GNMT/ATF4/GLS2/DCT/MTHFD1/MCCC1/SHMT1/CARNS1/OAT/ALDH4A1/GLUL/NIT2/IL4I1/HAAO/KYNU/PHGDH/PSAT1/KMO/IVD/MTR/ARG1,21
GO:0046474,glycerophospholipid biosynthetic process,23/404,203/18805,0.11330049261083744,5.273801394917816,9.071469120570045,8.475701182008127e-11,2.9394987358638556e-9,1.6620965670760579e-9,DGKK/CEPT1/PEMT/LPCAT3/ALOX15/MTM1/PCYT1A/CDIPT/IMPA1/PISD/INPP1/PTEN/PIP5K1C/INPP4A/PIK3C2A/PTDSS2/PIK3C3/LCAT/PIK3CA/PIKFYVE/CRLS1/PGAP1/AGPAT1,23
GO:0046467,membrane lipid biosynthetic process,20/404,153/18805,0.13071895424836602,6.0845790461399085,9.356924097617053,1.1145125389317532e-10,3.8368733141753446e-9,2.1695038973787614e-9,SAMD8/B3GALT2/PEMT/UGT8/KDSR/ACER3/B4GALT4/GBA1/B3GALNT1/B4GALT3/B4GALT6/B3GALT4/MECR/ST3GAL3/SGMS2/B3GNT5/UGCG/ST6GALNAC3/ST8SIA5/PGAP1,20
GO:0006177,GMP biosynthetic process,8/404,14/18805,0.5714285714285714,26.598302687411596,14.196959152812674,1.1364313987525881e-10,3.8837750430362176e-9,2.1960237939783017e-9,ADSL/ADK/ADA/HPRT1/IMPDH1/ATIC/GMPS/PPAT,8
GO:0006098,pentose-phosphate shunt,9/404,20/18805,0.45,20.946163366336634,13.22403107261168,1.2158610485078063e-10,4.125116977618514e-9,2.3324870610199338e-9,MTOR/TP53/PGD/PGLS/SHPK/TKT/RBKS/ACACB/TALDO1,9
GO:0043367,"CD4-positive, alpha-beta T cell differentiation",17/404,107/18805,0.1588785046728972,7.395322476172851,9.82996225859982,1.2561987891954292e-10,4.231311317275539e-9,2.3925330971802384e-9,IL23R/RORC/IRF4/MTOR/IL23A/RUNX1/STAT3/STAT5A/GATA3/STAT6/IFNG/IL18/STAT4/TBX21/IL4R/IL12RB1/LEF1,17
GO:0046632,alpha-beta T cell differentiation,19/404,138/18805,0.13768115942028986,6.4086490170756205,9.44900699164944,1.3183759067887537e-10,4.4055210960330554e-9,2.4910374685858795e-9,IL23R/RORC/IRF4/MTOR/IL23A/RUNX1/STAT3/STAT5A/GATA3/STAT6/BCL2/IFNG/IL18/ADA/STAT4/TBX21/IL4R/IL12RB1/LEF1,19
GO:0050900,leukocyte migration,32/404,395/18805,0.0810126582278481,3.770898608848227,8.246836403262092,1.3361469364303584e-10,4.4055210960330554e-9,2.4910374685858795e-9,IL10/IL23A/B4GALT1/CXCL8/HMOX1/GATA3/GNAI1/CXCL10/MAPK1/S100A8/IL12A/ALOX5/ADA/TBX21/EXT1/TGFB1/GBA1/EDN1/PAFAH1B1/ICAM1/PIP5K1C/TNF/CSF3R/CTSG/CD74/GCNT1/HSD3B7/CYP7B1/VAV3/MIF/VEGFA/PIKFYVE,32
GO:1903037,regulation of leukocyte cell-cell adhesion,32/404,395/18805,0.0810126582278481,3.770898608848227,8.246836403262092,1.3361469364303584e-10,4.4055210960330554e-9,2.4910374685858795e-9,IL23R/MTOR/IL10/IL4/IL23A/RUNX1/CD274/STAT5A/IL2RA/IGF1/PPARA/GATA3/CEBPB/IL12A/ALOX5/IFNG/IL18/ADA/TBX21/PRNP/IL4R/IL12RB1/TGFB1/TNF/IL4I1/CTSG/CD74/GCNT1/LEF1/ARG1/PIK3CA/PPP3CA,32
GO:0015980,energy derivation by oxidation of organic compounds,30/404,352/18805,0.08522727272727272,3.9670763951395136,8.326484166165972,1.5123142994812462e-10,4.951507377742094e-9,2.7997574259811076e-9,PPARGC1A/PRKAG2/POMC/MTOR/IL4/GNMT/PTGES3/HIF1A/IGF1/HCCS/TP53/ADSL/COX10/IFNG/DLAT/GBA1/KHK/DLD/PDHA1/CS/BID/TNF/PGM2/OGDH/ENPP1/ACADM/PER2/GFPT1/PIK3CA/AGL,30
GO:0042398,modified amino acid biosynthetic process,12/404,46/18805,0.2608695652173913,12.14270340077486,11.211397114190605,1.653918214396416e-10,5.377531305419458e-9,3.040646424858909e-9,GCH1/HAGH/MTHFD1/NFE2L2/SHMT1/GAMT/GATM/PTDSS2/ATIC/ACADM/MTHFD1L/CHAC2,12
GO:0006690,icosanoid metabolic process,18/404,124/18805,0.14516129032258066,6.756826892366656,9.529915370331253,1.6685156118748725e-10,5.387579375722864e-9,3.0463279592488602e-9,MGLL/PTGES3/HPGDS/ALOX12/ALOX15/GPX4/ALOX5/PLA2G4B/CYP1B1/AKR1B1/EDN1/PTGS2/ACOX1/CD74/EPHX1/MIF/PTGS1/ALOX15B,18
GO:0002286,T cell activation involved in immune response,19/404,140/18805,0.1357142857142857,6.317096888260254,9.356634954310072,1.698825968664664e-10,5.447878894032847e-9,3.0804234399362877e-9,IL23R/RORC/IRF4/MTOR/IL23A/STAT3/STAT5A/TP53/GATA3/STAT6/IFNG/IL18/STAT4/TBX21/IL4R/IL12RB1/ICAM1/CD74/LEF1,19
GO:0009152,purine ribonucleotide biosynthetic process,20/404,157/18805,0.12738853503184713,5.929557923945261,9.190449672763908,1.7869497004546535e-10,5.691495576550127e-9,3.2181729299272857e-9,PRKAG2/IL4/NME6/PPARA/ADSL/ADK/ADA/HPRT1/IMPDH1/MTHFD1/TGFB1/ALDOA/ATIC/GMPS/PPAT/GUK1/NUDT2/GUCY1A2/AK3/COASY,20
GO:0002285,lymphocyte activation involved in immune response,24/404,231/18805,0.1038961038961039,4.836055034074836,8.692269633770492,2.0167249213506787e-10,6.37993654173235e-9,3.6074418045497567e-9,IL23R/RORC/IRF4/MTOR/IL10/IL4/IL23A/STAT3/STAT5A/TP53/GATA3/STAT6/PCYT1A/IFNG/IL18/ADA/STAT4/TBX21/IL4R/IL12RB1/TGFB1/ICAM1/CD74/LEF1,24
GO:0009127,purine nucleoside monophosphate biosynthetic process,9/404,21/18805,0.42857142857142855,19.9487270155587,12.873325127963474,2.0875794804081554e-10,6.55976317266509e-9,3.7091221428657794e-9,ADSL/ADK/ADA/HPRT1/IMPDH1/ATIC/GMPS/PPAT/NUDT2,9
GO:0032496,response to lipopolysaccharide,30/404,357/18805,0.08403361344537816,3.911515101089941,8.229502873732242,2.1317735941742345e-10,6.6539759786158444e-9,3.762393396033825e-9,IL23R/NFKB1/IL10/MAPK8/CXCL8/CD274/GCH1/FOS/ACE/CXCL10/MAPK1/TRIM5/IRF3/S100A8/CEBPB/GPX4/FASLG/IL12A/IL18/EDN1/SHPK/TNF/MAPK14/CARD16/PTGS2/CTSG/CDK4/KMO/CMPK2/MIF,30
GO:0009263,deoxyribonucleotide biosynthetic process,8/404,15/18805,0.5333333333333333,24.825082508250826,13.677658114191175,2.389660175865774e-10,7.310186573506553e-9,4.133438079176462e-9,DTYMK/RRM2B/ADK/SHMT1/DUT/DCTD/GUK1/CMPK2,8
GO:0009265,2'-deoxyribonucleotide biosynthetic process,8/404,15/18805,0.5333333333333333,24.825082508250826,13.677658114191175,2.389660175865774e-10,7.310186573506553e-9,4.133438079176462e-9,DTYMK/RRM2B/ADK/SHMT1/DUT/DCTD/GUK1/CMPK2,8
GO:0046385,deoxyribose phosphate biosynthetic process,8/404,15/18805,0.5333333333333333,24.825082508250826,13.677658114191175,2.389660175865774e-10,7.310186573506553e-9,4.133438079176462e-9,DTYMK/RRM2B/ADK/SHMT1/DUT/DCTD/GUK1/CMPK2,8
GO:0070663,regulation of leukocyte proliferation,26/404,273/18805,0.09523809523809523,4.433050447901933,8.4663351049894775,2.4044611967535437e-10,7.310186573506553e-9,4.133438079176462e-9,IL23R/CTNNB1/IL10/IL4/IL23A/CD274/IL2RA/IGF1/STAT6/MAPK1/CEBPB/IL12A/BCL2/IL18/ADA/PRNP/IL12RB1/TGFB1/BID/IL4I1/ST6GAL1/CD74/VAV3/MIF/ARG1/PPP3CA,26
GO:0002292,T cell differentiation involved in immune response,16/404,97/18805,0.16494845360824742,7.67786056956211,9.77022633527932,2.4850170999248e-10,7.506354878611556e-9,4.244358578139811e-9,IL23R/RORC/IRF4/MTOR/IL23A/STAT3/STAT5A/GATA3/STAT6/IFNG/IL18/STAT4/TBX21/IL4R/IL12RB1/LEF1,16
GO:0001666,response to hypoxia,28/404,316/18805,0.08860759493670886,4.124420353427748,8.299489493785478,2.5887997761116495e-10,7.769718302406888e-9,4.39327357417058e-9,SIRT2/MTOR/ATF4/HIF1A/TP53/BNIP3L/PPARA/FOS/ACE/ADSL/ABAT/BCL2/PPARG/ADA/PLOD1/NFE2L2/TGFB1/EDN1/NR4A2/TNF/PML/MYC/PTGS2/CDKN1B/TXN2/EPAS1/PGK1/VEGFA,28
GO:0009226,nucleotide-sugar biosynthetic process,10/404,29/18805,0.3448275862068966,16.050699897575967,12.018471779832183,2.608791021854913e-10,7.779846856257773e-9,4.399000616805301e-9,NANS/AMDHD2/NAGK/GNPDA1/NANP/FPGT/FCSK/PGM3/GNPNAT1/GFPT1,10
GO:0006488,dolichol-linked oligosaccharide biosynthetic process,9/404,22/18805,0.4090909090909091,19.041966696669668,12.546073547779105,3.4661284710733366e-10,1.0271147785800861e-8,5.807670289639868e-9,ALG5/ALG6/ALG9/ALG2/ALG1/DOLPP1/ALG12/DPAGT1/ALG8,9
GO:0009116,nucleoside metabolic process,13/404,60/18805,0.21666666666666667,10.085189768976898,10.443882981518732,3.5480585095873134e-10,1.0447804994897987e-8,5.9075585247349186e-9,GNMT/DTYMK/ADK/ADA/CDA/UCKL1/HPRT1/PGM2/DPYD/TYMP/UPB1/DCTD/NNMT,13
GO:0042093,T-helper cell differentiation,15/404,86/18805,0.1744186046511628,8.118667971448309,9.8039645380118845,4.0204071137536685e-10,1.1764716316621672e-8,6.652186770454261e-9,IL23R/RORC/IRF4/MTOR/IL23A/STAT3/STAT5A/GATA3/STAT6/IL18/STAT4/TBX21/IL4R/IL12RB1/LEF1,15
GO:0006487,protein N-linked glycosylation,14/404,73/18805,0.1917808219178082,8.926827614268277,10.054578294512948,4.168439451096363e-10,1.2047304635822945e-8,6.811972202408936e-9,B4GALT1/ALG5/ALG6/ALG9/ALG2/ALG1/DOLPP1/FUT8/ALG12/DPAGT1/ST6GAL1/ALG8/PGM3/GFPT1,14
GO:0008652,amino acid biosynthetic process,14/404,73/18805,0.1917808219178082,8.926827614268277,10.054578294512948,4.168439451096363e-10,1.2047304635822945e-8,6.811972202408936e-9,GLS2/ABAT/MTHFD1/SHMT1/CARNS1/OAT/GLUL/PHGDH/PSAT1/DPYD/CTH/SEPHS2/UPB1/MTR,14
GO:0045637,regulation of myeloid cell differentiation,23/404,220/18805,0.10454545454545454,4.8662803780378034,8.547094273315112,4.2787181834500457e-10,1.2290158610376144e-8,6.949290430337013e-9,IL23R/CTNNB1/MTOR/IL4/IL23A/RUNX1/STAT3/HIF1A/STAT1/FOS/CEBPB/IFNG/MITF/TGFB1/JAG1/TNF/MAPK14/MYC/SPI1/CSF3R/CD74/LEF1/PPP3CA,23
GO:0030217,T cell differentiation,28/404,324/18805,0.08641975308641975,4.022582813836939,8.13173226901695,4.5967955829390004e-10,1.3123290804463658e-8,7.420372844089593e-9,IL23R/CTNNB1/RORC/IRF4/MTOR/IL4/IL23A/RUNX1/STAT3/STAT5A/IL2RA/TP53/GATA3/STAT6/BCL2/IFNG/IL18/ADA/STAT4/TBX21/IL4R/IL12RB1/TGFB1/GBA1/IL4I1/SPI1/CD74/LEF1,28
GO:0009130,pyrimidine nucleoside monophosphate biosynthetic process,8/404,16/18805,0.5,23.27351485148515,13.206629830687861,4.689941920765315e-10,1.3308065498801942e-8,7.52485099248789e-9,CDA/UCKL1/UMPS/CMPK1/SHMT1/DHODH/DUT/DCTD,8
GO:0001659,temperature homeostasis,21/404,184/18805,0.11413043478260869,5.312432737839001,8.710134010404769,4.955945610802386e-10,1.3978155029986008e-8,7.903743317164238e-9,PPARGC1A/IRF4/IL4/STAT3/ATF4/PEMT/STAT6/FOXO1/ABAT/CEBPB/IL18/IL4R/TNF/SQSTM1/GATM/PTGS2/HADH/PER2/EPAS1/CPT2/VEGFA,21
GO:0009167,purine ribonucleoside monophosphate metabolic process,11/404,40/18805,0.275,12.800433168316832,11.070028833053719,5.191820869952627e-10,1.4555751684501914e-8,8.230336897529693e-9,ADSL/ADK/ADA/HPRT1/IMPDH1/ATIC/GMPS/PPAT/GUK1/NUDT2/AK3,11
GO:0072525,pyridine-containing compound biosynthetic process,10/404,31/18805,0.3225806451612903,15.015170871925902,11.571667024849472,5.559029277947029e-10,1.5477925662421164e-8,8.751766685624504e-9,NMNAT2/NADSYN1/QPRT/PNPO/HAAO/KYNU/NADK2/PSAT1/KMO/NNMT,10
GO:0006740,NADPH regeneration,9/404,23/18805,0.391304347826087,18.21405510116229,12.23971427828529,5.586863385196875e-10,1.5477925662421164e-8,8.751766685624504e-9,MTOR/TP53/PGD/PGLS/SHPK/TKT/RBKS/ACACB/TALDO1,9
GO:0050863,regulation of T cell activation,31/404,395/18805,0.07848101265822785,3.6530580273217197,7.896115523612756,5.740643576024266e-10,1.5742371569801203e-8,8.901293756165837e-9,IL23R/CTNNB1/IRF4/MTOR/IL10/IL4/IL23A/RUNX1/CD274/STAT5A/IL2RA/IGF1/GATA3/CEBPB/IL12A/IFNG/IL18/ADA/TBX21/PRNP/IL4R/IL12RB1/TGFB1/BID/IL4I1/CTSG/CD74/LEF1/ARG1/PIK3CA/PPP3CA,31
GO:0002696,positive regulation of leukocyte activation,30/404,372/18805,0.08064516129032258,3.7537927179814754,7.948767547205499,5.749563302938928e-10,1.5742371569801203e-8,8.901293756165837e-9,IL23R/MTOR/IL10/IL4/IL23A/RUNX1/CD274/IL2RA/IGF1/GATA3/STAT6/IL12A/BCL2/IFNG/IL18/ADA/TBX21/IL4R/IL12RB1/TGFB1/TNF/CEBPA/IL4I1/SPI1/CD74/LEF1/VAV3/MIF/PIK3CA/PPP3CA,30
GO:0035384,thioester biosynthetic process,12/404,51/18805,0.23529411764705882,10.952242283051834,10.545184036989777,6.124394916678307e-10,1.6574807514386032e-8,9.371982485820472e-9,ACSS2/PDK2/ACSF3/ACACA/DLAT/DLD/PDHA1/PPT1/ACACB/FASN/PGK1/CBR4,12
GO:0071616,acyl-CoA biosynthetic process,12/404,51/18805,0.23529411764705882,10.952242283051834,10.545184036989777,6.124394916678307e-10,1.6574807514386032e-8,9.371982485820472e-9,ACSS2/PDK2/ACSF3/ACACA/DLAT/DLD/PDHA1/PPT1/ACACB/FASN/PGK1/CBR4,12
GO:0010906,regulation of glucose metabolic process,16/404,103/18805,0.1553398058252427,7.23060655580121,9.39506966768731,6.256150638153768e-10,1.6834078901055136e-8,9.518583699308363e-9,RORC/PPARGC1A/PRKAG2/GNMT/PRKN/IGF1/TP53/PPARA/PDK2/FOXO1/FBP1/PRKACA/ACACB/ZMPSTE24/ACADM/NNMT,16
GO:0006094,gluconeogenesis,15/404,89/18805,0.16853932584269662,7.84500500611859,9.590855467604127,6.642060597420322e-10,1.7770358695498255e-8,1.0047989415044878e-8,PPARGC1A/PRKAG2/GNMT/ATF4/PPARA/PDK2/FOXO1/FBP1/TPI1/PRKACA/PFKFB1/ACADM/PER2/PGK1/NNMT,15
GO:0018279,protein N-linked glycosylation via asparagine,11/404,41/18805,0.2682926829268293,12.488227481284715,10.911321036763825,6.959846931070925e-10,1.8475357741962897e-8,1.044662081454994e-8,ALG5/ALG6/ALG9/ALG2/ALG1/DOLPP1/FUT8/ALG12/DPAGT1/ST6GAL1/ALG8,11
GO:0036293,response to decreased oxygen levels,28/404,330/18805,0.08484848484848485,3.94944494449445,8.009402729072653,6.984490218554961e-10,1.8475357741962897e-8,1.044662081454994e-8,SIRT2/MTOR/ATF4/HIF1A/TP53/BNIP3L/PPARA/FOS/ACE/ADSL/ABAT/BCL2/PPARG/ADA/PLOD1/NFE2L2/TGFB1/EDN1/NR4A2/TNF/PML/MYC/PTGS2/CDKN1B/TXN2/EPAS1/PGK1/VEGFA,28
GO:1902893,regulation of miRNA transcription,14/404,76/18805,0.18421052631578946,8.574452840020843,9.803831952427627,7.307871958680468e-10,1.9222166578956153e-8,1.0868892948599278e-8,IL10/STAT3/HIF1A/TP53/PPARA/FOS/GATA3/JUN/PPARG/TGFB1/TNF/MYC/SPI1/VEGFA,14
GO:0032944,regulation of mononuclear cell proliferation,24/404,248/18805,0.0967741935483871,4.50455126157777,8.231888219811504,8.662694652596845e-10,2.2658059525648718e-8,1.2811668361925074e-8,IL23R/CTNNB1/IL10/IL4/IL23A/CD274/IL2RA/IGF1/CEBPB/IL12A/BCL2/IL18/ADA/PRNP/IL12RB1/TGFB1/BID/IL4I1/ST6GAL1/CD74/VAV3/MIF/ARG1/PPP3CA,24
GO:0061614,miRNA transcription,14/404,77/18805,0.18181818181818182,8.463096309630963,9.723302551485487,8.759309641483166e-10,2.2658059525648718e-8,1.2811668361925074e-8,IL10/STAT3/HIF1A/TP53/PPARA/FOS/GATA3/JUN/PPARG/TGFB1/TNF/MYC/SPI1/VEGFA,14
GO:0170035,L-amino acid catabolic process,14/404,77/18805,0.18181818181818182,8.463096309630963,9.723302551485487,8.759309641483166e-10,2.2658059525648718e-8,1.2811668361925074e-8,GLS2/MCCC1/SHMT1/CARNS1/KYAT3/OAT/ALDH4A1/GLUL/IL4I1/HAAO/KYNU/KMO/IVD/ARG1,14
GO:0002237,response to molecule of bacterial origin,30/404,379/18805,0.079155672823219,3.684461454060974,7.822693869761648,8.968503621992547e-10,2.307172195503797e-8,1.3045567732395175e-8,IL23R/NFKB1/IL10/MAPK8/CXCL8/CD274/GCH1/FOS/ACE/CXCL10/MAPK1/TRIM5/IRF3/S100A8/CEBPB/GPX4/FASLG/IL12A/IL18/EDN1/SHPK/TNF/MAPK14/CARD16/PTGS2/CTSG/CDK4/KMO/CMPK2/MIF,30
GO:0002360,T cell lineage commitment,11/404,42/18805,0.2619047619047619,12.190888731730317,10.758040495944797,9.249228584203867e-10,2.353526534306658e-8,1.3307671561368838e-8,IL23R/IRF4/MTOR/IL23A/STAT3/STAT5A/TP53/STAT6/BCL2/TBX21/IL12RB1,11
GO:0009126,purine nucleoside monophosphate metabolic process,11/404,42/18805,0.2619047619047619,12.190888731730317,10.758040495944797,9.249228584203867e-10,2.353526534306658e-8,1.3307671561368838e-8,ADSL/ADK/ADA/HPRT1/IMPDH1/ATIC/GMPS/PPAT/GUK1/NUDT2/AK3,11
GO:0046034,ATP metabolic process,23/404,230/18805,0.1,4.65470297029703,8.263169932422937,1.0308141858595647e-9,2.6087956855105308e-8,1.4751053641176703e-8,PRKAG2/MTOR/IL4/STAT3/HIF1A/IGF1/PPARA/FBP1/IFNG/TPI1/TGFB1/PFKL/ALDOA/DHTKD1/PRKACA/PFKFB1/PKM/GAPDH/OGDH/ENPP1/PGK1/ADPGK/NUDT2,23
GO:2000628,regulation of miRNA metabolic process,15/404,92/18805,0.16304347826086957,7.589189625484287,9.38748599284183,1.0753260615913616e-9,2.7068153872961046e-8,1.530529170855843e-8,NFKB1/IL10/STAT3/HIF1A/TP53/PPARA/FOS/GATA3/JUN/PPARG/TGFB1/TNF/MYC/SPI1/VEGFA,15
GO:0062013,positive regulation of small molecule metabolic process,19/404,156/18805,0.12179487179487179,5.669189515105356,8.67703036935195,1.1117214032418302e-9,2.76703899304042e-8,1.564581727893311e-8,PPARGC1A/PRKAG2/SIRT2/MTOR/IL4/HIF1A/IGF1/PPARA/GNAI1/MAPK1/FOXO1/IFNG/PPARG/PRKACA/TNF/PFKFB1/PTGS2/CD74/NNMT,19
GO:0009218,pyrimidine ribonucleotide metabolic process,10/404,33/18805,0.30303030303030304,14.105160516051606,11.164496271377265,1.1164583498822612e-9,2.76703899304042e-8,1.564581727893311e-8,NME6/CDA/CTPS1/UCKL1/UMPS/CMPK1/DHODH/DPYD/UPB1/AK3,10
GO:0019395,fatty acid oxidation,16/404,107/18805,0.14953271028037382,6.960303506986212,9.161314185760393,1.116980712696795e-9,2.76703899304042e-8,1.564581727893311e-8,PPARGC1A/PRKAG2/PPARA/ALOX12/ALOX15/ECHS1/ACADS/MCAT/MAPK14/ACACB/ACOX1/IVD/HADH/ACADM/ECHDC1/CPT2,16
GO:0051251,positive regulation of lymphocyte activation,28/404,337/18805,0.0830860534124629,3.8674089960924873,7.870272182416864,1.1234782228077404e-9,2.7684868627293897e-8,1.5654004046323918e-8,IL23R/MTOR/IL10/IL4/IL23A/RUNX1/CD274/IL2RA/IGF1/GATA3/STAT6/IL12A/BCL2/IFNG/IL18/ADA/TBX21/IL4R/IL12RB1/TGFB1/IL4I1/SPI1/CD74/LEF1/VAV3/MIF/PIK3CA/PPP3CA,28
GO:0042594,response to starvation,23/404,232/18805,0.09913793103448276,4.61457622055309,8.208341969366844,1.2217543650132094e-9,2.994897349210391e-8,1.6934209027325556e-8,PPARGC1A/PRKAG2/MTOR/MAPK8/ATF4/TP53/PPARA/FOS/MAPK1/FOXO1/ADSL/SESN3/BCL2/EHMT2/NFE2L2/GBA1/CTSK/SP1/GLUL/PFKFB1/PIK3C3/ACADM/SLC38A2,23
GO:0009162,deoxyribonucleoside monophosphate metabolic process,9/404,25/18805,0.36,16.756930693069307,11.681239444777148,1.3444948304469929e-9,3.2786066646629274e-8,1.8538401856218132e-8,ADK/ADA/SHMT1/DUT/DPYD/TYMP/UPB1/DCTD/GUK1,9
GO:1902105,regulation of leukocyte differentiation,28/404,340/18805,0.08235294117647059,3.833284799068142,7.811782182349423,1.3717400510558041e-9,3.3277134295561014e-8,1.8816068875949537e-8,IL23R/CTNNB1/IRF4/MTOR/IL10/IL4/IL23A/RUNX1/STAT5A/IL2RA/FOS/GATA3/CEBPB/IFNG/IL18/ADA/MITF/TBX21/IL4R/IL12RB1/TGFB1/TNF/MYC/IL4I1/SPI1/CD74/LEF1/PPP3CA,28
GO:0002366,leukocyte activation involved in immune response,27/404,319/18805,0.08463949843260188,3.9397172475868274,7.846473616173772,1.4983621310520792e-9,3.6161502564875436e-8,2.0446992727053604e-8,IL23R/RORC/IRF4/MTOR/IL10/IL4/IL23A/STAT3/STAT5A/TP53/GATA3/STAT6/PCYT1A/IFNG/IL18/ADA/STAT4/TBX21/IL4R/IL12RB1/TGFB1/ICAM1/TNF/SPI1/CD74/LEF1/ITGAM,27
GO:2000630,positive regulation of miRNA metabolic process,13/404,67/18805,0.19402985074626866,9.03151322594946,9.758167174507948,1.5204691579955065e-9,3.650685434735878e-8,2.0642266841342503e-8,NFKB1/IL10/STAT3/HIF1A/TP53/FOS/GATA3/JUN/PPARG/TGFB1/TNF/MYC/SPI1,13
GO:0002363,alpha-beta T cell lineage commitment,10/404,34/18805,0.29411764705882354,13.690302853814794,10.97394631979869,1.551589566608714e-9,3.7063991586030604e-8,2.095729194425841e-8,IL23R/IRF4/MTOR/IL23A/STAT3/STAT5A/STAT6/BCL2/TBX21/IL12RB1,10
GO:1902895,positive regulation of miRNA transcription,12/404,56/18805,0.21428571428571427,9.97436350777935,9.965605860193008,1.9551672844638833e-9,4.6467478303857375e-8,2.6274355973425958e-8,IL10/STAT3/HIF1A/TP53/FOS/GATA3/JUN/PPARG/TGFB1/TNF/MYC/SPI1,12
GO:0002263,cell activation involved in immune response,27/404,323/18805,0.08359133126934984,3.8909281795052566,7.765316684942788,1.9671647420890422e-9,4.651649152758028e-8,2.63020697839125e-8,IL23R/RORC/IRF4/MTOR/IL10/IL4/IL23A/STAT3/STAT5A/TP53/GATA3/STAT6/PCYT1A/IFNG/IL18/ADA/STAT4/TBX21/IL4R/IL12RB1/TGFB1/ICAM1/TNF/SPI1/CD74/LEF1/ITGAM,27
GO:0050867,positive regulation of cell activation,30/404,392/18805,0.07653061224489796,3.562272681349768,7.596284019015941,1.9890736824109274e-9,4.6798205934914385e-8,2.6461361075183727e-8,IL23R/MTOR/IL10/IL4/IL23A/RUNX1/CD274/IL2RA/IGF1/GATA3/STAT6/IL12A/BCL2/IFNG/IL18/ADA/TBX21/IL4R/IL12RB1/TGFB1/TNF/CEBPA/IL4I1/SPI1/CD74/LEF1/VAV3/MIF/PIK3CA/PPP3CA,30
GO:0009081,branched-chain amino acid metabolic process,9/404,26/18805,0.34615384615384615,16.112433358720487,11.425624130037406,2.017488437659176e-9,4.7229404325601307e-8,2.670517589848857e-8,ECHS1/ACAD8/PCCA/ALDH6A1/MCCC1/DLD/HIBADH/IVD/DBT,9
GO:0002460,adaptive immune response based on somatic recombination of immune receptors built from immunoglobulin superfamily domains,30/404,396/18805,0.07575757575757576,3.5262901290129016,7.528540835647369,2.5230247522901613e-9,5.877015865782356e-8,3.323072664053289e-8,IL23R/RORC/IRF4/MTOR/IL10/IL4/IL23A/STAT3/CD274/STAT5A/GATA3/STAT6/PCYT1A/IL12A/IL18/ADA/STAT4/HPRT1/TBX21/IL4R/IL12RB1/TGFB1/JAG1/ICAM1/TNF/IL4I1/CD74/LEF1/ARG1/FCGR3B,30
GO:0006739,NADP metabolic process,11/404,46/18805,0.2391304347826087,11.13081145071029,10.193266945883538,2.668501853247123e-9,6.154643190592626e-8,3.480052974289092e-8,MTOR/TP53/PGD/PGLS/SHPK/TKT/RBKS/ACACB/TALDO1/NADK2/NUDT13,11
GO:0030149,sphingolipid catabolic process,11/404,46/18805,0.2391304347826087,11.13081145071029,10.193266945883538,2.668501853247123e-9,6.154643190592626e-8,3.480052974289092e-8,GALC/PLPP1/SGPP2/ACER3/GBA1/GLA/HEXA/PPT1/GLB1/CEL/SGPL1,11
GO:0043369,"CD4-positive or CD8-positive, alpha-beta T cell lineage commitment",10/404,36/18805,0.2777777777777778,12.929730473047305,10.615889911969578,2.8944796056387322e-9,6.643114467451247e-8,3.756251913406302e-8,IL23R/IRF4/MTOR/IL23A/STAT3/STAT5A/STAT6/BCL2/TBX21/IL12RB1,10
GO:0046037,GMP metabolic process,9/404,27/18805,0.3333333333333333,15.515676567656765,11.183805066711043,2.969142993722694e-9,6.78123292517544e-8,3.8343489752054304e-8,ADSL/ADK/ADA/HPRT1/IMPDH1/ATIC/GMPS/PPAT/GUK1,9
GO:0050670,regulation of lymphocyte proliferation,23/404,243/18805,0.09465020576131687,4.405685938964266,7.917543170744465,3.0103988216853664e-9,6.842081205403342e-8,3.868754745293151e-8,IL23R/CTNNB1/IL10/IL4/IL23A/CD274/IL2RA/IGF1/CEBPB/IL12A/BCL2/IL18/ADA/PRNP/IL12RB1/TGFB1/BID/IL4I1/CD74/VAV3/MIF/ARG1/PPP3CA,23
GO:0006167,AMP biosynthetic process,7/404,13/18805,0.5384615384615384,25.063785224676312,12.86009592808175,3.0795652999173164e-9,6.965470886093176e-8,3.938523635541343e-8,ADSL/ADK/ADA/HPRT1/ATIC/PPAT/NUDT2,7
GO:0046513,ceramide biosynthetic process,13/404,71/18805,0.18309859154929578,8.522695579417096,9.40984555079861,3.2215014690875352e-9,7.251475903013384e-8,4.100240989248558e-8,SAMD8/B3GALT2/UGT8/B4GALT4/GBA1/B4GALT3/B4GALT6/B3GALT4/MECR/ST3GAL3/SGMS2/UGCG/ST6GALNAC3,13
GO:0051402,neuron apoptotic process,26/404,309/18805,0.08414239482200647,3.9165785510589894,7.659653080475871,3.437470929216187e-9,7.700592770617315e-8,4.3541875532504207e-8,CCND1/CTNNB1/PPARGC1A/IL10/ATF4/PRKN/HIF1A/GCH1/TP53/GATA3/SARM1/CEBPB/FASLG/BCL2/PRNP/TGFB1/GBA1/NR4A2/BID/THRB/TNF/PPT1/GAPDH/PIK3CA/BAX/KRAS,26
GO:0019369,arachidonate metabolic process,12/404,59/18805,0.2033898305084746,9.467192481960062,9.651753531728506,3.6985006796526012e-9,8.245895324825466e-8,4.662520906930472e-8,MGLL/PTGES3/ALOX12/ALOX15/GPX4/ALOX5/PLA2G4B/CYP1B1/PTGS2/EPHX1/PTGS1/ALOX15B,12
GO:0045017,glycerolipid biosynthetic process,23/404,246/18805,0.09349593495934959,4.351958061659824,7.841225346609119,3.814470914439182e-9,8.464148256589691e-8,4.7859288350284584e-8,DGKK/CEPT1/PEMT/LPCAT3/ALOX15/MTM1/PCYT1A/CDIPT/IMPA1/PISD/INPP1/PTEN/PIP5K1C/INPP4A/PIK3C2A/PTDSS2/PIK3C3/LCAT/PIK3CA/PIKFYVE/CRLS1/PGAP1/AGPAT1,23
GO:0071353,cellular response to interleukin-4,10/404,37/18805,0.2702702702702703,12.58027829810008,10.447345379420328,3.891152646450007e-9,8.59357391069761e-8,4.859110678163738e-8,IL4/STAT5A/GATA3/STAT6/IL4R/SHPK/PML/CDK4/FASN/LEF1,10
GO:0022409,positive regulation of cell-cell adhesion,27/404,337/18805,0.08011869436201781,3.7292872462320417,7.491164853397956,4.926384798695815e-9,1.0828795130278783e-7,6.122983824423018e-8,IL23R/MTOR/IL10/IL4/IL23A/RUNX1/CD274/IL2RA/IGF1/GATA3/IL12A/ALOX5/IFNG/IL18/ADA/IL4R/IL12RB1/TGFB1/GCNT2/TNF/IL4I1/CTSG/CD74/GCNT1/LEF1/PIK3CA/PPP3CA,27
GO:0006000,fructose metabolic process,7/404,14/18805,0.5,23.27351485148515,12.353013572716515,6.045487459959365e-9,1.3165103389548718e-7,7.444015158774935e-8,FBP1/TKFC/AKR1B1/SORD/KHK/ALDOA/PFKFB1,7
GO:0009133,nucleoside diphosphate biosynthetic process,7/404,14/18805,0.5,23.27351485148515,12.353013572716515,6.045487459959365e-9,1.3165103389548718e-7,7.444015158774935e-8,DTYMK/UMPS/CMPK1/DHODH/GUK1/CMPK2/AK3,7
GO:0002295,T-helper cell lineage commitment,9/404,29/18805,0.3103448275862069,14.445629907818368,10.736771360062063,6.107522776906302e-9,1.317761365966604e-7,7.451088908037523e-8,IL23R/IRF4/MTOR/IL23A/STAT3/STAT5A/STAT6/TBX21/IL12RB1,9
GO:0051156,glucose 6-phosphate metabolic process,9/404,29/18805,0.3103448275862069,14.445629907818368,10.736771360062063,6.107522776906302e-9,1.317761365966604e-7,7.451088908037523e-8,MTOR/TP53/PGD/PGLS/SHPK/TKT/RBKS/ACACB/TALDO1,9
GO:0045621,positive regulation of lymphocyte differentiation,17/404,137/18805,0.12408759124087591,5.775908795259087,8.313090398942927,6.332140522018232e-9,1.3599578864261176e-7,7.689682961311374e-8,IL23R/IL10/IL4/IL23A/RUNX1/IL2RA/GATA3/IFNG/IL18/ADA/IL4R/IL12RB1/TGFB1/IL4I1/SPI1/CD74/LEF1,17
GO:0006677,glycosylceramide metabolic process,8/404,21/18805,0.38095238095238093,17.732201791607732,11.36746936051146,6.747814574468933e-9,1.442614969756326e-7,8.157055349574319e-8,B3GALT2/GALC/UGT8/GBA1/B4GALT3/GLA/UGCG/ST6GALNAC3,8
GO:0071456,cellular response to hypoxia,18/404,156/18805,0.11538461538461539,5.370811119573496,8.122536191890823,7.31807773539059e-9,1.5574199980499427e-7,8.806203590673366e-8,SIRT2/MTOR/ATF4/HIF1A/TP53/BNIP3L/FOS/BCL2/PPARG/NFE2L2/TGFB1/EDN1/MYC/PTGS2/CDKN1B/EPAS1/PGK1/VEGFA,18
GO:1902107,positive regulation of leukocyte differentiation,20/404,195/18805,0.10256410256410256,4.7740543285097745,7.849596952592955,8.341073093272206e-9,1.7591398298513726e-7,9.94679887604533e-8,IL23R/IL10/IL4/IL23A/RUNX1/IL2RA/FOS/GATA3/IFNG/IL18/ADA/IL4R/IL12RB1/TGFB1/TNF/IL4I1/SPI1/CD74/LEF1/PPP3CA,20
GO:1903708,positive regulation of hemopoiesis,20/404,195/18805,0.10256410256410256,4.7740543285097745,7.849596952592955,8.341073093272206e-9,1.7591398298513726e-7,9.94679887604533e-8,IL23R/IL10/IL4/IL23A/RUNX1/IL2RA/FOS/GATA3/IFNG/IL18/ADA/IL4R/IL12RB1/TGFB1/TNF/IL4I1/SPI1/CD74/LEF1/PPP3CA,20
GO:0071375,cellular response to peptide hormone stimulus,28/404,369/18805,0.07588075880758807,3.532023934100727,7.278514156991445,8.414000491391925e-9,1.7665627937532286e-7,9.98877093974543e-8,MTOR/NFKB1/STAT3/STAT5A/STAT1/PDK2/FOS/ACE/STAT6/MAPK1/FOXO1/FBP1/SESN3/CYP1B1/PPARG/NFE2L2/TGFB1/SP1/EDN1/PRKACA/NR4A2/AHCYL1/PIK3C2A/PKM/ENPP1/PIK3CA/PPP3CA/PRKCB,28
GO:0043368,positive T cell selection,11/404,51/18805,0.21568627450980393,10.039555426130848,9.57812047476486,8.650706069664666e-9,1.803677863868607e-7,1.0198632675261466e-7,IL23R/IRF4/MTOR/IL23A/STAT3/STAT5A/STAT6/BCL2/TBX21/IL12RB1/CD74,11
GO:0062197,cellular response to chemical stress,26/404,323/18805,0.0804953560371517,3.74681972841247,7.378227248530849,8.667823993388223e-9,1.803677863868607e-7,1.0198632675261466e-7,PPARGC1A/SIRT2/MTOR/KLF2/MAPK8/ATF4/PRKN/HIF1A/GCH1/TP53/PDK2/FOS/STAT6/FOXO1/FBP1/ALOX5/CYP1B1/AKR1B1/FUT8/NFE2L2/EDN1/NR4A2/PML/PTGS2/PIK3CA/NUDT2,26
GO:0070670,response to interleukin-4,10/404,40/18805,0.25,11.636757425742575,9.978380430077367,8.939742756255245e-9,1.8520298931321707e-7,1.0472032152762899e-7,IL4/STAT5A/GATA3/STAT6/IL4R/SHPK/PML/CDK4/FASN/LEF1,10
GO:0170040,proteinogenic amino acid catabolic process,13/404,77/18805,0.16883116883116883,7.858589430371609,8.935720154363286,9.065939537906495e-9,1.8698999522677628e-7,1.0573075788469668e-7,GLS2/MCCC1/SHMT1/CARNS1/OAT/ALDH4A1/GLUL/IL4I1/HAAO/KYNU/KMO/IVD/ARG1,13
GO:0045639,positive regulation of myeloid cell differentiation,15/404,107/18805,0.14018691588785046,6.525284537799574,8.492666112920965,9.232244763869834e-9,1.8958495607209898e-7,1.0719804054077857e-7,IL23R/IL23A/RUNX1/STAT3/HIF1A/STAT1/FOS/IFNG/TGFB1/JAG1/TNF/MAPK14/CD74/LEF1/PPP3CA,15
GO:0009311,oligosaccharide metabolic process,12/404,64/18805,0.1875,8.727568069306932,9.17553797752074,9.848668484439804e-9,2.0048463410498768e-7,1.133611040657488e-7,B3GALT2/B4GALT1/FUT8/B3GALNT1/GLA/B3GALT4/ST3GAL3/NAGA/IDUA/ST6GALNAC3/ST8SIA5/MGAM,12
GO:0045058,T cell selection,12/404,64/18805,0.1875,8.727568069306932,9.17553797752074,9.848668484439804e-9,2.0048463410498768e-7,1.133611040657488e-7,IL23R/IRF4/MTOR/IL23A/STAT3/STAT5A/GATA3/STAT6/BCL2/TBX21/IL12RB1/CD74,12
GO:0009083,branched-chain amino acid catabolic process,8/404,22/18805,0.36363636363636365,16.926192619261926,11.07480061883939,1.0405644132961298e-8,2.1090573952608137e-7,1.1925356570698412e-7,ECHS1/ACAD8/ALDH6A1/MCCC1/DLD/HIBADH/IVD/DBT,8
GO:0010720,positive regulation of cell development,31/404,447/18805,0.06935123042505593,3.228093782532616,7.064308174236492,1.1040962694953036e-8,2.2261897011354986e-7,1.2587664062491918e-7,IL23R/CTNNB1/SIRT2/MTOR/IL10/IL4/IL23A/RUNX1/HIF1A/IL2RA/FOS/GATA3/ACE/MME/BCL2/IFNG/IL18/ADA/DCT/IL4R/IL12RB1/TGFB1/PAFAH1B1/TNF/IL4I1/SPI1/CD74/LEF1/VEGFA/PPP3CA/KRAS,31
GO:0006047,UDP-N-acetylglucosamine metabolic process,7/404,15/18805,0.4666666666666667,21.72194719471947,11.896190038021587,1.1126193722035597e-8,2.2261897011354986e-7,1.2587664062491918e-7,AMDHD2/NAGK/GNPDA1/DPAGT1/PGM3/GNPNAT1/GFPT1,7
GO:0046049,UMP metabolic process,7/404,15/18805,0.4666666666666667,21.72194719471947,11.896190038021587,1.1126193722035597e-8,2.2261897011354986e-7,1.2587664062491918e-7,CDA/UCKL1/UMPS/CMPK1/DHODH/DPYD/UPB1,7
GO:0071453,cellular response to oxygen levels,19/404,179/18805,0.10614525139664804,4.940746169589026,7.849468833498735,1.1239822929028191e-8,2.23935535973234e-7,1.26621073534181e-7,SIRT2/MTOR/ATF4/HIF1A/TP53/BNIP3L/FOS/FOXO1/BCL2/PPARG/NFE2L2/TGFB1/EDN1/MYC/PTGS2/CDKN1B/EPAS1/PGK1/VEGFA,19
GO:0043467,regulation of generation of precursor metabolites and energy,17/404,143/18805,0.11888111888111888,5.533562971681784,8.063501477095649,1.2206649449815982e-8,2.421675115425357e-7,1.369300774589081e-7,PRKAG2/POMC/MTOR/IL4/STAT3/HIF1A/IGF1/TP53/PPARA/FBP1/IFNG/KHK/PRKACA/TNF/PFKFB1/ENPP1/PIK3CA,17
GO:0009247,glycolipid biosynthetic process,13/404,79/18805,0.16455696202531644,7.659637799222961,8.788944801327588,1.252557376883488e-8,2.474461450872781e-7,1.3991480359147116e-7,B3GALT2/UGT8/B4GALT4/B3GALNT1/B4GALT3/B4GALT6/B3GALT4/ST3GAL3/B3GNT5/UGCG/ST6GALNAC3/ST8SIA5/PGAP1,13
GO:0034612,response to tumor necrosis factor,22/404,241/18805,0.0912863070539419,4.249106445914301,7.521973036808711,1.297504043070806e-8,2.552484844393913e-7,1.4432652226108259e-7,KLF2/NFKB1/NFATC1/PRKN/CXCL8/STAT1/GCH1/TP53/FOS/GATA3/MAPK1/CYP1B1/EXT1/NFE2L2/GBA1/CTSK/EDN1/TNF/MAPK14/CEBPA/CARD16/PTGS2,22
GO:1901570,fatty acid derivative biosynthetic process,11/404,53/18805,0.20754716981132076,9.660704277974967,9.355401671253702,1.3321471001772099e-8,2.609670595409915e-7,1.475600069123842e-7,ACSF3/ALOX12/ALOX15/ALOX5/ACACA/PPT1/AACS/FASN/CBR4/ALOX15B/ACSS3,11
GO:0010586,miRNA metabolic process,15/404,110/18805,0.13636363636363635,6.347322232223221,8.334221808491199,1.357586721496176e-8,2.6484254291854565e-7,1.497513423053896e-7,NFKB1/IL10/STAT3/HIF1A/TP53/PPARA/FOS/GATA3/JUN/PPARG/TGFB1/TNF/MYC/SPI1/VEGFA,15
GO:1903039,positive regulation of leukocyte cell-cell adhesion,24/404,285/18805,0.08421052631578947,3.9197498697238147,7.359404562775295,1.3730215630106099e-8,2.667421974280363e-7,1.5082547416342802e-7,IL23R/MTOR/IL4/IL23A/RUNX1/CD274/IL2RA/IGF1/GATA3/IL12A/ALOX5/IFNG/IL18/ADA/IL4R/IL12RB1/TGFB1/TNF/IL4I1/CD74/GCNT1/LEF1/PIK3CA/PPP3CA,24
GO:0036294,cellular response to decreased oxygen levels,18/404,163/18805,0.11042944785276074,5.140162789285063,7.866110795829768,1.471087713248881e-8,2.846129203897215e-7,1.609302130848602e-7,SIRT2/MTOR/ATF4/HIF1A/TP53/BNIP3L/FOS/BCL2/PPARG/NFE2L2/TGFB1/EDN1/MYC/PTGS2/CDKN1B/EPAS1/PGK1/VEGFA,18
GO:0046033,AMP metabolic process,8/404,23/18805,0.34782608695652173,16.190271201033145,10.80074266160317,1.565735495666343e-8,3.016779255436139e-7,1.7057937065630723e-7,ADSL/ADK/ADA/HPRT1/ATIC/PPAT/NUDT2/AK3,8
GO:0043373,"CD4-positive, alpha-beta T cell lineage commitment",9/404,32/18805,0.28125,13.091352103960396,10.143272859017426,1.6155875059459055e-8,3.100074058540463e-7,1.7528915347083489e-7,IL23R/IRF4/MTOR/IL23A/STAT3/STAT5A/STAT6/TBX21/IL12RB1,9
GO:0006048,UDP-N-acetylglucosamine biosynthetic process,6/404,10/18805,0.6,27.928217821782177,12.620644619865525,1.8501968174261526e-8,3.5071342101980756e-7,1.9830577438000318e-7,AMDHD2/NAGK/GNPDA1/PGM3/GNPNAT1/GFPT1,6
GO:0006784,heme A biosynthetic process,6/404,10/18805,0.6,27.928217821782177,12.620644619865525,1.8501968174261526e-8,3.5071342101980756e-7,1.9830577438000318e-7,COX15/COX10/UROS/UROD/PPOX/CPOX,6
GO:0046160,heme a metabolic process,6/404,10/18805,0.6,27.928217821782177,12.620644619865525,1.8501968174261526e-8,3.5071342101980756e-7,1.9830577438000318e-7,COX15/COX10/UROS/UROD/PPOX/CPOX,6
GO:0030098,lymphocyte differentiation,30/404,432/18805,0.06944444444444445,3.2324326182618264,6.955450856071477,1.8624046555838525e-8,3.5160397570337083e-7,1.9880932550056834e-7,IL23R/CTNNB1/RORC/IRF4/MTOR/IL10/IL4/IL23A/RUNX1/STAT3/STAT5A/IL2RA/TP53/GATA3/STAT6/BCL2/IFNG/IL18/ADA/STAT4/TBX21/IL4R/IL12RB1/TGFB1/GBA1/IL4I1/SPI1/CD74/LEF1/BAX,30
GO:0043094,metabolic compound salvage,10/404,43/18805,0.23255813953488372,10.824890628597744,9.556909591620627,1.9090906370853757e-8,3.5897037601741884e-7,2.0297454881715156e-7,ADSL/ADK/ADA/CDA/UCKL1/HPRT1/PGM2/FCSK/DCTD/NNMT,10
GO:0009173,pyrimidine ribonucleoside monophosphate metabolic process,7/404,16/18805,0.4375,20.364325495049506,11.481684881765226,1.941512668978149e-8,3.636064926462278e-7,2.0559597315705456e-7,CDA/UCKL1/UMPS/CMPK1/DHODH/DPYD/UPB1,7
GO:0030316,osteoclast differentiation,15/404,113/18805,0.13274336283185842,6.178809252606677,8.181564187970755,1.970939685933563e-8,3.6764699639605344e-7,2.0788061690597238e-7,IL23R/CTNNB1/MTOR/IL4/IL23A/FOS/GLO1/CEBPB/IFNG/MITF/TGFB1/PAFAH1B1/TNF/MAPK14/PPP3CA,15
GO:0002761,regulation of myeloid leukocyte differentiation,16/404,130/18805,0.12307692307692308,5.728865194211729,8.016658726042952,1.995695645090854e-8,3.707875797744198e-7,2.0965641384308683e-7,IL23R/CTNNB1/MTOR/IL4/IL23A/RUNX1/FOS/CEBPB/IFNG/MITF/TGFB1/TNF/MYC/CD74/LEF1/PPP3CA,16
GO:0042180,ketone metabolic process,21/404,227/18805,0.09251101321585903,4.306112880010468,7.425508815241402,2.2081876805043783e-8,4.086456411115217e-7,2.3106270091402172e-7,PPARGC1A/PRKAG2/SIRT2/PPARA/PDK2/HAGH/GLO1/KDSR/PPARG/TPI1/AKR1B1/PDSS1/KYAT3/OXCT1/ACACB/KYNU/PTGS2/CD74/KMO/PGK1/CBR4,21
GO:0009219,pyrimidine deoxyribonucleotide metabolic process,8/404,24/18805,0.3333333333333333,15.515676567656765,10.543350359493953,2.3047518975755966e-8,4.2483655056885607e-7,2.4021761385837656e-7,DTYMK/SHMT1/DUT/DPYD/TYMP/UPB1/DCTD/CMPK2,8
GO:0046006,regulation of activated T cell proliferation,10/404,44/18805,0.22727272727272727,10.578870387038704,9.42557241688499,2.4236932867039947e-8,4.450090967979648e-7,2.5162388507989875e-7,IL23R/IL23A/CD274/IL2RA/IGF1/IL18/PRNP/IL12RB1/ARG1/PPP3CA,10
GO:0005976,polysaccharide metabolic process,15/404,115/18805,0.13043478260869565,6.07135170038743,8.082823412026643,2.5100349262504753e-8,4.590618564337783e-7,2.5956981248026095e-7,PRKAG2/POMC/NFKB1/GNMT/PTGES3/IGF1/EXT1/TGFB1/KHK/PGM2/ENPP1/ACADM/PER2/MGAM/AGL,15
GO:0033002,muscle cell proliferation,22/404,251/18805,0.08764940239043825,4.0798193365153255,7.2784418581596855,2.7149561895117427e-8,4.946079719569642e-7,2.7966884360524406e-7,CTNNB1/PPARGC1A/IL10/RUNX1/STAT1/IGF1/HMOX1/FOS/JUN/IL12A/IFNG/IL18/PPARG/TGFB1/EDN1/PTEN/TNF/MAPK14/PTGS2/GLI1/CDKN1B/PIK3CA,22
GO:0071216,cellular response to biotic stimulus,23/404,273/18805,0.08424908424908426,3.9215446269901717,7.2048972806084555,2.7409927242276025e-8,4.974158114276602e-7,2.812564953664799e-7,NFKB1/IL10/MAPK8/CXCL8/CD274/TP53/CXCL10/MAPK1/TRIM5/IRF3/IL18/CDA/SHPK/TNF/MAPK14/CARD16/PTGS2/CTSG/CDK4/KMO/ZMPSTE24/CMPK2/MIF,23
GO:0006637,acyl-CoA metabolic process,14/404,100/18805,0.14,6.516584158415842,8.195708114250113,2.9429580058051533e-8,5.299588224299896e-7,2.996574649635612e-7,ACSS2/PDK2/ACSF3/OXSM/ACACA/DLAT/DLD/PDHA1/PPT1/ACACB/OGDH/FASN/PGK1/CBR4,14
GO:0035383,thioester metabolic process,14/404,100/18805,0.14,6.516584158415842,8.195708114250113,2.9429580058051533e-8,5.299588224299896e-7,2.996574649635612e-7,ACSS2/PDK2/ACSF3/OXSM/ACACA/DLAT/DLD/PDHA1/PPT1/ACACB/OGDH/FASN/PGK1/CBR4,14
GO:2000514,"regulation of CD4-positive, alpha-beta T cell activation",13/404,85/18805,0.15294117647058825,7.118957483983693,8.377782233839577,3.1204462906012276e-8,5.59767415041952e-7,3.16512297675422e-7,IL23R/IRF4/IL23A/RUNX1/CD274/STAT5A/IL2RA/GATA3/IFNG/IL18/TBX21/IL4R/IL12RB1,13
GO:0009267,cellular response to starvation,19/404,191/18805,0.09947643979057591,4.630332797677673,7.47202573868417,3.2494315046398775e-8,5.806808513253398e-7,3.28337494341876e-7,PRKAG2/MTOR/MAPK8/ATF4/TP53/PPARA/FOS/MAPK1/FOXO1/SESN3/BCL2/EHMT2/NFE2L2/GBA1/CTSK/SP1/GLUL/PIK3C3/SLC38A2,19
GO:0120162,positive regulation of cold-induced thermogenesis,14/404,101/18805,0.13861386138613863,6.452063523184002,8.140469217371624,3.3506295948479225e-8,5.955291774965884e-7,3.367332632037411e-7,PPARGC1A/IRF4/IL4/PEMT/STAT6/CEBPB/IL18/IL4R/GATM/HADH/PER2/EPAS1/CPT2/VEGFA,14
GO:0097305,response to alcohol,23/404,276/18805,0.08333333333333333,3.8789191419141913,7.139258525974964,3.357960334453211e-8,5.955291774965884e-7,3.367332632037411e-7,SMAD2/CTNNB1/KLF2/PPARA/FOS/GATA3/ACE/GNAI1/FBP1/S100A8/ABAT/CYP1B1/RGS2/CDA/EHMT2/ACACA/TGFB1/CTSK/TNF/ST6GAL1/CDK4/GLB1/PRKCB,23
GO:0043523,regulation of neuron apoptotic process,22/404,255/18805,0.08627450980392157,4.015822170452339,7.184539782909994,3.608365281680188e-8,6.375232546727033e-7,3.604781999374647e-7,CCND1/CTNNB1/PPARGC1A/IL10/ATF4/PRKN/HIF1A/GCH1/TP53/GATA3/SARM1/CEBPB/FASLG/BCL2/PRNP/GBA1/NR4A2/TNF/PPT1/PIK3CA/BAX/KRAS,22
GO:0048660,regulation of smooth muscle cell proliferation,18/404,174/18805,0.10344827586206896,4.815209969272789,7.49152230009035,4.0940359343364135e-8,7.206118888933492e-7,4.0745945290289196e-7,CTNNB1/PPARGC1A/IL10/STAT1/IGF1/HMOX1/JUN/IL12A/IFNG/IL18/PPARG/TGFB1/EDN1/PTEN/TNF/PTGS2/CDKN1B/PIK3CA,18
GO:0030879,mammary gland development,16/404,137/18805,0.11678832116788321,5.4361494543614945,7.721695077999882,4.239203215151569e-8,7.433688933835074e-7,4.203270682478296e-7,CCND1/NFKB1/HIF1A/STAT5A/GATA3/STAT6/MAPK1/CEBPB/TGFB1/UMPS/PML/FASN/TGFA/LEF1/VEGFA/BAX,16
GO:0031669,cellular response to nutrient levels,22/404,258/18805,0.08527131782945736,3.9691265638191724,7.115359027406906,4.449236151164105e-8,7.772881962593411e-7,4.3950624195513454e-7,PRKAG2/MTOR/MAPK8/LPL/ATF4/TP53/PPARA/PDK2/FOS/MAPK1/FOXO1/SESN3/BCL2/EHMT2/NFE2L2/GBA1/CTSK/SP1/GLUL/PIK3C3/TXN2/SLC38A2,22
GO:1901658,glycosyl compound catabolic process,8/404,26/18805,0.3076923076923077,14.322162985529323,10.072105746221293,4.714658164047949e-8,8.20595893088197e-7,4.6399394570849513e-7,ADA/CDA/GBA1/GLA/DPYD/NAGA/UPB1/DCTD,8
GO:0050798,activated T cell proliferation,10/404,47/18805,0.2127659574468085,9.90362334105751,9.055606315261649,4.775427303797188e-8,8.265314682626466e-7,4.673501298771457e-7,IL23R/IL23A/CD274/IL2RA/IGF1/IL18/PRNP/IL12RB1/ARG1/PPP3CA,10
GO:0006140,regulation of nucleotide metabolic process,13/404,88/18805,0.14772727272727273,6.876265751575159,8.186904707445747,4.784067234070423e-8,8.265314682626466e-7,4.673501298771457e-7,PRKAG2/MTOR/IL4/STAT3/HIF1A/IGF1/TP53/PPARA/FBP1/IFNG/CDA/PRKACA/PFKFB1,13
GO:0042098,T cell proliferation,20/404,217/18805,0.09216589861751152,4.290048820550258,7.222889463078029,5.1029413559861656e-8,8.783813025267364e-7,4.966678603059291e-7,IL23R/CTNNB1/IL10/IL4/IL23A/CD274/IL2RA/IGF1/TP53/CEBPB/IL18/CTPS1/PRNP/IL12RB1/TGFB1/BID/IL4I1/ARG1/PPP3CA/BAX,20
GO:0006213,pyrimidine nucleoside metabolic process,7/404,18/18805,0.3888888888888889,18.101622662266227,10.755731340245495,5.203644683138297e-8,8.891775330822447e-7,5.027724309678378e-7,DTYMK/CDA/UCKL1/DPYD/TYMP/UPB1/DCTD,7
GO:0046653,tetrahydrofolate metabolic process,7/404,18/18805,0.3888888888888889,18.101622662266227,10.755731340245495,5.203644683138297e-8,8.891775330822447e-7,5.027724309678378e-7,GCH1/MTHFD2/MTHFD1/SHMT1/ATIC/MTHFD1L/MTR,7
GO:0043255,regulation of carbohydrate biosynthetic process,14/404,105/18805,0.13333333333333333,6.206270627062707,7.926759409592025,5.543651159196286e-8,9.438318082675278e-7,5.336758914977478e-7,PPARGC1A/PRKAG2/NFKB1/GNMT/IGF1/PPARA/PDK2/FOXO1/FBP1/TGFB1/PRKACA/ENPP1/ACADM/NNMT,14
GO:0045582,positive regulation of T cell differentiation,15/404,122/18805,0.12295081967213115,5.7229954552832325,7.754775459156789,5.624155327621468e-8,9.540686682581055e-7,5.394641742550723e-7,IL23R/IL4/IL23A/RUNX1/IL2RA/GATA3/IFNG/IL18/ADA/IL4R/IL12RB1/TGFB1/IL4I1/CD74/LEF1,15
GO:0071466,cellular response to xenobiotic stimulus,19/404,198/18805,0.09595959595959595,4.466634163416341,7.266035579011619,5.805214241402891e-8,9.80257461246545e-7,5.54272244213013e-7,RORC/ALDH2/TP53/FBP1/GSTO2/CYP1B1/ADA/EHMT2/PRNP/NFE2L2/NCEH1/EDN1/UMPS/SMOX/AOC2/MYC/EPHX1/TPMT/GUK1,19
GO:0048659,smooth muscle cell proliferation,18/404,178/18805,0.10112359550561797,4.707003003671153,7.363030050383841,5.820409530682176e-8,9.80257461246545e-7,5.54272244213013e-7,CTNNB1/PPARGC1A/IL10/STAT1/IGF1/HMOX1/JUN/IL12A/IFNG/IL18/PPARG/TGFB1/EDN1/PTEN/TNF/PTGS2/CDKN1B/PIK3CA,18
GO:0071356,cellular response to tumor necrosis factor,20/404,219/18805,0.091324200913242,4.2508702925087025,7.170077071620472,5.94483243733722e-8,9.976238520291349e-7,5.6409181588014e-7,KLF2/NFKB1/NFATC1/PRKN/CXCL8/STAT1/TP53/FOS/GATA3/MAPK1/CYP1B1/EXT1/NFE2L2/GBA1/CTSK/EDN1/TNF/MAPK14/CEBPA/CARD16,20
GO:0097696,cell surface receptor signaling pathway via STAT,17/404,159/18805,0.1069182389937107,4.976726446229529,7.461506657759935,6.003109264356148e-8,1.0038056277041245e-6,5.675872105208915e-7,IL23R/IL10/IL4/IL23A/STAT3/STAT5A/STAT1/IGF1/STAT6/IL12A/CYP1B1/IFNG/IL18/PPARG/STAT4/TGFB1/TNF,17
GO:0046634,regulation of alpha-beta T cell activation,15/404,123/18805,0.12195121951219512,5.676467036947597,7.709990456436068,6.2814756514973e-8,1.0466145551711873e-6,5.917928924336285e-7,IL23R/IRF4/IL23A/RUNX1/CD274/STAT5A/IL2RA/GATA3/IL12A/IFNG/IL18/ADA/TBX21/IL4R/IL12RB1,15
GO:0001503,ossification,30/404,458/18805,0.06550218340611354,3.048932076613775,6.577681812456339,6.846850177707172e-8,1.1367713663838645e-6,6.427707427000201e-7,SMAD2/CTNNB1/RUNX1/ATF4/HIF1A/IGF1/ALOX15/MAPK1/CEBPB/BCL2/ALOX5/PPARG/EXT1/TGFB1/JAG1/CTSK/PRKACA/PTEN/TNF/MAPK14/CEBPA/SGMS2/PTGS2/GLI1/ENPP1/ZMPSTE24/FASN/LEF1/VEGFA/PPP3CA,30
GO:0042088,T-helper 1 type immune response,10/404,49/18805,0.20408163265306123,9.499393816932713,8.826956203095289,7.294003730037353e-8,1.2067323485524695e-6,6.82329156817703e-7,IL23R/MTOR/IL23A/STAT6/IL18/STAT4/TBX21/IL4R/IL12RB1/LEF1,10
GO:0010506,regulation of autophagy,26/404,359/18805,0.07242339832869081,3.3710940731956205,6.721094446335607,7.406694041233268e-8,1.2210613204596536e-6,6.9043126440703e-7,SIRT2/MTOR/IL10/IL4/MAPK8/STAT3/PRKN/HIF1A/HMOX1/TP53/BNIP3L/MTM1/FOXO1/SESN3/BCL2/IFNG/EHMT2/GBA1/PRKACA/SQSTM1/LYPLA1/PIK3C2A/PIK3C3/GAPDH/ZMPSTE24/PIK3CA,26
GO:0009176,pyrimidine deoxyribonucleoside monophosphate metabolic process,6/404,12/18805,0.5,23.27351485148515,11.436059682182595,7.848529870165193e-8,1.2893619948109975e-6,7.290508817531104e-7,SHMT1/DUT/DPYD/TYMP/UPB1/DCTD,6
GO:0019751,polyol metabolic process,14/404,108/18805,0.12962962962962962,6.033874220755409,7.77362103128756,7.964171097189799e-8,1.3037849327637286e-6,7.372061210685442e-7,GCH1/PLPP1/INPP5B/SGPP2/ACER3/TKFC/TPI1/IMPA1/GBA1/SORD/INPP5A/IPMK/ITPK1/INPP4A,14
GO:0050678,regulation of epithelial cell proliferation,28/404,410/18805,0.06829268292682927,3.1788215406906546,6.609350502026231,7.992265991499523e-8,1.303825413665532e-6,7.372290104023952e-7,CCND1/CTNNB1/IL10/B4GALT1/STAT3/HIF1A/STAT5A/STAT1/IGF1/HMOX1/GATA3/SGPP2/IL12A/ALOX5/PPARG/TGFB1/JAG1/SP1/BID/TNF/MYC/GLI1/CDKN1B/CDK4/CYP7B1/TGFA/VEGFA/BAX,28
GO:0006144,purine nucleobase metabolic process,7/404,19/18805,0.3684210526315789,17.148905680041686,10.435129201536908,8.087280984101745e-8,1.305677571295323e-6,7.382762858444969e-7,ADK/ADA/HPRT1/SHMT1/GMPS/DPYD/PPAT,7
GO:0009163,nucleoside biosynthetic process,7/404,19/18805,0.3684210526315789,17.148905680041686,10.435129201536908,8.087280984101745e-8,1.305677571295323e-6,7.382762858444969e-7,DTYMK/ADK/ADA/UCKL1/HPRT1/PGM2/DCTD,7
GO:0034404,nucleobase-containing small molecule biosynthetic process,7/404,19/18805,0.3684210526315789,17.148905680041686,10.435129201536908,8.087280984101745e-8,1.305677571295323e-6,7.382762858444969e-7,DTYMK/ADK/ADA/UCKL1/HPRT1/PGM2/DCTD,7
GO:0050673,epithelial cell proliferation,31/404,488/18805,0.06352459016393443,2.9568809852296707,6.48996332685856,8.207494254569473e-8,1.3205322371097687e-6,7.466756393648842e-7,CCND1/CTNNB1/IL10/B4GALT1/STAT3/HIF1A/STAT5A/STAT1/IGF1/HMOX1/GATA3/STAT6/MAPK1/SGPP2/CEBPB/IL12A/ALOX5/PPARG/TGFB1/JAG1/SP1/BID/TNF/MYC/GLI1/CDKN1B/CDK4/CYP7B1/TGFA/VEGFA/BAX,31
GO:0043370,"regulation of CD4-positive, alpha-beta T cell differentiation",11/404,63/18805,0.1746031746031746,8.127259154486877,8.396145375363215,8.876079059755848e-8,1.4232124026635917e-6,8.04734637176855e-7,IL23R/IRF4/IL23A/RUNX1/STAT5A/GATA3/IFNG/IL18/TBX21/IL4R/IL12RB1,11
GO:0019359,nicotinamide nucleotide biosynthetic process,8/404,28/18805,0.2857142857142857,13.299151343705798,9.650196336757672,9.032943295327263e-8,1.43363527148211e-6,8.106280959053727e-7,NMNAT2/NADSYN1/QPRT/HAAO/KYNU/NADK2/KMO/NNMT,8
GO:0019363,pyridine nucleotide biosynthetic process,8/404,28/18805,0.2857142857142857,13.299151343705798,9.650196336757672,9.032943295327263e-8,1.43363527148211e-6,8.106280959053727e-7,NMNAT2/NADSYN1/QPRT/HAAO/KYNU/NADK2/KMO/NNMT,8
GO:0043173,nucleotide salvage,8/404,28/18805,0.2857142857142857,13.299151343705798,9.650196336757672,9.032943295327263e-8,1.43363527148211e-6,8.106280959053727e-7,ADSL/ADK/ADA/CDA/UCKL1/HPRT1/FCSK/NNMT,8
GO:0045619,regulation of lymphocyte differentiation,20/404,225/18805,0.08888888888888889,4.137513751375137,7.015346611294595,9.298198544316e-8,1.4707488373137674e-6,8.316134188817477e-7,IL23R/IRF4/IL10/IL4/IL23A/RUNX1/STAT5A/IL2RA/GATA3/IFNG/IL18/ADA/TBX21/IL4R/IL12RB1/TGFB1/IL4I1/SPI1/CD74/LEF1,20
GO:1901568,fatty acid derivative metabolic process,12/404,79/18805,0.1518987341772152,7.070434891590425,8.011354189332401,1.1487500396407327e-7,1.8109251466659632e-6,1.0239611375851297e-6,ACSF3/ALOX12/ALOX15/ALOX5/ACACA/OXCT1/PPT1/AACS/FASN/CBR4/ALOX15B/ACSS3,12
GO:0006636,unsaturated fatty acid biosynthetic process,10/404,52/18805,0.19230769230769232,8.951351865955827,8.507507851740925,1.3257807244679954e-7,2.082988373140656e-6,1.1777953097976012e-6,PTGES3/HPGDS/ALOX12/ALOX15/EDN1/PTGS2/CD74/MIF/PTGS1/ALOX15B,10
GO:0045444,fat cell differentiation,21/404,252/18805,0.08333333333333333,3.8789191419141913,6.8173839933404565,1.3359334673054864e-7,2.091919897633541e-6,1.1828455096895966e-6,CCND1/RORC/PPARGC1A/SIRT2/LPL/FOXO1/CEBPB/ALOX5/PPARG/RGS2/ALDH6A1/TGFB1/JAG1/NR4A2/TNF/MAPK14/CEBPA/PTGS2/ENPP1/PER2/VEGFA,21
GO:0070665,positive regulation of leukocyte proliferation,17/404,168/18805,0.10119047619047619,4.710116100895804,7.157300139782698,1.34800287133724e-7,2.103783147866986e-6,1.189553411022161e-6,IL23R/IL4/IL23A/CD274/IL2RA/IGF1/MAPK1/IL12A/BCL2/IL18/ADA/IL12RB1/ST6GAL1/CD74/VAV3/MIF/PPP3CA,17
GO:0022408,negative regulation of cell-cell adhesion,19/404,209/18805,0.09090909090909091,4.231548154815481,6.960959346285584,1.371580644081998e-7,2.1334686297647556e-6,1.2063386325812992e-6,IL10/RUNX1/CD274/STAT5A/IL2RA/PPARA/ALOX12/CEBPB/TBX21/PRNP/IL4R/TGFB1/JAG1/IL4I1/SPI1/CTSG/CD74/ARG1/VEGFA,19
GO:0043470,regulation of carbohydrate catabolic process,11/404,66/18805,0.16666666666666666,7.757838283828383,8.148949907290374,1.461308364177861e-7,2.265511841417465e-6,1.281000535345877e-6,PRKAG2/MTOR/STAT3/HIF1A/IGF1/TP53/PPARA/FBP1/IFNG/PRKACA/PFKFB1,11
GO:0032946,positive regulation of mononuclear cell proliferation,16/404,150/18805,0.10666666666666667,4.965016501650165,7.224172258997677,1.5218756014534146e-7,2.3439921320343838e-6,1.3253760678222252e-6,IL23R/IL4/IL23A/CD274/IL2RA/IGF1/IL12A/BCL2/IL18/ADA/IL12RB1/ST6GAL1/CD74/VAV3/MIF/PPP3CA,16
GO:0046637,regulation of alpha-beta T cell differentiation,12/404,81/18805,0.14814814814814814,6.895856252291895,7.879255267854178,1.5263205076692736e-7,2.3439921320343838e-6,1.3253760678222252e-6,IL23R/IRF4/IL23A/RUNX1/STAT5A/GATA3/IFNG/IL18/ADA/TBX21/IL4R/IL12RB1,12
GO:0034599,cellular response to oxidative stress,21/404,254/18805,0.08267716535433071,3.8483764715054187,6.772136082613639,1.526949167600357e-7,2.3439921320343838e-6,1.3253760678222252e-6,PPARGC1A/SIRT2/KLF2/MAPK8/ATF4/PRKN/HIF1A/GCH1/TP53/PDK2/FOS/STAT6/FOXO1/ALOX5/CYP1B1/FUT8/NFE2L2/EDN1/NR4A2/PML/NUDT2,21
GO:0071222,cellular response to lipopolysaccharide,20/404,232/18805,0.08620689655172414,4.012674974393992,6.841484291233296,1.5365091505930765e-7,2.3509594258420864e-6,1.3293156222021286e-6,NFKB1/IL10/MAPK8/CXCL8/CD274/CXCL10/MAPK1/TRIM5/IRF3/IL18/SHPK/TNF/MAPK14/CARD16/PTGS2/CTSG/CDK4/KMO/CMPK2/MIF,20
GO:0009746,response to hexose,19/404,213/18805,0.0892018779342723,4.1520824617673036,6.855188607470127,1.8477988516396686e-7,2.7999465272577275e-6,1.5831888118107839e-6,SMAD2/LPL/HIF1A/PPARA/ACE/SARM1/TGFB1/KHK/PFKL/PRKACA/ICAM1/TNF/GLUL/PTGS2/CDKN1B/TXN2/PIK3CA/PPP3CA/PRKCB,19
GO:0045580,regulation of T cell differentiation,18/404,192/18805,0.09375,4.363784034653466,6.941696499485811,1.8478929451572785e-7,2.7999465272577275e-6,1.5831888118107839e-6,IL23R/IRF4/IL4/IL23A/RUNX1/STAT5A/IL2RA/GATA3/IFNG/IL18/ADA/TBX21/IL4R/IL12RB1/TGFB1/IL4I1/CD74/LEF1,18
GO:0048771,tissue remodeling,18/404,192/18805,0.09375,4.363784034653466,6.941696499485811,1.8478929451572785e-7,2.7999465272577275e-6,1.5831888118107839e-6,CTNNB1/NFKB1/IL23A/RUNX1/HIF1A/TP53/ACE/IL18/PPARG/MITF/EXT1/TGFB1/JAG1/CTSK/PML/EPAS1/PPP3CA/BAX,18
GO:0006493,protein O-linked glycosylation,13/404,99/18805,0.13131313131313133,6.112236223622363,7.5567166272385755,1.9910176557082318e-7,3.007078923879336e-6,1.7003087959613594e-6,B3GALT2/B4GAT1/LARGE2/POMGNT1/POMT1/B3GALNT1/B3GALT4/ST3GAL3/ST6GAL1/GCNT1/C1GALT1C1/PGM3/B3GNT5,13
GO:0046488,phosphatidylinositol metabolic process,16/404,154/18805,0.1038961038961039,4.836055034074836,7.08254299620372,2.1927251547712275e-7,3.3010736895944975e-6,1.866543836266589e-6,INPP5B/PIP4P2/MTM1/CDIPT/IMPA1/INPP5A/IPMK/INPP1/PTEN/PIP5K1C/INPP4A/PIK3C2A/PIK3C3/PIK3CA/PIKFYVE/PGAP1,16
GO:0006110,regulation of glycolytic process,10/404,55/18805,0.18181818181818182,8.463096309630963,8.212868061291225,2.314386489038423e-7,3.429100487872752e-6,1.938934716832656e-6,PRKAG2/MTOR/STAT3/HIF1A/IGF1/PPARA/FBP1/IFNG/PRKACA/PFKFB1,10
GO:0006111,regulation of gluconeogenesis,10/404,55/18805,0.18181818181818182,8.463096309630963,8.212868061291225,2.314386489038423e-7,3.429100487872752e-6,1.938934716832656e-6,PPARGC1A/PRKAG2/GNMT/PPARA/PDK2/FOXO1/FBP1/PRKACA/ACADM/NNMT,10
GO:0030811,regulation of nucleotide catabolic process,10/404,55/18805,0.18181818181818182,8.463096309630963,8.212868061291225,2.314386489038423e-7,3.429100487872752e-6,1.938934716832656e-6,PRKAG2/MTOR/STAT3/HIF1A/IGF1/PPARA/FBP1/IFNG/PRKACA/PFKFB1,10
GO:0033121,regulation of purine nucleotide catabolic process,10/404,55/18805,0.18181818181818182,8.463096309630963,8.212868061291225,2.314386489038423e-7,3.429100487872752e-6,1.938934716832656e-6,PRKAG2/MTOR/STAT3/HIF1A/IGF1/PPARA/FBP1/IFNG/PRKACA/PFKFB1,10
GO:0046365,monosaccharide catabolic process,10/404,55/18805,0.18181818181818182,8.463096309630963,8.212868061291225,2.314386489038423e-7,3.429100487872752e-6,1.938934716832656e-6,TP53/TKFC/TPI1/FUT8/PFKL/RBKS/PKM/GLB1/PGK1/GALM,10
GO:0050870,positive regulation of T cell activation,21/404,261/18805,0.08045977011494253,3.7451633094343917,6.617315191968292,2.4110016848960234e-7,3.5609810374394894e-6,2.013504644699817e-6,IL23R/MTOR/IL4/IL23A/RUNX1/CD274/IL2RA/IGF1/GATA3/IL12A/IFNG/IL18/ADA/IL4R/IL12RB1/TGFB1/IL4I1/CD74/LEF1/PIK3CA/PPP3CA,21
GO:0043650,dicarboxylic acid biosynthetic process,6/404,14/18805,0.42857142857142855,19.9487270155587,10.509067992620356,2.459237572355226e-7,3.6208019854613734e-6,2.0473295248174095e-6,GLS2/MTHFD1/HAAO/KYNU/KMO/MTHFD1L,6
GO:2000377,regulation of reactive oxygen species metabolic process,16/404,156/18805,0.10256410256410256,4.7740543285097745,7.013547836968568,2.620126440648581e-7,3.845220968309286e-6,2.1742239563159818e-6,SIRT2/PRKN/HIF1A/GCH1/TP53/PPARA/FOXO1/BCL2/ALOX5/CYP1B1/NFE2L2/TGFB1/TNF/MAPK14/ITGAM/PIKFYVE,16
GO:0070227,lymphocyte apoptotic process,12/404,85/18805,0.1411764705882353,6.571345369831101,7.628018070092506,2.6280878040558985e-7,3.845220968309286e-6,2.1742239563159818e-6,RORC/IL10/CD274/HIF1A/IL2RA/TP53/FASLG/BCL2/ADA/CD74/MIF/BAX,12
GO:0009069,serine family amino acid metabolic process,8/404,32/18805,0.25,11.636757425742575,8.923032922773624,2.8351853593908443e-7,4.129552301804399e-6,2.3349949502097764e-6,MTHFD1/SHMT1/MPST/PHGDH/PSAT1/CTH/SEPHS2/SCLY,8
GO:0006112,energy reserve metabolic process,13/404,102/18805,0.12745098039215685,5.93246456998641,7.40122342128688,2.840059464290937e-7,4.129552301804399e-6,2.3349949502097764e-6,PRKAG2/POMC/MTOR/GNMT/PTGES3/IGF1/KHK/PGM2/ENPP1/ACADM/PER2/GFPT1/AGL,13
GO:0002819,regulation of adaptive immune response,19/404,219/18805,0.0867579908675799,4.038326777883268,6.701293870872889,2.8502729616166274e-7,4.131572138169984e-6,2.3361370371405634e-6,IL23R/IL10/IL4/IL23A/CD274/STAT5A/GATA3/ALOX15/STAT6/IL12A/IL18/ADA/TBX21/IL4R/IL12RB1/TGFB1/TNF/IL4I1/ARG1,19
GO:0045913,positive regulation of carbohydrate metabolic process,12/404,86/18805,0.13953488372093023,6.494934377158646,7.5677278373478325,2.9957977773002035e-7,4.329112713987516e-6,2.4478334665074767e-6,PPARGC1A/PRKAG2/MTOR/NFKB1/HIF1A/IGF1/PPARA/FOXO1/IFNG/PRKACA/PFKFB1/NNMT,12
GO:0034284,response to monosaccharide,19/404,220/18805,0.08636363636363636,4.019970747074708,6.676177657607275,3.0590897794023935e-7,4.406971799126771e-6,2.4918577474322337e-6,SMAD2/LPL/HIF1A/PPARA/ACE/SARM1/TGFB1/KHK/PFKL/PRKACA/ICAM1/TNF/GLUL/PTGS2/CDKN1B/TXN2/PIK3CA/PPP3CA/PRKCB,19
GO:0042092,type 2 immune response,9/404,44/18805,0.20454545454545456,9.520983348334834,8.384615551482625,3.2505074992598344e-7,4.668366905378695e-6,2.6396597870967013e-6,IL10/IL4/GATA3/STAT6/IL18/TBX21/IL4R/CD74/ARG1,9
GO:0034341,response to type II interferon,14/404,121/18805,0.11570247933884298,5.385606742492431,7.171046404750458,3.3499676260470405e-7,4.796497989343193e-6,2.712109634478773e-6,IL23R/STAT1/GCH1/TP53/FASLG/IFNG/PPARG/IL12RB1/EDN1/TNF/KYNU/GAPDH/CD74/ARG1,14
GO:1900542,regulation of purine nucleotide metabolic process,12/404,87/18805,0.13793103448275862,6.420279959030386,7.508388131580092,3.408608845163341e-7,4.865581284467915e-6,2.751171773294546e-6,PRKAG2/MTOR/IL4/STAT3/HIF1A/IGF1/TP53/PPARA/FBP1/IFNG/PRKACA/PFKFB1,12
GO:0009743,response to carbohydrate,20/404,245/18805,0.08163265306122448,3.799757526773085,6.53596274800615,3.7084633996374336e-7,5.26152292033408e-6,2.975051180251402e-6,SMAD2/LPL/HIF1A/PPARA/ACE/SARM1/FBP1/TGFB1/KHK/PFKL/PRKACA/ICAM1/TNF/GLUL/PTGS2/CDKN1B/TXN2/PIK3CA/PPP3CA/PRKCB,20
GO:0072593,reactive oxygen species metabolic process,20/404,245/18805,0.08163265306122448,3.799757526773085,6.53596274800615,3.7084633996374336e-7,5.26152292033408e-6,2.975051180251402e-6,SIRT2/PRKN/HIF1A/GCH1/TP53/PPARA/GLS2/ALOX12/FOXO1/BCL2/ALOX5/CYP1B1/NFE2L2/TGFB1/EDN1/TNF/MAPK14/ACOX1/ITGAM/PIKFYVE,20
GO:0050727,regulation of inflammatory response,28/404,442/18805,0.06334841628959276,2.9486806146678015,6.142923028000869,3.744416669804933e-7,5.296483035657612e-6,2.9948188661343324e-6,NFKB1/IL10/IL4/IL23A/MGLL/LPL/STAT3/LPCAT3/IL2RA/IGF1/PPARA/GATA3/ALOX15/IRF3/S100A8/CEBPB/ALOX5/IFNG/IL18/PPARG/ADA/TGFB1/GBA1/SHPK/TNF/MAPK14/CEBPA/PTGS2,28
GO:0006584,catecholamine metabolic process,10/404,58/18805,0.1724137931034483,8.025349948787984,7.939829208849238,3.8985728029422796e-7,5.481416775788514e-6,3.099386944649861e-6,PRKN/ALDH2/GCH1/GATA3/ABAT/HPRT1/NR4A2/AOC2/EPAS1/ITGAM,10
GO:0009712,catechol-containing compound metabolic process,10/404,58/18805,0.1724137931034483,8.025349948787984,7.939829208849238,3.8985728029422796e-7,5.481416775788514e-6,3.099386944649861e-6,PRKN/ALDH2/GCH1/GATA3/ABAT/HPRT1/NR4A2/AOC2/EPAS1/ITGAM,10
GO:0071219,cellular response to molecule of bacterial origin,20/404,246/18805,0.08130081300813008,3.7843113579650645,6.513331131033404,3.958158068832094e-7,5.548531759961636e-6,3.1373361308265733e-6,NFKB1/IL10/MAPK8/CXCL8/CD274/CXCL10/MAPK1/TRIM5/IRF3/IL18/SHPK/TNF/MAPK14/CARD16/PTGS2/CTSG/CDK4/KMO/CMPK2/MIF,20
GO:0032722,positive regulation of chemokine production,11/404,73/18805,0.1506849315068493,7.013935982639359,7.628220662550368,4.231299140581928e-7,5.896113861965651e-6,3.3338713466677796e-6,LPL/HIF1A/HMOX1/IFNG/IL18/IL4R/TGFB1/TNF/CD74/MIF/ALOX15B,11
GO:0045670,regulation of osteoclast differentiation,11/404,73/18805,0.1506849315068493,7.013935982639359,7.628220662550368,4.231299140581928e-7,5.896113861965651e-6,3.3338713466677796e-6,IL23R/CTNNB1/MTOR/IL4/IL23A/FOS/CEBPB/IFNG/MITF/TNF/PPP3CA,11
GO:0045785,positive regulation of cell adhesion,30/404,499/18805,0.06012024048096192,2.7984186194170517,6.033084737165054,4.3414801798757944e-7,6.031694422011415e-6,3.4105333913439406e-6,IL23R/MTOR/IL10/IL4/IL23A/RUNX1/CD274/IL2RA/IGF1/GATA3/ALOX15/IL12A/ALOX5/IFNG/IL18/ADA/IL4R/IL12RB1/TGFB1/GCNT2/TNF/IL4I1/CTSG/CD74/GCNT1/LEF1/VAV3/PIK3CA/VEGFA/PPP3CA,30
GO:0044042,glucan metabolic process,12/404,89/18805,0.1348314606741573,6.276004004894871,7.392455054775833,4.388956552273562e-7,6.079613780397875e-6,3.4376286916748705e-6,PRKAG2/POMC/GNMT/PTGES3/IGF1/KHK/PGM2/ENPP1/ACADM/PER2/MGAM/AGL,12
GO:0071887,leukocyte apoptotic process,14/404,124/18805,0.11290322580645161,5.255309805174066,7.044287256860387,4.5408803507944627e-7,6.253059353652846e-6,3.5357009542563695e-6,RORC/IL10/CD274/HIF1A/IL2RA/TP53/IRF3/FASLG/BCL2/ADA/ST6GAL1/CD74/MIF/BAX,14
GO:0072329,monocarboxylic acid catabolic process,14/404,124/18805,0.11290322580645161,5.255309805174066,7.044287256860387,4.5408803507944627e-7,6.253059353652846e-6,3.5357009542563695e-6,PPARA/ECHS1/PCCA/SORD/ACADS/MCAT/ACACB/ACOX1/IVD/HADH/LDHD/ACADM/ECHDC1/CPT2,14
GO:0002822,regulation of adaptive immune response based on somatic recombination of immune receptors built from immunoglobulin superfamily domains,18/404,204/18805,0.08823529411764706,4.107090856144438,6.611438787870011,4.5719392364333303e-7,6.2773664237480505e-6,3.549445031526417e-6,IL23R/IL10/IL4/IL23A/CD274/STAT5A/GATA3/STAT6/IL12A/IL18/ADA/TBX21/IL4R/IL12RB1/TGFB1/TNF/IL4I1/ARG1,18
GO:0045165,cell fate commitment,22/404,295/18805,0.07457627118644068,3.4713039100520224,6.3391210654086,4.6158289716047495e-7,6.319096855278783e-6,3.5730408936860407e-6,SMAD2/IL23R/CTNNB1/IRF4/MTOR/IL23A/STAT3/STAT5A/TP53/GATA3/STAT6/BCL2/PPARG/MITF/TBX21/EHMT2/EXT1/IL12RB1/JAG1/EDN1/PML/EPAS1,22
GO:0002828,regulation of type 2 immune response,8/404,34/18805,0.23529411764705882,10.952242283051834,8.606206946669575,4.7132719189438384e-7,6.433684875946079e-6,3.6378330140075964e-6,IL4/GATA3/STAT6/IL18/TBX21/IL4R/CD74/ARG1,8
GO:0006635,fatty acid beta-oxidation,11/404,74/18805,0.14864864864864866,6.9191530639550445,7.559447229096191,4.875419547206619e-7,6.6356727674480786e-6,3.7520441129818384e-6,PPARA/ECHS1/ACADS/MCAT/ACACB/ACOX1/IVD/HADH/ACADM/ECHDC1/CPT2,11
GO:0042129,regulation of T cell proliferation,17/404,184/18805,0.09239130434782608,4.3005407877744295,6.666342251804759,4.988304021514375e-7,6.769634617023276e-6,3.827790881497683e-6,IL23R/CTNNB1/IL10/IL4/IL23A/CD274/IL2RA/IGF1/CEBPB/IL18/PRNP/IL12RB1/TGFB1/BID/IL4I1/ARG1/PPP3CA,17
GO:0009142,nucleoside triphosphate biosynthetic process,14/404,125/18805,0.112,5.213267326732673,7.002944382185216,5.015106188719831e-7,6.786337333984465e-6,3.837235188509393e-6,PRKAG2/IL4/NME6/DTYMK/PPARA/ADK/CTPS1/UCKL1/IMPDH1/TGFB1/ALDOA/CMPK2/NUDT2/AK3,14
GO:0006730,one-carbon metabolic process,7/404,24/18805,0.2916666666666667,13.57621699669967,9.134638773136567,5.062059086311719e-7,6.810505931641226e-6,3.85090096856442e-6,GNMT/MTHFD2/MTHFD1/SHMT1/AHCYL1/MTHFD1L/MAT2B,7
GO:0009147,pyrimidine nucleoside triphosphate metabolic process,7/404,24/18805,0.2916666666666667,13.57621699669967,9.134638773136567,5.062059086311719e-7,6.810505931641226e-6,3.85090096856442e-6,NME6/DTYMK/CTPS1/UCKL1/DUT/CMPK2/AK3,7
GO:0042060,wound healing,28/404,450/18805,0.06222222222222222,2.8962596259625966,6.032842009987537,5.370593162473989e-7,7.204904638023844e-6,4.073907948611698e-6,MTOR/DGKK/NFATC1/B4GALT1/HIF1A/IGF1/HMOX1/PPARA/ALOX12/ALOX15/ALOX5/PPARG/EXT1/NFE2L2/TGFB1/EDN1/ITPK1/PTEN/TNF/MAPK14/GLA/CTSG/C1GALT1C1/VAV3/PIK3CA/VEGFA/PPP3CA/AK3,28
GO:1901342,regulation of vasculature development,25/404,372/18805,0.06720430107526881,3.1281605983178964,6.142892959478195,5.419517360764304e-7,7.249765795170992e-6,4.09927403378112e-6,CTNNB1/KLF2/IL10/RUNX1/STAT3/CXCL8/HIF1A/STAT1/HMOX1/RAPGEF3/CXCL10/FASLG/ALOX5/CYP1B1/PPARG/NFE2L2/TGFB1/SP1/TNF/PML/GLUL/PKM/PGK1/VEGFA/PRKCB,25
GO:0120254,olefinic compound metabolic process,16/404,165/18805,0.09696969696969697,4.513651365136513,6.716960224458985,5.638841467086557e-7,7.521668304529704e-6,4.2530173308510095e-6,MGLL/PTGES3/ALOX12/ALOX15/RDH13/RETSAT/GPX4/ALOX5/PLA2G4B/CYP1B1/AKR1B1/PTGS2/EPHX1/CEL/PTGS1/ALOX15B,16
GO:2001233,regulation of apoptotic signaling pathway,26/404,399/18805,0.06516290726817042,3.033139780143428,6.082317236006554,5.77944851795638e-7,7.68732328439539e-6,4.346684516345784e-6,CTNNB1/IL10/ATF4/PRKN/HIF1A/IGF1/HMOX1/TP53/S100A8/RRM2B/FASLG/BCL2/PPARG/NFE2L2/SP1/NR4A2/BID/ICAM1/TNF/PML/MYC/PTGS2/CD74/CTH/MIF/BAX,26
GO:0032868,response to insulin,23/404,324/18805,0.07098765432098765,3.3042644542232,6.1992219147734415,6.022733979747864e-7,7.98822676860609e-6,4.516825990477375e-6,MTOR/IL10/STAT1/PPARA/PDK2/FOS/MAPK1/FOXO1/FBP1/SESN3/PPARG/KHK/CTSK/SP1/MAPK14/PFKFB1/PIK3C2A/PKM/GCNT1/HADH/ENPP1/PIK3CA/PRKCB,23
GO:0006081,aldehyde metabolic process,11/404,76/18805,0.14473684210526316,6.7370700885878065,7.425654662556345,6.428218144315303e-7,8.47800488779838e-6,4.793763864478277e-6,ALDH2/HAGH/GLO1/RDH13/CYP1B1/TKFC/TPI1/PNPO/SHPK/TKT/TALDO1,11
GO:1903578,regulation of ATP metabolic process,11/404,76/18805,0.14473684210526316,6.7370700885878065,7.425654662556345,6.428218144315303e-7,8.47800488779838e-6,4.793763864478277e-6,PRKAG2/MTOR/IL4/STAT3/HIF1A/IGF1/PPARA/FBP1/IFNG/PRKACA/PFKFB1,11
GO:0045598,regulation of fat cell differentiation,15/404,147/18805,0.10204081632653061,4.7496969084663565,6.762657282989558,6.625480350152744e-7,8.68921540599864e-6,4.913189762828882e-6,RORC/SIRT2/LPL/FOXO1/CEBPB/ALOX5/PPARG/TGFB1/JAG1/TNF/MAPK14/CEBPA/PTGS2/ENPP1/VEGFA,15
GO:0050671,positive regulation of lymphocyte proliferation,15/404,147/18805,0.10204081632653061,4.7496969084663565,6.762657282989558,6.625480350152744e-7,8.68921540599864e-6,4.913189762828882e-6,IL23R/IL4/IL23A/CD274/IL2RA/IGF1/IL12A/BCL2/IL18/ADA/IL12RB1/CD74/VAV3/MIF/PPP3CA,15
GO:0006029,proteoglycan metabolic process,13/404,110/18805,0.11818181818181818,5.501012601260126,7.015181758762186,6.89435858990392e-7,8.901333823129055e-6,5.03312901935061e-6,CTNNB1/IGF1/B4GAT1/EXT1/EXTL2/B4GALT4/CANT1/HEXA/ST3GAL3/CHST8/GLB1/SGSH/IDUA,13
GO:0009220,pyrimidine ribonucleotide biosynthetic process,7/404,25/18805,0.28,13.033168316831684,8.920666284966481,6.90129042673184e-7,8.901333823129055e-6,5.03312901935061e-6,NME6/CDA/CTPS1/UCKL1/UMPS/CMPK1/DHODH,7
GO:0061615,glycolytic process through fructose-6-phosphate,7/404,25/18805,0.28,13.033168316831684,8.920666284966481,6.90129042673184e-7,8.901333823129055e-6,5.03312901935061e-6,TPI1/PFKL/PRKACA/PFKFB1/PKM/PGK1/ADPGK,7
GO:0072540,T-helper 17 cell lineage commitment,7/404,25/18805,0.28,13.033168316831684,8.920666284966481,6.90129042673184e-7,8.901333823129055e-6,5.03312901935061e-6,IL23R/IRF4/IL23A/STAT3/STAT5A/TBX21/IL12RB1,7
GO:1901071,glucosamine-containing compound metabolic process,7/404,25/18805,0.28,13.033168316831684,8.920666284966481,6.90129042673184e-7,8.901333823129055e-6,5.03312901935061e-6,EXTL2/AMDHD2/NAGK/RENBP/GNPDA1/NANP/PGM3,7
GO:1901659,glycosyl compound biosynthetic process,7/404,25/18805,0.28,13.033168316831684,8.920666284966481,6.90129042673184e-7,8.901333823129055e-6,5.03312901935061e-6,DTYMK/ADK/ADA/UCKL1/HPRT1/PGM2/DCTD,7
GO:0019674,NAD metabolic process,9/404,48/18805,0.1875,8.727568069306932,7.94285912457912,7.127379162699682e-7,9.167689351582394e-6,5.183735857197717e-6,NMNAT2/NADSYN1/SARM1/QPRT/HAAO/KYNU/NADK2/KMO/NNMT,9
GO:0070228,regulation of lymphocyte apoptotic process,10/404,62/18805,0.16129032258064516,7.507585435962951,7.604860672788008,7.441745734951842e-7,9.545822885217678e-6,5.397545933209484e-6,RORC/IL10/CD274/HIF1A/TP53/BCL2/ADA/CD74/MIF/BAX,10
GO:0048469,cell maturation,18/404,211/18805,0.08530805687203792,3.9708366571254285,6.430262162486406,7.511587051015864e-7,9.60908485597166e-6,5.433316489302531e-6,CTNNB1/SIRT2/KLF2/HIF1A/GATA3/BCL2/PPARG/AKR1B1/TGFB1/GBA1/DLD/EDN1/PRKACA/NR4A2/B4GALT6/CEBPA/EPAS1/VEGFA,18
GO:0006084,acetyl-CoA metabolic process,8/404,36/18805,0.2222222222222222,10.343784378437844,8.31473825387605,7.565537408179413e-7,9.651729194849049e-6,5.45742910700451e-6,ACSS2/PDK2/ACACA/DLAT/DLD/PDHA1/ACACB/PGK1,8
GO:0001676,long-chain fatty acid metabolic process,13/404,111/18805,0.11711711711711711,5.451453929176701,6.969591824806743,7.658993429193391e-7,9.744404140077025e-6,5.509830799319617e-6,MGLL/PTGES3/ALOX12/ALOX15/GPX4/ALOX5/PLA2G4B/CYP1B1/PTGS2/EPHX1/CPT2/PTGS1/ALOX15B,13
GO:0007584,response to nutrient,16/404,169/18805,0.09467455621301775,4.406819380162868,6.59190897436753,7.792468778142126e-7,9.887354693566785e-6,5.590660098995136e-6,MTOR/LPL/STAT1/PPARA/PDK2/CXCL10/ADSL/CYP1B1/PPARG/NFE2L2/TGFB1/ACACB/KYNU/PTGS2/PRKCB/AGL,16
GO:0030595,leukocyte chemotaxis,19/404,234/18805,0.0811965811965812,3.7794596767369044,6.339364926358325,7.884233173229086e-7,9.976751274880697e-6,5.641208088384396e-6,IL10/IL23A/CXCL8/CXCL10/MAPK1/S100A8/IL12A/ALOX5/EDN1/PIP5K1C/CSF3R/CTSG/CD74/HSD3B7/CYP7B1/VAV3/MIF/VEGFA/PIKFYVE,19
GO:0097193,intrinsic apoptotic signaling pathway,23/404,330/18805,0.0696969696969697,3.2441869186918693,6.094230327869621,8.28510206358715e-7,1.0455754140624e-5,5.91205325292146e-6,CTNNB1/IL10/ATF4/PRKN/HIF1A/TP53/PDK2/BCL2A1/S100A8/RRM2B/CEBPB/BCL2/CYP1B1/NFE2L2/BID/TNF/PML/MYC/PTGS2/CD74/MIF/ATP2A1/BAX,23
GO:0016241,regulation of macroautophagy,17/404,191/18805,0.08900523560209424,4.1429293452905505,6.468841913859672,8.445790016840992e-7,1.0629889478185355e-5,6.01051553264151e-6,MTOR/IL4/MAPK8/PRKN/HIF1A/HMOX1/TP53/BNIP3L/MTM1/SESN3/EHMT2/GBA1/PRKACA/LYPLA1/PIK3C3/GAPDH/PIK3CA,17
GO:0045622,regulation of T-helper cell differentiation,9/404,49/18805,0.1836734693877551,8.549454435239443,7.8404066328074675,8.566924390381228e-7,1.0753442358113917e-5,6.0803767015122876e-6,IL23R/IRF4/IL23A/STAT5A/GATA3/IL18/TBX21/IL4R/IL12RB1,9
GO:0007259,cell surface receptor signaling pathway via JAK-STAT,14/404,131/18805,0.10687022900763359,4.974491723981558,6.763845186470036,8.917762426185917e-7,1.1163894031925793e-5,6.312460597201684e-6,IL23R/IL10/IL4/IL23A/STAT3/STAT5A/STAT1/STAT6/IL12A/CYP1B1/IFNG/IL18/STAT4/TNF,14
GO:0009435,NAD biosynthetic process,7/404,26/18805,0.2692307692307692,12.531892612338156,8.71858736240518,9.27017317790499e-7,1.1543337983763607e-5,6.527011630019891e-6,NMNAT2/NADSYN1/QPRT/HAAO/KYNU/KMO/NNMT,7
GO:0046514,ceramide catabolic process,7/404,26/18805,0.2692307692307692,12.531892612338156,8.71858736240518,9.27017317790499e-7,1.1543337983763607e-5,6.527011630019891e-6,GALC/ACER3/GBA1/GLA/HEXA/GLB1/CEL,7
GO:0120161,regulation of cold-induced thermogenesis,15/404,151/18805,0.09933774834437085,4.623877122811618,6.624773614819389,9.35502037984579e-7,1.1618091622927848e-5,6.56927998193834e-6,PPARGC1A/IRF4/IL4/ATF4/PEMT/STAT6/CEBPB/IL18/IL4R/GATM/HADH/PER2/EPAS1/CPT2/VEGFA,15
GO:0002703,regulation of leukocyte mediated immunity,20/404,260/18805,0.07692307692307693,3.5805407463823307,6.208391093583221,9.504699082881753e-7,1.1772751615357769e-5,6.656730212600282e-6,IL23R/POMC/IL10/IL4/IL23A/CD274/GATA3/STAT6/IL12A/IL18/TBX21/IL4R/IL12RB1/TGFB1/ICAM1/TNF/IL4I1/SPI1/ITGAM/ARG1,20
GO:0009070,serine family amino acid biosynthetic process,6/404,17/18805,0.35294117647058826,16.428363424577753,9.429727364973104,9.594882924963778e-7,1.18530981146914e-5,6.702160965500321e-6,MTHFD1/SHMT1/PHGDH/PSAT1/CTH/SEPHS2,6
GO:0002763,positive regulation of myeloid leukocyte differentiation,10/404,64/18805,0.15625,7.272973391089109,7.4483854513723395,1.0090780649549206e-6,1.2400271653855482e-5,7.01155224025867e-6,IL23R/IL23A/RUNX1/FOS/IFNG/TGFB1/TNF/CD74/LEF1/PPP3CA,10
GO:1901607,alpha-amino acid biosynthetic process,10/404,64/18805,0.15625,7.272973391089109,7.4483854513723395,1.0090780649549206e-6,1.2400271653855482e-5,7.01155224025867e-6,GLS2/MTHFD1/SHMT1/OAT/GLUL/PHGDH/PSAT1/CTH/SEPHS2/MTR,10
GO:0106106,cold-induced thermogenesis,15/404,152/18805,0.09868421052631579,4.593456878582596,6.591055637674644,1.0178974993491503e-6,1.2475905999876235e-5,7.0543185749879125e-6,PPARGC1A/IRF4/IL4/ATF4/PEMT/STAT6/CEBPB/IL18/IL4R/GATM/HADH/PER2/EPAS1/CPT2/VEGFA,15
GO:0006693,prostaglandin metabolic process,9/404,50/18805,0.18,8.378465346534654,7.740831268762744,1.025112431645058e-6,1.2531531083452117e-5,7.085770964923241e-6,PTGES3/HPGDS/AKR1B1/EDN1/PTGS2/ACOX1/CD74/MIF/PTGS1,9
GO:0009138,pyrimidine nucleoside diphosphate metabolic process,5/404,10/18805,0.5,23.27351485148515,10.439090965333204,1.029602911142284e-6,1.2553647994708788e-5,7.098276648911308e-6,DTYMK/UMPS/CMPK1/DHODH/CMPK2,5
GO:0008202,steroid metabolic process,23/404,335/18805,0.06865671641791045,3.195766218412886,6.00855645666407,1.0740168159365668e-6,1.30611603434156e-5,7.385242083610296e-6,RORC/PRKAG2/NFKB1/IL4/LPCAT3/GNAI1/MAPK1/IDI1/FDPS/CYP1B1/IFNG/AKR1B1/HSD17B8/GBA1/SOAT1/PRKACA/TNF/CEBPA/BDH1/HSD3B7/CYP7B1/LCAT/SGPL1,23
GO:0019915,lipid storage,12/404,97/18805,0.12371134020618557,5.758395427171583,6.961900421840199,1.1293248029749744e-6,1.3662787409635222e-5,7.725423308804736e-6,NFKB1/LPL/PPARA/PPARG/GBA1/PISD/SOAT1/TNF/GLA/HEXA/ACACB/ENPP1,12
GO:0170062,nutrient storage,12/404,97/18805,0.12371134020618557,5.758395427171583,6.961900421840199,1.1293248029749744e-6,1.3662787409635222e-5,7.725423308804736e-6,NFKB1/LPL/PPARA/PPARG/GBA1/PISD/SOAT1/TNF/GLA/HEXA/ACACB/ENPP1,12
GO:0001906,cell killing,20/404,263/18805,0.07604562737642585,3.5396980762715056,6.1457765645844935,1.137164127618024e-6,1.3722171251308215e-5,7.759001033530468e-6,IL23R/POMC/IL4/IL23A/MAPK8/CXCL8/CXCL1/CXCL10/IL12A/IL18/HPRT1/IL12RB1/TGFB1/ICAM1/SPI1/GAPDH/CTSG/ITGAM/ARG1/FCGR3B,20
GO:0010742,macrophage derived foam cell differentiation,8/404,38/18805,0.21052631578947367,9.799374674309536,8.045282023016316,1.177555661055368e-6,1.4173047827920906e-5,8.013942599253824e-6,NFKB1/LPL/PPARA/IL18/PPARG/TGFB1/SOAT1/ALOX15B,8
GO:0007162,negative regulation of cell adhesion,22/404,312/18805,0.07051282051282051,3.28216235085047,6.02303296032908,1.1854765924589298e-6,1.4231798476647972e-5,8.047162294289362e-6,IL10/RUNX1/CD274/STAT5A/IL2RA/PPARA/ALOX12/CEBPB/CYP1B1/TBX21/PRNP/IL4R/TGFB1/GCNT2/JAG1/PTEN/IL4I1/SPI1/CTSG/CD74/ARG1/VEGFA,22
GO:0006692,prostanoid metabolic process,9/404,51/18805,0.17647058823529413,8.214181712288877,7.643993350315024,1.2213896824266491e-6,1.4524388269215194e-5,8.212602913077231e-6,PTGES3/HPGDS/AKR1B1/EDN1/PTGS2/ACOX1/CD74/MIF/PTGS1,9
GO:0019320,hexose catabolic process,9/404,51/18805,0.17647058823529413,8.214181712288877,7.643993350315024,1.2213896824266491e-6,1.4524388269215194e-5,8.212602913077231e-6,TP53/TKFC/TPI1/FUT8/PFKL/PKM/GLB1/PGK1/GALM,9
GO:0045765,regulation of angiogenesis,24/404,363/18805,0.06611570247933884,3.077489567138532,5.922202404882561,1.2239643018586151e-6,1.4524388269215194e-5,8.212602913077231e-6,CTNNB1/KLF2/IL10/RUNX1/STAT3/CXCL8/HIF1A/STAT1/HMOX1/RAPGEF3/CXCL10/FASLG/ALOX5/CYP1B1/PPARG/NFE2L2/SP1/TNF/PML/GLUL/PKM/PGK1/VEGFA/PRKCB,24
GO:0006760,folic acid-containing compound metabolic process,7/404,27/18805,0.25925925925925924,12.067748441510817,8.527300847488737,1.2284617160634807e-6,1.4524388269215194e-5,8.212602913077231e-6,GCH1/MTHFD2/MTHFD1/SHMT1/ATIC/MTHFD1L/MTR,7
GO:0018904,ether metabolic process,7/404,27/18805,0.25925925925925924,12.067748441510817,8.527300847488737,1.2284617160634807e-6,1.4524388269215194e-5,8.212602913077231e-6,ALOX12/ALOX5/NCEH1/PAFAH1B1/EPHX1/FASN/PLAAT3,7
GO:0042104,positive regulation of activated T cell proliferation,7/404,27/18805,0.25925925925925924,12.067748441510817,8.527300847488737,1.2284617160634807e-6,1.4524388269215194e-5,8.212602913077231e-6,IL23R/IL23A/IL2RA/IGF1/IL18/IL12RB1/PPP3CA,7
GO:0018958,phenol-containing compound metabolic process,13/404,116/18805,0.11206896551724138,5.216477466712188,6.7496435382494635,1.2736492406971328e-6,1.5020719760564169e-5,8.493246295514489e-6,PRKN/ALDH2/GCH1/GATA3/ABAT/BCL2/HPRT1/DCT/CTSK/NR4A2/AOC2/EPAS1/ITGAM,13
GO:0002705,positive regulation of leukocyte mediated immunity,15/404,155/18805,0.0967741935483871,4.50455126157777,6.491632696669339,1.305683133212669e-6,1.5321324385217334e-5,8.663218783880393e-6,IL23R/POMC/IL4/IL23A/GATA3/STAT6/IL12A/IL18/TBX21/IL12RB1/TGFB1/TNF/SPI1/ITGAM/ARG1,15
GO:1903038,negative regulation of leukocyte cell-cell adhesion,15/404,155/18805,0.0967741935483871,4.50455126157777,6.491632696669339,1.305683133212669e-6,1.5321324385217334e-5,8.663218783880393e-6,IL10/RUNX1/CD274/STAT5A/IL2RA/PPARA/CEBPB/TBX21/PRNP/IL4R/TGFB1/IL4I1/CTSG/CD74/ARG1,15
GO:0031100,animal organ regeneration,10/404,66/18805,0.15151515151515152,7.052580258025803,7.298513409315474,1.3528047959076398e-6,1.5834580136098924e-5,8.953431741336091e-6,CCND1/IL10/ACE/CEBPB/TGFB1/TNF/PFKFB1/GLI1/ATIC/NNMT,10
GO:2001234,negative regulation of apoptotic signaling pathway,19/404,243/18805,0.07818930041152264,3.639479688709612,6.136265867784934,1.3929243594139416e-6,1.6263520824877993e-5,9.195969980118291e-6,CTNNB1/IL10/ATF4/PRKN/HIF1A/IGF1/HMOX1/RRM2B/BCL2/NFE2L2/NR4A2/BID/ICAM1/TNF/PTGS2/CD74/CTH/MIF/BAX,19
GO:0050868,negative regulation of T cell activation,14/404,136/18805,0.10294117647058823,4.791605998835178,6.575476336544611,1.4050591085384694e-6,1.6323788452052392e-5,9.230047428429544e-6,IL10/RUNX1/CD274/STAT5A/IL2RA/CEBPB/TBX21/PRNP/IL4R/TGFB1/IL4I1/CTSG/CD74/ARG1,14
GO:0051384,response to glucocorticoid,14/404,136/18805,0.10294117647058823,4.791605998835178,6.575476336544611,1.4050591085384694e-6,1.6323788452052392e-5,9.230047428429544e-6,IL10/FOS/ACE/BCL2/CYP1B1/TGFB1/GBA1/EDN1/TNF/PFKFB1/PTGS2/GLB1/PIK3CA/AGL,14
GO:0006044,N-acetylglucosamine metabolic process,6/404,18/18805,0.3333333333333333,15.515676567656765,9.129351083631256,1.4132142153288801e-6,1.637789345586588e-5,9.26064031149592e-6,EXTL2/AMDHD2/NAGK/RENBP/GNPDA1/NANP,6
GO:0090077,foam cell differentiation,8/404,39/18805,0.20512820512820512,9.548108657019549,7.917928443838364,1.4538674668303889e-6,1.6807425875802173e-5,9.50351313600631e-6,NFKB1/LPL/PPARA/IL18/PPARG/TGFB1/SOAT1/ALOX15B,8
GO:0030324,lung development,17/404,199/18805,0.08542713567839195,3.9763794218617843,6.254367758464705,1.4955421558284766e-6,1.7246621609824944e-5,9.751849940131239e-6,SMAD2/CTNNB1/KLF2/PTGES3/ACE/MME/MAPK1/ADA/EXT1/TGFB1/THRB/TNF/CEBPA/GLI1/EPAS1/VEGFA/KRAS,17
GO:0002456,T cell mediated immunity,14/404,137/18805,0.10218978102189781,4.756630772566307,6.538904436113791,1.5348644611366364e-6,1.7656598051699585e-5,9.983665122872473e-6,IL23R/IL4/IL23A/CD274/GATA3/IL12A/IL18/HPRT1/TBX21/IL12RB1/JAG1/ICAM1/IL4I1/ARG1,14
GO:0014823,response to activity,11/404,83/18805,0.13253012048192772,6.168883454610522,6.992858765624765,1.5837076257799088e-6,1.8173821333091993e-5,1.0276121462426396e-5,PPARGC1A/IL10/NFATC1/HIF1A/FOS/ADSL/EDN1/TNF/HADH/PIK3CA/SLC38A2,11
GO:0072529,pyrimidine-containing compound catabolic process,7/404,28/18805,0.25,11.636757425742575,8.345843926655263,1.6078391437668815e-6,1.840563049172748e-5,1.0407194560735318e-5,CDA/ALDH6A1/DUT/DPYD/TYMP/UPB1/DCTD,7
GO:0042552,myelination,15/404,158/18805,0.0949367088607595,4.419021807244016,6.394712444668011,1.664531174688268e-6,1.9008134048513343e-5,1.0747871384700884e-5,CTNNB1/SIRT2/MTOR/GALC/MAPK1/UGT8/ACER3/TGFB1/POMGNT1/PTEN/TNF/B4GALT6/HEXA/TYMP/PIKFYVE,15
GO:0002699,positive regulation of immune effector process,20/404,270/18805,0.07407407407407407,3.4479281261459476,6.003152006895164,1.7095094955996345e-6,1.9474266322135007e-5,1.101143906116809e-5,IL23R/POMC/IL10/IL4/IL23A/GATA3/STAT6/IL12A/IFNG/IL18/TBX21/IL4R/IL12RB1/TGFB1/TNF/SPI1/CD74/ITGAM/MIF/ARG1,20
GO:0000271,polysaccharide biosynthetic process,10/404,68/18805,0.14705882352941177,6.845151426907397,7.154763549276912,1.7944219787274364e-6,2.0391950738839457e-5,1.1530330292538333e-5,NFKB1/PTGES3/IGF1/EXT1/TGFB1/PGM2/ENPP1/ACADM/PER2/AGL,10
GO:0006222,UMP biosynthetic process,5/404,11/18805,0.45454545454545453,21.157740774077407,9.90885968039614,1.8542997696525198e-6,2.0920075955453247e-5,1.1828950971911446e-5,CDA/UCKL1/UMPS/CMPK1/DHODH,5
GO:0009188,ribonucleoside diphosphate biosynthetic process,5/404,11/18805,0.45454545454545453,21.157740774077407,9.90885968039614,1.8542997696525198e-6,2.0920075955453247e-5,1.1828950971911446e-5,UMPS/CMPK1/DHODH/GUK1/AK3,5
GO:0019372,lipoxygenase pathway,5/404,11/18805,0.45454545454545453,21.157740774077407,9.90885968039614,1.8542997696525198e-6,2.0920075955453247e-5,1.1828950971911446e-5,ALOX12/ALOX15/GPX4/ALOX5/ALOX15B,5
GO:0007272,ensheathment of neurons,15/404,160/18805,0.09375,4.363784034653466,6.3314326810499635,1.950556770272844e-6,2.1900495919466317e-5,1.2383315100937025e-5,CTNNB1/SIRT2/MTOR/GALC/MAPK1/UGT8/ACER3/TGFB1/POMGNT1/PTEN/TNF/B4GALT6/HEXA/TYMP/PIKFYVE,15
GO:0008366,axon ensheathment,15/404,160/18805,0.09375,4.363784034653466,6.3314326810499635,1.950556770272844e-6,2.1900495919466317e-5,1.2383315100937025e-5,CTNNB1/SIRT2/MTOR/GALC/MAPK1/UGT8/ACER3/TGFB1/POMGNT1/PTEN/TNF/B4GALT6/HEXA/TYMP/PIKFYVE,15
GO:0030323,respiratory tube development,17/404,203/18805,0.08374384236453201,3.8980271179827337,6.151283385001682,1.967651462273614e-6,2.2039579297524067e-5,1.2461957762825835e-5,SMAD2/CTNNB1/KLF2/PTGES3/ACE/MME/MAPK1/ADA/EXT1/TGFB1/THRB/TNF/CEBPA/GLI1/EPAS1/VEGFA/KRAS,17
GO:0060541,respiratory system development,18/404,226/18805,0.07964601769911504,3.7072855515640057,6.06697504876479,2.028138759675011e-6,2.2555240488429128e-5,1.2753530841160832e-5,SMAD2/CTNNB1/KLF2/PTGES3/ACE/MME/MAPK1/ADA/EXT1/TGFB1/THRB/TNF/CEBPA/GLI1/EPAS1/LEF1/VEGFA/KRAS,18
GO:0042053,regulation of dopamine metabolic process,6/404,19/18805,0.3157894736842105,14.699062011464303,8.852084770435482,2.0281410178617393e-6,2.2555240488429128e-5,1.2753530841160832e-5,PRKN/ALDH2/ABAT/HPRT1/NR4A2/ITGAM,6
GO:0042069,regulation of catecholamine metabolic process,6/404,19/18805,0.3157894736842105,14.699062011464303,8.852084770435482,2.0281410178617393e-6,2.2555240488429128e-5,1.2753530841160832e-5,PRKN/ALDH2/ABAT/HPRT1/NR4A2/ITGAM,6
GO:0045980,negative regulation of nucleotide metabolic process,7/404,29/18805,0.2413793103448276,11.235489928303176,8.173370520521825,2.080474426277118e-6,2.302785168754011e-5,1.3020761931285186e-5,STAT3/TP53/PPARA/FBP1/CDA/PRKACA/PFKFB1,7
GO:0090594,inflammatory response to wounding,7/404,29/18805,0.2413793103448276,11.235489928303176,8.173370520521825,2.080474426277118e-6,2.302785168754011e-5,1.3020761931285186e-5,STAT3/HIF1A/HMOX1/ALOX5/PPARG/TGFB1/TNF,7
GO:0072539,T-helper 17 cell differentiation,8/404,41/18805,0.1951219512195122,9.082347259116156,7.676474531731894,2.174658331245104e-6,2.401356204455089e-5,1.3578117435654015e-5,IL23R/RORC/IRF4/IL23A/STAT3/STAT5A/TBX21/IL12RB1,8
GO:0034248,regulation of amide metabolic process,11/404,86/18805,0.12790697674418605,5.95368984572876,6.8223156037931485,2.2658419607656747e-6,2.490298605705373e-5,1.4081029234805221e-5,MTOR/SAMD8/IGF1/TP53/PDK2/IFNG/PRNP/NFE2L2/SP1/TNF/PGK1,11
GO:0050871,positive regulation of B cell activation,11/404,86/18805,0.12790697674418605,5.95368984572876,6.8223156037931485,2.2658419607656747e-6,2.490298605705373e-5,1.4081029234805221e-5,IL10/IL4/STAT6/BCL2/ADA/TBX21/TGFB1/SPI1/CD74/VAV3/MIF,11
GO:0001822,kidney development,22/404,325/18805,0.06769230769230769,3.1508758568164508,5.7956364204197826,2.3250864885838455e-6,2.5494273863113736e-5,1.4415364276564456e-5,SMAD2/CTNNB1/STAT1/GATA3/ACE/MME/RRM2B/BCL2/AKR1B1/EXT1/TGFB1/JAG1/EDN1/MYC/MPST/ENPEP/GCNT1/ZMPSTE24/VEGFA/SGPL1/PPP3CA/BAX,22
GO:0071695,anatomical structure maturation,20/404,277/18805,0.07220216606498195,3.3607963684455084,5.865151478799962,2.533064770564941e-6,2.7709834709778166e-5,1.5668120752510645e-5,CTNNB1/SIRT2/KLF2/HIF1A/IGF1/GATA3/BCL2/PPARG/AKR1B1/EXT1/TGFB1/GBA1/DLD/EDN1/PRKACA/NR4A2/B4GALT6/CEBPA/EPAS1/VEGFA,20
GO:0005977,glycogen metabolic process,11/404,87/18805,0.12643678160919541,5.885256629111188,6.767252461310694,2.5444576428544007e-6,2.7769582013623085e-5,1.570190399160549e-5,PRKAG2/POMC/GNMT/PTGES3/IGF1/KHK/PGM2/ENPP1/ACADM/PER2/AGL,11
GO:0002791,regulation of peptide secretion,17/404,207/18805,0.0821256038647343,3.82270292246616,6.050793268667193,2.5703384871060614e-6,2.7986801852629254e-5,1.5824727772513453e-5,PRKN/HIF1A/RAPGEF3/FOXO1/S100A8/ABAT/ALOX5/IFNG/PFKL/PRKACA/TNF/AACS/CD74/HADH/PER2/PPP3CA/PRKCB,17
GO:0009062,fatty acid catabolic process,12/404,105/18805,0.11428571428571428,5.319660537482319,6.576859380636824,2.649505634994088e-6,2.8648926981621987e-5,1.6199116742458083e-5,PPARA/ECHS1/PCCA/ACADS/MCAT/ACACB/ACOX1/IVD/HADH/ACADM/ECHDC1/CPT2,12
GO:0032602,chemokine production,12/404,105/18805,0.11428571428571428,5.319660537482319,6.576859380636824,2.649505634994088e-6,2.8648926981621987e-5,1.6199116742458083e-5,IL10/LPL/HIF1A/HMOX1/IFNG/IL18/IL4R/TGFB1/TNF/CD74/MIF/ALOX15B,12
GO:0032642,regulation of chemokine production,12/404,105/18805,0.11428571428571428,5.319660537482319,6.576859380636824,2.649505634994088e-6,2.8648926981621987e-5,1.6199116742458083e-5,IL10/LPL/HIF1A/HMOX1/IFNG/IL18/IL4R/TGFB1/TNF/CD74/MIF/ALOX15B,12
GO:0009119,ribonucleoside metabolic process,7/404,30/18805,0.23333333333333334,10.860973597359735,8.009133664264297,2.663805486882697e-6,2.8737182694895822e-5,1.624901964470042e-5,GNMT/ADK/ADA/CDA/HPRT1/PGM2/DCTD,7
GO:0090087,regulation of peptide transport,17/404,209/18805,0.08133971291866028,3.786122033255957,6.0014832761768435,2.930118966488452e-6,3.153751034735387e-5,1.7832423958181385e-5,PRKN/HIF1A/RAPGEF3/FOXO1/S100A8/ABAT/ALOX5/IFNG/PFKL/PRKACA/TNF/AACS/CD74/HADH/PER2/PPP3CA/PRKCB,17
GO:0009143,nucleoside triphosphate catabolic process,5/404,12/18805,0.4166666666666667,19.394595709570957,9.44447680426365,3.1227386774745724e-6,3.322877838167261e-5,1.8788726731695096e-5,NUDT16/ITPA/ADA/DUT/ENPP1,5
GO:0009174,pyrimidine ribonucleoside monophosphate biosynthetic process,5/404,12/18805,0.4166666666666667,19.394595709570957,9.44447680426365,3.1227386774745724e-6,3.322877838167261e-5,1.8788726731695096e-5,CDA/UCKL1/UMPS/CMPK1/DHODH,5
GO:0019682,glyceraldehyde-3-phosphate metabolic process,5/404,12/18805,0.4166666666666667,19.394595709570957,9.44447680426365,3.1227386774745724e-6,3.322877838167261e-5,1.8788726731695096e-5,TKFC/TPI1/SHPK/TKT/TALDO1,5
GO:0043174,nucleoside salvage,5/404,12/18805,0.4166666666666667,19.394595709570957,9.44447680426365,3.1227386774745724e-6,3.322877838167261e-5,1.8788726731695096e-5,ADK/UCKL1/HPRT1/PGM2/DCTD,5
GO:2000343,positive regulation of chemokine (C-X-C motif) ligand 2 production,5/404,12/18805,0.4166666666666667,19.394595709570957,9.44447680426365,3.1227386774745724e-6,3.322877838167261e-5,1.8788726731695096e-5,LPL/TGFB1/TNF/CD74/MIF,5
GO:0002790,peptide secretion,19/404,257/18805,0.07392996108949416,3.441220094772123,5.83875221934162,3.1949359488354397e-6,3.3919932227772175e-5,1.9179529565153675e-5,SMAD2/PRKN/HIF1A/RAPGEF3/FOXO1/S100A8/ABAT/ALOX5/IFNG/PFKL/EDN1/PRKACA/TNF/AACS/CD74/HADH/PER2/PPP3CA/PRKCB,19
GO:0001889,liver development,14/404,146/18805,0.0958904109589041,4.463413807134138,6.224890562323852,3.2808886285374933e-6,3.475366642265281e-5,1.965095237144986e-5,CCND1/IL10/CEBPB/ADA/TGFB1/TNF/CEBPA/MPST/GLI1/ZMPSTE24/ACADM/TGFA/UPB1/PIK3CA,14
GO:2001242,regulation of intrinsic apoptotic signaling pathway,16/404,189/18805,0.08465608465608465,3.9404892870239405,6.020082037861292,3.4195585586597955e-6,3.614079722718998e-5,2.04352851966957e-5,CTNNB1/IL10/ATF4/PRKN/HIF1A/TP53/S100A8/RRM2B/BCL2/NFE2L2/BID/MYC/PTGS2/CD74/MIF/BAX,16
GO:0048145,regulation of fibroblast proliferation,11/404,90/18805,0.12222222222222222,5.689081408140813,6.607074484425189,3.568485740584071e-6,3.762984287705995e-5,2.1277244280628118e-5,CTNNB1/IGF1/TP53/TGFB1/PML/MYC/CD74/CDK4/ZMPSTE24/MIF/BAX,11
GO:0002697,regulation of immune effector process,25/404,414/18805,0.06038647342995169,2.810810972401588,5.5203384743490505,3.746074481216717e-6,3.941375442934083e-5,2.2285930976369117e-5,IL23R/POMC/IRF4/IL10/IL4/IL23A/CD274/STAT5A/GATA3/STAT6/IL12A/IFNG/IL18/TBX21/IL4R/IL12RB1/TGFB1/ICAM1/TNF/IL4I1/SPI1/CD74/ITGAM/MIF/ARG1,25
GO:1990845,adaptive thermogenesis,15/404,169/18805,0.08875739644970414,4.131393168902688,6.0589824199532405,3.860815001317109e-6,4.052990097795225e-5,2.291703971751836e-5,PPARGC1A/IRF4/IL4/ATF4/PEMT/STAT6/CEBPB/IL18/IL4R/GATM/HADH/PER2/EPAS1/CPT2/VEGFA,15
GO:0002902,regulation of B cell apoptotic process,6/404,21/18805,0.2857142857142857,13.299151343705798,8.355757825607434,3.911078462102725e-6,4.087426196331464e-5,2.3111753600066623e-5,IL10/BCL2/ADA/CD74/MIF/BAX,6
GO:0006085,acetyl-CoA biosynthetic process,6/404,21/18805,0.2857142857142857,13.299151343705798,8.355757825607434,3.911078462102725e-6,4.087426196331464e-5,2.3111753600066623e-5,ACSS2/PDK2/DLAT/DLD/PDHA1/PGK1,6
GO:0072001,renal system development,22/404,336/18805,0.06547619047619048,3.047722182932579,5.611953633810827,3.991762936144469e-6,4.1624574759528735e-5,2.3536006996608465e-5,SMAD2/CTNNB1/STAT1/GATA3/ACE/MME/RRM2B/BCL2/AKR1B1/EXT1/TGFB1/JAG1/EDN1/MYC/MPST/ENPEP/GCNT1/ZMPSTE24/VEGFA/SGPL1/PPP3CA/BAX,22
GO:0001818,negative regulation of cytokine production,24/404,389/18805,0.061696658097686374,2.8717961770470106,5.527526006966989,4.071298316729637e-6,4.235959715317369e-5,2.395161465865506e-5,IL23R/POMC/KLF2/NFKB1/IL10/IL4/IL23A/CD274/IGF1/PPARA/GATA3/IL12A/IFNG/TBX21/PRNP/TGFB1/GBA1/PRKACA/TNF/PML/RPS6KA5/CARD16/LEF1/ARG1,24
GO:0061008,hepaticobiliary system development,14/404,149/18805,0.09395973154362416,4.373546415044189,6.125839989608568,4.170293443163224e-6,4.329337893767231e-5,2.4479607911204364e-5,CCND1/IL10/CEBPB/ADA/TGFB1/TNF/CEBPA/MPST/GLI1/ZMPSTE24/ACADM/TGFA/UPB1/PIK3CA,14
GO:0001516,prostaglandin biosynthetic process,7/404,32/18805,0.21875,10.182162747524753,7.702792986529819,4.243880143181304e-6,4.386279653504385e-5,2.480157676333445e-5,PTGES3/HPGDS/EDN1/PTGS2/CD74/MIF/PTGS1,7
GO:0046457,prostanoid biosynthetic process,7/404,32/18805,0.21875,10.182162747524753,7.702792986529819,4.243880143181304e-6,4.386279653504385e-5,2.480157676333445e-5,PTGES3/HPGDS/EDN1/PTGS2/CD74/MIF/PTGS1,7
GO:0045912,negative regulation of carbohydrate metabolic process,9/404,59/18805,0.15254237288135594,7.1003943614700455,6.95384012453975,4.334945591848619e-6,4.452090019048065e-5,2.5173691849874964e-5,STAT3/PRKN/TP53/PPARA/FBP1/TGFB1/PRKACA/PFKFB1/ENPP1,9
GO:0031341,regulation of cell killing,12/404,110/18805,0.10909090909090909,5.077857785778578,6.355661733897679,4.336080838714049e-6,4.452090019048065e-5,2.5173691849874964e-5,IL23R/POMC/IL4/IL23A/MAPK8/IL12A/IL12RB1/TGFB1/ICAM1/SPI1/ITGAM/ARG1,12
GO:0048144,fibroblast proliferation,12/404,110/18805,0.10909090909090909,5.077857785778578,6.355661733897679,4.336080838714049e-6,4.452090019048065e-5,2.5173691849874964e-5,CTNNB1/PTGES3/IGF1/TP53/TGFB1/PML/MYC/CD74/CDK4/ZMPSTE24/MIF/BAX,12
GO:0043524,negative regulation of neuron apoptotic process,15/404,171/18805,0.08771929824561403,4.083072780962307,6.001003469371662,4.464359978206431e-6,4.57377098861324e-5,2.586171909521864e-5,CCND1/CTNNB1/PPARGC1A/IL10/ATF4/PRKN/HIF1A/CEBPB/BCL2/GBA1/NR4A2/PPT1/PIK3CA/BAX/KRAS,15
GO:0048872,homeostasis of number of cells,22/404,339/18805,0.06489675516224189,3.020751190163264,5.563157658281975,4.605277586214059e-6,4.707840536824067e-5,2.6619795746560242e-5,KLF2/STAT3/LPCAT3/HIF1A/IL2RA/STAT1/HMOX1/GATA3/BCL2/ADA/EXT1/MTHFD1/TGFB1/GBA1/MAPK14/SPI1/CD74/EPAS1/MIF/VEGFA/BAX/KRAS,22
GO:0042445,hormone metabolic process,18/404,240/18805,0.075,3.491027227722772,5.7548195428911955,4.742256533537809e-6,4.8373082984801796e-5,2.735185226888566e-5,NFKB1/HIF1A/GATA3/ACE/MME/RDH13/RETSAT/CYP1B1/AKR1B1/HSD17B8/CTSK/IL4I1/CHST8/CTSG/ENPEP/ZMPSTE24/CEL/SGPL1,18
GO:0042100,B cell proliferation,11/404,93/18805,0.11827956989247312,5.505562653039498,6.453948480454126,4.9363110111259274e-6,5.0243061204546944e-5,2.8409204102932972e-5,IL10/IL4/PCYT1A/BCL2/ADA/CTPS1/CD74/LEF1/VAV3/MIF/BAX,11
GO:2001243,negative regulation of intrinsic apoptotic signaling pathway,12/404,112/18805,0.10714285714285714,4.987181753889675,6.2709109370624745,5.2391091667751655e-6,5.320934732937381e-5,3.0086447207305726e-5,CTNNB1/IL10/ATF4/PRKN/HIF1A/RRM2B/BCL2/NFE2L2/BID/PTGS2/CD74/MIF,12
GO:0001890,placenta development,14/404,152/18805,0.09210526315789473,4.2872264200104215,6.029373096712598,5.2679968558543135e-6,5.338692917556255e-5,3.018685826492048e-5,IL10/HIF1A/MME/MAPK1/PLCD3/CEBPB/PPARG/ADA/MAPK14/CEBPA/PTGS2/CDKN1B/EPAS1/LEF1,14
GO:0042558,pteridine-containing compound metabolic process,7/404,33/18805,0.21212121212121213,9.873612361236123,7.5595725820622075,5.287582912425963e-6,5.346968292867896e-5,3.02336501642635e-5,GCH1/MTHFD2/MTHFD1/SHMT1/ATIC/MTHFD1L/MTR,7
GO:0050796,regulation of insulin secretion,15/404,174/18805,0.08620689655172414,4.012674974393992,5.915669631650351,5.528029823195358e-6,5.578068024181177e-5,3.154036979432016e-5,PRKN/HIF1A/RAPGEF3/FOXO1/ABAT/ALOX5/IFNG/PFKL/PRKACA/TNF/AACS/HADH/PER2/PPP3CA/PRKCB,15
GO:0019216,regulation of lipid metabolic process,22/404,343/18805,0.0641399416909621,2.9855237710359956,5.498925916301775,5.55657845424823e-6,5.5948172737183254e-5,3.1635075976082174e-5,RORC/PPARGC1A/PRKAG2/SIRT2/MTOR/SAMD8/NFKB1/LPCAT3/PPARA/PDK2/PLPP1/GNAI1/MAPK1/IFNG/PPARG/PRKACA/TNF/ACACB/PTGS2/CD74/ZMPSTE24/PGK1,22
GO:0001909,leukocyte mediated cytotoxicity,14/404,153/18805,0.0915032679738562,4.2592053322979355,5.997770245309195,5.6871143097828815e-6,5.7139633472968786e-5,3.230877002282347e-5,IL23R/POMC/IL23A/IL12A/IL18/HPRT1/IL12RB1/TGFB1/ICAM1/SPI1/CTSG/ITGAM/ARG1/FCGR3B,14
GO:0070231,T cell apoptotic process,9/404,61/18805,0.14754098360655737,6.8675945463398795,6.8012535735952575,5.7602711569374416e-6,5.7750727102314997e-05,3.2654303977679856e-5,RORC/CD274/HIF1A/IL2RA/TP53/FASLG/BCL2/ADA/BAX,9
GO:0010507,negative regulation of autophagy,11/404,95/18805,0.11578947368421053,5.389656070870244,6.355511292117591,6.0845989581713336e-6,6.074220111334368e-5,3.434578920390732e-5,SIRT2/MTOR/IL10/STAT3/HMOX1/TP53/MTM1/BCL2/EHMT2/LYPLA1/PIK3CA,11
GO:2000106,regulation of leukocyte apoptotic process,11/404,95/18805,0.11578947368421053,5.389656070870244,6.355511292117591,6.0845989581713336e-6,6.074220111334368e-5,3.434578920390732e-5,RORC/IL10/CD274/HIF1A/TP53/BCL2/ADA/ST6GAL1/CD74/MIF/BAX,11
GO:0042168,heme metabolic process,8/404,47/18805,0.1702127659574468,7.922898672846007,7.041071094354582,6.394882241948284e-6,6.370391203574865e-5,3.6020445326987536e-5,HMOX1/COX15/COX10/UROS/UROD/BLVRA/PPOX/CPOX,8
GO:0002443,leukocyte mediated immunity,27/404,483/18805,0.055900621118012424,2.602007871594613,5.285022770654573,6.434093875229857e-6,6.395844484888787e-5,3.616436718337935e-5,IL23R/POMC/IL10/IL4/IL23A/CD274/GATA3/ACE/STAT6/PCYT1A/IL12A/IL18/HPRT1/TBX21/IL4R/IL12RB1/TGFB1/JAG1/ICAM1/TNF/IL4I1/SPI1/CTSG/CD74/ITGAM/ARG1/FCGR3B,27
GO:1902253,regulation of intrinsic apoptotic signaling pathway by p53 class mediator,7/404,34/18805,0.20588235294117646,9.583211997670356,7.422337260105016,6.536241802934173e-6,6.483619517232584e-5,3.6660678265788245e-5,PRKN/TP53/RRM2B/BCL2/MYC/CD74/MIF,7
GO:0010038,response to metal ion,22/404,347/18805,0.06340057636887608,2.9511085114275115,5.435618038252566,6.68308713195079e-6,6.615267220252346e-5,3.740506094771612e-5,DTYMK/ATF4/PRKN/HIF1A/HMOX1/FOS/ALOX15/FBP1/S100A8/ABAT/BCL2/PRNP/NFE2L2/KHK/EDN1/AHCYL1/CEBPA/HAAO/PTGS2/UROS/CDKN1B/PPP3CA,22
GO:0010660,regulation of muscle cell apoptotic process,11/404,96/18805,0.11458333333333333,5.333513820132012,6.307330757937491,6.741453168966445e-6,6.658962813734366e-5,3.7652131290141266e-5,ATF4/IGF1/GCH1/TP53/ALOX12/FOXO1/IL12A/IFNG/PPARG/NFE2L2/EDN1,11
GO:0009651,response to salt stress,6/404,23/18805,0.2608695652173913,12.14270340077486,7.9227994282389345,7.0154905451445545e-6,6.886064304479413e-5,3.893624345368765e-5,TP53/FBP1/AKR1B1/TNF/KMO/BAX,6
GO:0033238,regulation of amine metabolic process,6/404,23/18805,0.2608695652173913,12.14270340077486,7.9227994282389345,7.0154905451445545e-6,6.886064304479413e-5,3.893624345368765e-5,PRKN/ALDH2/ABAT/HPRT1/NR4A2/ITGAM,6
GO:0045722,positive regulation of gluconeogenesis,6/404,23/18805,0.2608695652173913,12.14270340077486,7.9227994282389345,7.0154905451445545e-6,6.886064304479413e-5,3.893624345368765e-5,PPARGC1A/PRKAG2/PPARA/FOXO1/PRKACA/NNMT,6
GO:0006086,pyruvate decarboxylation to acetyl-CoA,5/404,14/18805,0.35714285714285715,16.62393917963225,8.665122412524196,7.617821862468489e-6,7.430550408349471e-5,4.201496049146547e-5,PDK2/DLAT/DLD/PDHA1/PGK1,5
GO:0046348,amino sugar catabolic process,5/404,14/18805,0.35714285714285715,16.62393917963225,8.665122412524196,7.617821862468489e-6,7.430550408349471e-5,4.201496049146547e-5,NPL/AMDHD2/NAGK/RENBP/GNPDA1,5
GO:1903377,negative regulation of oxidative stress-induced neuron intrinsic apoptotic signaling pathway,5/404,14/18805,0.35714285714285715,16.62393917963225,8.665122412524196,7.617821862468489e-6,7.430550408349471e-5,4.201496049146547e-5,CTNNB1/IL10/ATF4/PRKN/HIF1A,5
GO:0050708,regulation of protein secretion,19/404,273/18805,0.0695970695970696,3.2395368657744896,5.522980181433759,7.663595445707622e-6,7.455334861210067e-5,4.215510055519081e-5,PRKN/HIF1A/IGF1/RAPGEF3/FOXO1/ABAT/IL12A/ALOX5/IFNG/PPARG/TGFB1/PFKL/PRKACA/TNF/AACS/HADH/PER2/PPP3CA/PRKCB,19
GO:0031960,response to corticosteroid,14/404,157/18805,0.08917197452229299,4.150690546761682,5.874008045186281,7.675077751181658e-6,7.455334861210067e-5,4.215510055519081e-5,IL10/FOS/ACE/BCL2/CYP1B1/TGFB1/GBA1/EDN1/TNF/PFKFB1/PTGS2/GLB1/PIK3CA/AGL,14
GO:0002520,immune system development,16/404,202/18805,0.07920792079207921,3.6868934418194295,5.6889186843811945,8.032072127440517e-6,7.785954803452691e-5,4.4024542662118126e-5,CTNNB1/RORC/IL10/IL4/IL2RA/TP53/GATA3/STAT6/MAPK1/PCYT1A/BCL2/ADA/TBX21/TGFB1/ZMPSTE24/LEF1,16
GO:0031099,regeneration,16/404,203/18805,0.07881773399014778,3.6687314051602207,5.664585762406955,8.55095303996818e-6,8.271810358084921e-5,4.67717418345367e-5,CCND1/IL10/RUNX1/IGF1/ACE/CEBPB/BCL2/TGFB1/TNF/PFKFB1/GLI1/CDKN1B/ATIC/MTR/PPP3CA/NNMT,16
GO:0033013,tetrapyrrole metabolic process,9/404,64/18805,0.140625,6.545676051980198,6.58480918829814,8.642944161149865e-6,8.343559703609003e-5,4.7177438014741e-5,HMOX1/COX15/COX10/UROS/UROD/BLVRA/PPOX/CPOX/MTR,9
GO:0048638,regulation of developmental growth,21/404,327/18805,0.06422018348623854,2.9892587882641477,5.3769100528394675,8.898794126763353e-6,8.57287121430165e-5,4.847404641284348e-5,RUNX1/STAT3/PRKN/STAT5A/IGF1/PPARA/MTM1/BCL2/RGS2/EDN1/PAFAH1B1/PTEN/MAPK14/ACACB/GAMT/GLI1/CDKN1B/ZMPSTE24/PIK3CA/VEGFA/SGPL1,21
GO:0042440,pigment metabolic process,10/404,81/18805,0.12345679012345678,5.746546876909912,6.343311791136532,9.046128602712217e-6,8.6969146032646e-5,4.917543161314434e-5,HMOX1/COX15/COX10/BCL2/DCT/UROS/UROD/BLVRA/PPOX/CPOX,10
GO:0045063,T-helper 1 cell differentiation,6/404,24/18805,0.25,11.636757425742575,7.725927186779183,9.185252090648995e-6,8.794550161230796e-5,4.9727497595484294e-5,MTOR/STAT6/STAT4/TBX21/IL4R/LEF1,6
GO:0046835,carbohydrate phosphorylation,6/404,24/18805,0.25,11.636757425742575,7.725927186779183,9.185252090648995e-6,8.794550161230796e-5,4.9727497595484294e-5,TKFC/KHK/RBKS/NAGK/PFKFB1/FCSK,6
GO:0051262,protein tetramerization,11/404,100/18805,0.11,5.1201732673267335,6.12113157516715,1.0027294254267488e-5,9.58118197928171e-5,5.4175392157857656e-5,GNMT/TP53/HSD17B8/HPRT1/ACACA/ALDOA/SHMT1/ACACB/CTH/UPB1/CBR4,11
GO:0016125,sterol metabolic process,14/404,161/18805,0.08695652173913043,4.047567800258286,5.75429149725877,1.0256005363757183e-5,9.779759086173347e-5,5.5298217364882236e-5,PRKAG2/IL4/LPCAT3/GNAI1/MAPK1/IDI1/FDPS/CYP1B1/GBA1/SOAT1/PRKACA/CEBPA/CYP7B1/LCAT,14
GO:0071674,mononuclear cell migration,17/404,230/18805,0.07391304347826087,3.440432630219544,5.517742398226969,1.0537808664656269e-5,1.0028052879658669e-4,5.670215830468661e-5,B4GALT1/GATA3/GNAI1/CXCL10/MAPK1/IL12A/ALOX5/TBX21/EXT1/TGFB1/GBA1/ICAM1/TNF/CTSG/HSD3B7/CYP7B1/MIF,17
GO:0030073,insulin secretion,16/404,207/18805,0.07729468599033816,3.597838044674033,5.568769149842983,1.093866288816365e-5,1.0388401550178946e-4,5.873969715753514e-5,SMAD2/PRKN/HIF1A/RAPGEF3/FOXO1/ABAT/ALOX5/IFNG/PFKL/PRKACA/TNF/AACS/HADH/PER2/PPP3CA/PRKCB,16
GO:0048661,positive regulation of smooth muscle cell proliferation,11/404,101/18805,0.10891089108910891,5.069478482501715,6.076133224914259,1.103918972403949e-5,1.046264904614431e-4,5.915951876403009e-5,IL10/STAT1/IGF1/HMOX1/JUN/IL18/TGFB1/EDN1/TNF/PTGS2/PIK3CA,11
GO:0008631,intrinsic apoptotic signaling pathway in response to oxidative stress,9/404,66/18805,0.13636363636363635,6.347322232223221,6.448076911340571,1.1184665238653063e-5,1.0557782791809202e-4,5.969743861462746e-5,CTNNB1/IL10/ATF4/PRKN/HIF1A/BCL2/CYP1B1/NFE2L2/PML,9
GO:0051289,protein homotetramerization,9/404,66/18805,0.13636363636363635,6.347322232223221,6.448076911340571,1.1184665238653063e-5,1.0557782791809202e-4,5.969743861462746e-5,GNMT/HPRT1/ACACA/ALDOA/SHMT1/ACACB/CTH/UPB1/CBR4,9
GO:2000328,regulation of T-helper 17 cell lineage commitment,5/404,15/18805,0.3333333333333333,15.515676567656765,8.333253885682412,1.1225505060580435e-5,1.057501301682849e-4,5.9794864401905736e-5,IL23R/IL23A/STAT5A/TBX21/IL12RB1,5
GO:0009749,response to glucose,16/404,208/18805,0.07692307692307693,3.5805407463823307,5.545184926260937,1.1621474603326838e-5,1.0913421047277609e-4,6.170834311451064e-5,SMAD2/LPL/HIF1A/ACE/SARM1/TGFB1/KHK/PFKL/PRKACA/ICAM1/GLUL/CDKN1B/TXN2/PIK3CA/PPP3CA/PRKCB,16
GO:0009314,response to radiation,25/404,442/18805,0.05656108597285068,2.632750548810537,5.147000934773055,1.1631347933770881e-5,1.0913421047277609e-4,6.170834311451064e-5,CCND1/MAPK8/ATF4/HIF1A/TP53/FOS/GATA3/MME/CXCL10/RDH13/IL12A/BCL2/DCT/EXT1/TGFB1/CAMKMT/TNF/MAPK14/PML/MYC/ZMPSTE24/PER2/B4GALT2/BAX/KRAS,25
GO:0006661,phosphatidylinositol biosynthetic process,12/404,121/18805,0.09917355371900827,4.616234350707798,5.913020902699649,1.1671991813080065e-5,1.0929653133768174e-4,6.180012507346604e-5,MTM1/CDIPT/IMPA1/INPP1/PTEN/PIP5K1C/INPP4A/PIK3C2A/PIK3C3/PIK3CA/PIKFYVE/PGAP1,12
GO:0016242,negative regulation of macroautophagy,7/404,37/18805,0.1891891891891892,8.806194808670057,7.042491653986781,1.183325322358872e-5,1.1024923268000113e-4,6.233881611326758e-5,MTOR/HMOX1/TP53/MTM1/EHMT2/LYPLA1/PIK3CA,7
GO:1903580,positive regulation of ATP metabolic process,7/404,37/18805,0.1891891891891892,8.806194808670057,7.042491653986781,1.183325322358872e-5,1.1024923268000113e-4,6.233881611326758e-5,MTOR/IL4/HIF1A/IGF1/PPARA/IFNG/PFKFB1,7
GO:0035994,response to muscle stretch,6/404,25/18805,0.24,11.171287128712871,7.540379705061149,1.1867922526851895e-5,1.1024923268000113e-4,6.233881611326758e-5,CTNNB1/NFKB1/FOS/EDN1/MAPK14/PIK3CA,6
GO:0043101,purine-containing compound salvage,6/404,25/18805,0.24,11.171287128712871,7.540379705061149,1.1867922526851895e-5,1.1024923268000113e-4,6.233881611326758e-5,ADSL/ADK/ADA/HPRT1/PGM2/NNMT,6
GO:0010657,muscle cell apoptotic process,11/404,102/18805,0.10784313725490197,5.019777713065424,6.031725628469907,1.2138684580076988e-5,1.1254123010677317e-4,6.363479253547396e-5,ATF4/IGF1/GCH1/TP53/ALOX12/FOXO1/IL12A/IFNG/PPARG/NFE2L2/EDN1,11
GO:0050878,regulation of body fluid levels,23/404,388/18805,0.059278350515463915,2.7592311421863838,5.188292045727544,1.2370165396014835e-5,1.1446070036391592e-4,6.472012891819704e-5,CCND1/DGKK/HIF1A/STAT5A/ALOX12/ADA/AKR1B1/EXT1/NFE2L2/EDN1/UMPS/ITPK1/PRKACA/MAPK14/GLA/CTSG/C1GALT1C1/CEL/VAV3/PIK3CA/VEGFA/PPP3CA/AK3,23
GO:0030593,neutrophil chemotaxis,10/404,84/18805,0.11904761904761904,5.5413130598774165,6.180899099671615,1.2557911731399798e-5,1.1596872332626008e-4,6.557281844590574e-5,IL23A/CXCL8/CXCL10/S100A8/EDN1/PIP5K1C/CSF3R/CD74/VAV3/PIKFYVE,10
GO:0071621,granulocyte chemotaxis,12/404,122/18805,0.09836065573770492,4.578396364226586,5.875436589166926,1.2698390269565137e-5,1.1703516386240939e-4,6.617582164930859e-5,IL23A/CXCL8/CXCL10/MAPK1/S100A8/EDN1/PIP5K1C/CSF3R/CD74/VAV3/VEGFA/PIKFYVE,12
GO:0015833,peptide transport,19/404,283/18805,0.06713780918727916,3.125065598432635,5.337239724395575,1.277272309410427e-5,1.174889774589316e-4,6.643242390998293e-5,SMAD2/PRKN/HIF1A/RAPGEF3/FOXO1/S100A8/ABAT/ALOX5/IFNG/PFKL/EDN1/PRKACA/TNF/AACS/CD74/HADH/PER2/PPP3CA/PRKCB,19
GO:0034391,regulation of smooth muscle cell apoptotic process,7/404,38/18805,0.18421052631578946,8.574452840020843,6.925334074695059,1.4239378479644672e-5,1.307230785131301e-4,7.391545278907402e-5,ATF4/IGF1/FOXO1/IL12A/IFNG/PPARG/EDN1,7
GO:0048545,response to steroid hormone,21/404,338/18805,0.0621301775147929,2.891975218231882,5.200806672878475,1.4682382031540352e-5,1.3452624788976895e-4,7.606589928792665e-5,IL10/PTGES3/PPARA/FOS/PLPP1/ACE/MAPK1/JUN/BCL2/CYP1B1/TGFB1/GBA1/EDN1/TNF/PFKFB1/PTGS2/CYP7B1/GLB1/PIK3CA/AGL/NR3C2,21
GO:0019377,glycolipid catabolic process,6/404,26/18805,0.23076923076923078,10.741622239146992,7.365068978589069,1.5150194089570334e-5,1.382713620416536e-4,7.818351930905795e-5,GALC/GBA1/GLA/HEXA/GLB1/NAGA,6
GO:0033598,mammary gland epithelial cell proliferation,6/404,26/18805,0.23076923076923078,10.741622239146992,7.365068978589069,1.5150194089570334e-5,1.382713620416536e-4,7.818351930905795e-5,CCND1/GATA3/STAT6/MAPK1/CEBPB/BAX,6
GO:0072332,intrinsic apoptotic signaling pathway by p53 class mediator,10/404,86/18805,0.11627906976744186,5.412445314298872,6.076903370238465,1.550291544558495e-5,1.4121527259966678e-4,7.984811047644104e-5,PRKN/TP53/PDK2/RRM2B/BCL2/PML/MYC/CD74/MIF/BAX,10
GO:0046883,regulation of hormone secretion,18/404,262/18805,0.06870229007633588,3.1978875368452875,5.30837021867095,1.5815699158646512e-5,1.437846669141417e-4,8.130093691159118e-5,POMC/PRKN/HIF1A/RAPGEF3/FOXO1/ABAT/ALOX5/IFNG/PPARG/PFKL/EDN1/PRKACA/TNF/AACS/HADH/PER2/PPP3CA/PRKCB,18
GO:0035094,response to nicotine,8/404,53/18805,0.1509433962264151,7.025966747618158,6.509325058581465,1.6107611075039057e-5,1.4587202137975408e-4,8.248120096451845e-5,NFKB1/HMOX1/PPARA/MAPK1/ABAT/BCL2/EDN1/TNF,8
GO:0170038,proteinogenic amino acid biosynthetic process,8/404,53/18805,0.1509433962264151,7.025966747618158,6.509325058581465,1.6107611075039057e-5,1.4587202137975408e-4,8.248120096451845e-5,GLS2/MTHFD1/SHMT1/OAT/GLUL/PHGDH/PSAT1/MTR,8
GO:0061180,mammary gland epithelium development,9/404,69/18805,0.13043478260869565,6.07135170038743,6.2532375592040905,1.6180293566383216e-5,1.4624736385676875e-4,8.269343287838608e-5,CCND1/HIF1A/GATA3/STAT6/MAPK1/CEBPB/TGFB1/PML/BAX,9
GO:0043123,positive regulation of canonical NF-kappaB signal transduction,16/404,214/18805,0.07476635514018691,3.480151753493106,5.40665748066941,1.6575897040625726e-5,1.4953439295608797e-4,8.455203540649773e-5,STAT3/PRKN/HMOX1/TRIM5/IRF3/FASLG/TGFB1/CANT1/EDN1/TNF/CARD16/GAPDH/CD74/CTH/VEGFA/PRKCB,16
GO:0034390,smooth muscle cell apoptotic process,7/404,39/18805,0.1794871794871795,8.354595074892105,6.8124025878615555,1.703620901369779e-5,1.5339140500410204e-4,8.67329264563764e-5,ATF4/IGF1/FOXO1/IL12A/IFNG/PPARG/EDN1,7
GO:0002709,regulation of T cell mediated immunity,11/404,106/18805,0.10377358490566038,4.830352138987483,5.859729051985694,1.754399801033471e-5,1.5766026618884284e-4,8.914669157691041e-5,IL23R/IL4/IL23A/CD274/GATA3/IL12A/IL18/TBX21/IL12RB1/IL4I1/ARG1,11
GO:0006778,porphyrin-containing compound metabolic process,8/404,54/18805,0.14814814814814814,6.895856252291895,6.428751527741222,1.85581666934417e-5,1.664546675453909e-4,9.411935719702739e-5,HMOX1/COX15/COX10/UROS/UROD/BLVRA/PPOX/CPOX,8
GO:0046209,nitric oxide metabolic process,10/404,88/18805,0.11363636363636363,5.289435193519352,5.976107729418761,1.9023419779502687e-5,1.70301436725873e-4,9.629445656727235e-5,KLF2/IL10/GCH1/PPARA/CYP1B1/IFNG/EDN1/TNF/GLA/PTGS2,10
GO:0001783,B cell apoptotic process,6/404,27/18805,0.2222222222222222,10.343784378437844,7.199048737877583,1.9127831910572248e-5,1.7058382667676052e-4,9.645412983476533e-5,IL10/BCL2/ADA/CD74/MIF/BAX,6
GO:0009312,oligosaccharide biosynthetic process,6/404,27/18805,0.2222222222222222,10.343784378437844,7.199048737877583,1.9127831910572248e-5,1.7058382667676052e-4,9.645412983476533e-5,B3GALT2/B4GALT1/FUT8/B3GALNT1/B3GALT4/ST3GAL3,6
GO:0031343,positive regulation of cell killing,9/404,71/18805,0.1267605633802817,5.900327708827221,6.129628189997281,2.0474042542114953e-5,1.822423330459738e-4,1.0304626174388454e-4,IL23R/POMC/IL23A/MAPK8/IL12A/IL12RB1/SPI1/ITGAM/ARG1,9
GO:0050679,positive regulation of epithelial cell proliferation,16/404,218/18805,0.07339449541284404,3.416295758016169,5.317025950347933,2.0845456451065494e-5,1.8519625636411507e-4,1.047165144800354e-4,CCND1/CTNNB1/IL10/B4GALT1/STAT3/HIF1A/STAT5A/IGF1/HMOX1/TGFB1/SP1/TNF/MYC/CYP7B1/TGFA/VEGFA,16
GO:0098586,cellular response to virus,10/404,89/18805,0.11235955056179775,5.230003337412393,5.926854779556971,2.1027264228697563e-5,1.8645767257341285e-4,1.0542976382610521e-4,NFKB1/HIF1A/CXCL10/IRF3/IL12A/IFNG/EXT1/TGFB1/MAPK14/BAX,10
GO:0010332,response to gamma radiation,8/404,55/18805,0.14545454545454545,6.7704770477047695,6.350201669292413,2.1314237816221173e-5,1.8828917255763684e-4,1.064653587046599e-4,TP53/GATA3/CXCL10/BCL2/PML/MYC/ZMPSTE24/BAX,8
GO:0072538,T-helper 17 type immune response,8/404,55/18805,0.14545454545454545,6.7704770477047695,6.350201669292413,2.1314237816221173e-5,1.8828917255763684e-4,1.064653587046599e-4,IL23R/RORC/IRF4/IL23A/STAT3/STAT5A/TBX21/IL12RB1,8
GO:0046879,hormone secretion,20/404,320/18805,0.0625,2.9091893564356437,5.10398462422664,2.151321960305018e-5,1.89689066255143e-4,1.0725690812106494e-4,SMAD2/POMC/PRKN/HIF1A/GATA3/RAPGEF3/FOXO1/ABAT/ALOX5/IFNG/PPARG/PFKL/EDN1/PRKACA/TNF/AACS/HADH/PER2/PPP3CA/PRKCB,20
GO:0042762,regulation of sulfur metabolic process,5/404,17/18805,0.29411764705882354,13.690302853814794,7.756240425331352,2.232440718517055e-5,1.964715684980611e-4,1.110919748134229e-4,CTNNB1/PDK2/NFE2L2/SP1/PGK1,5
GO:0051250,negative regulation of lymphocyte activation,14/404,173/18805,0.08092485549132948,3.7668116522634922,5.417114321923197,2.3174960535339837e-5,2.0349700604668704e-4,1.1506440572122077e-4,IL10/RUNX1/CD274/STAT5A/IL2RA/CEBPB/TBX21/PRNP/IL4R/TGFB1/IL4I1/CTSG/CD74/ARG1,14
GO:2001057,reactive nitrogen species metabolic process,10/404,90/18805,0.1111111111111111,5.171892189218922,5.878337362048487,2.320961153971185e-5,2.0349700604668704e-4,1.1506440572122077e-4,KLF2/IL10/GCH1/PPARA/CYP1B1/IFNG/EDN1/TNF/GLA/PTGS2,10
GO:0002070,epithelial cell maturation,6/404,28/18805,0.21428571428571427,9.97436350777935,7.041491516552853,2.3906011756064683e-5,2.0765852883468432e-4,1.174174779152479e-4,HIF1A/AKR1B1/TGFB1/CEBPA/EPAS1/VEGFA,6
GO:0009264,deoxyribonucleotide catabolic process,6/404,28/18805,0.21428571428571427,9.97436350777935,7.041491516552853,2.3906011756064683e-5,2.0765852883468432e-4,1.174174779152479e-4,NUDT16/ADA/DUT/DPYD/TYMP/UPB1,6
GO:0046386,deoxyribose phosphate catabolic process,6/404,28/18805,0.21428571428571427,9.97436350777935,7.041491516552853,2.3906011756064683e-5,2.0765852883468432e-4,1.174174779152479e-4,NUDT16/ADA/DUT/DPYD/TYMP/UPB1,6
GO:1900543,negative regulation of purine nucleotide metabolic process,6/404,28/18805,0.21428571428571427,9.97436350777935,7.041491516552853,2.3906011756064683e-5,2.0765852883468432e-4,1.174174779152479e-4,STAT3/TP53/PPARA/FBP1/PRKACA/PFKFB1,6
GO:1902894,negative regulation of miRNA transcription,6/404,28/18805,0.21428571428571427,9.97436350777935,7.041491516552853,2.3906011756064683e-5,2.0765852883468432e-4,1.174174779152479e-4,HIF1A/PPARA/PPARG/TGFB1/TNF/VEGFA,6
GO:0045981,positive regulation of nucleotide metabolic process,7/404,41/18805,0.17073170731707318,7.947053851726637,6.598192363387916,2.3997475522374526e-5,2.0768240368901578e-4,1.1743097760243591e-4,MTOR/IL4/HIF1A/IGF1/PPARA/IFNG/PFKFB1,7
GO:1900544,positive regulation of purine nucleotide metabolic process,7/404,41/18805,0.17073170731707318,7.947053851726637,6.598192363387916,2.3997475522374526e-5,2.0768240368901578e-4,1.1743097760243591e-4,MTOR/IL4/HIF1A/IGF1/PPARA/IFNG/PFKFB1,7
GO:0002824,positive regulation of adaptive immune response based on somatic recombination of immune receptors built from immunoglobulin superfamily domains,12/404,130/18805,0.09230769230769231,4.296648895658797,5.588678900898199,2.4170216913503446e-5,2.0879143097605744e-4,1.1805806086125688e-4,IL23R/IL4/IL23A/GATA3/STAT6/IL12A/IL18/ADA/TBX21/IL12RB1/TGFB1/TNF,12
GO:0046638,positive regulation of alpha-beta T cell differentiation,8/404,56/18805,0.14285714285714285,6.649575671852899,6.273586352304171,2.4405539056568084e-5,2.1004914313024224e-4,1.1876921580353857e-4,IL23R/IL23A/RUNX1/IFNG/IL18/ADA/IL4R/IL12RB1,8
GO:0046854,phosphatidylinositol phosphate biosynthetic process,8/404,56/18805,0.14285714285714285,6.649575671852899,6.273586352304171,2.4405539056568084e-5,2.1004914313024224e-4,1.1876921580353857e-4,IMPA1/INPP1/PIP5K1C/INPP4A/PIK3C2A/PIK3C3/PIK3CA/PIKFYVE,8
GO:0009636,response to toxic substance,18/404,272/18805,0.0661764705882353,3.0803181421083283,5.120783759085435,2.6107010025252515e-5,2.2428077236372895e-4,1.2681628240175777e-4,ATF4/PRKN/GCH1/FOS/GPX4/BCL2/GSTO2/CYP1B1/LANCL1/EHMT2/NFE2L2/TNF/MPST/PTGS2/TXNRD2/EPHX1/PTGS1/BAX,18
GO:0021700,developmental maturation,21/404,352/18805,0.05965909090909091,2.77695347659766,4.9866511732362335,2.6843415608563942e-5,2.2982574502314538e-4,1.2995160609123647e-4,CTNNB1/SIRT2/KLF2/HIF1A/IGF1/GATA3/BCL2/PPARG/AKR1B1/EXT1/TGFB1/GBA1/DLD/EDN1/PRKACA/NR4A2/PTEN/B4GALT6/CEBPA/EPAS1/VEGFA,21
GO:0060326,cell chemotaxis,20/404,325/18805,0.06153846153846154,2.8644325971058646,5.0238015499407345,2.6850637020004385e-5,2.2982574502314538e-4,1.2995160609123647e-4,IL10/IL23A/CXCL8/CXCL10/MAPK1/S100A8/IL12A/ALOX5/EDN1/PIP5K1C/CSF3R/CTSG/CD74/HSD3B7/CYP7B1/LEF1/VAV3/MIF/VEGFA/PIKFYVE,20
GO:0009416,response to light stimulus,20/404,326/18805,0.06134969325153374,2.8556459940472574,5.007947724675071,2.8050523824242206e-5,2.396579426005511e-4,1.355110784056265e-4,CCND1/MAPK8/ATF4/HIF1A/TP53/FOS/MME/RDH13/IL12A/BCL2/DCT/EXT1/CAMKMT/MAPK14/PML/MYC/PER2/B4GALT2/BAX/KRAS,20
GO:0006935,chemotaxis,25/404,466/18805,0.0536480686695279,2.4971582458675052,4.849175819119898,2.8214164829898433e-5,2.4061697583530866e-4,1.3605334972139694e-4,IL10/IL23A/CXCL8/CXCL1/CXCL10/MAPK1/S100A8/IL12A/ALOX5/TGFB1/EDN1/PIP5K1C/MAPK14/CSF3R/ST6GAL1/TYMP/CTSG/CD74/HSD3B7/CYP7B1/LEF1/VAV3/MIF/VEGFA/PIKFYVE,25
GO:0042417,dopamine metabolic process,7/404,42/18805,0.16666666666666666,7.757838283828383,6.496454362586708,2.826969555381213e-5,2.4065220833263348e-4,1.360732714216986e-4,PRKN/ALDH2/GCH1/ABAT/HPRT1/NR4A2/ITGAM,7
GO:0002706,regulation of lymphocyte mediated immunity,15/404,200/18805,0.075,3.491027227722772,5.247757117581003,2.9252766513416714e-5,2.4856887988351556e-4,1.405496375608808e-4,IL23R/IL10/IL4/IL23A/CD274/GATA3/STAT6/IL12A/IL18/TBX21/IL12RB1/TGFB1/TNF/IL4I1/ARG1,15
GO:0001573,ganglioside metabolic process,6/404,29/18805,0.20689655172413793,9.630419938545579,6.891670100751705,2.9599630189922197e-5,2.510606314297386e-4,1.4195856202832633e-4,B4GALT6/HEXA/B3GALT4/ST3GAL3/GLB1/ST6GALNAC3,6
GO:0023061,signal release,26/404,497/18805,0.052313883299798795,2.435055879833456,4.80420627438706,2.9983471066412075e-5,2.5343869397457565e-4,1.4330320271275384e-4,SMAD2/POMC/PRKN/HIF1A/GATA3/RAPGEF3/FOXO1/ABAT/ALOX5/IFNG/PPARG/PFKL/EDN1/PRKACA/PIP5K1C/TNF/PPT1/AACS/PTGS2/KMO/HADH/PER2/MIF/PPP3CA/PRKCB/SLC38A2,26
GO:0042330,taxis,25/404,468/18805,0.053418803418803416,2.486486629432174,4.8251951473289685,3.027768041514298e-5,2.5343869397457565e-4,1.4330320271275384e-4,IL10/IL23A/CXCL8/CXCL1/CXCL10/MAPK1/S100A8/IL12A/ALOX5/TGFB1/EDN1/PIP5K1C/MAPK14/CSF3R/ST6GAL1/TYMP/CTSG/CD74/HSD3B7/CYP7B1/LEF1/VAV3/MIF/VEGFA/PIKFYVE,25
GO:0045834,positive regulation of lipid metabolic process,12/404,133/18805,0.09022556390977443,4.199732003275515,5.487052270356961,3.0366975468855302e-5,2.5343869397457565e-4,1.4330320271275384e-4,PPARGC1A/SIRT2/MTOR/PPARA/GNAI1/MAPK1/IFNG/PPARG/PRKACA/TNF/PTGS2/CD74,12
GO:0002827,positive regulation of T-helper 1 type immune response,5/404,18/18805,0.2777777777777778,12.929730473047305,7.502970827017019,3.0367173712032666e-5,2.5343869397457565e-4,1.4330320271275384e-4,IL23R/IL23A/IL18/TBX21/IL12RB1,5
GO:0002830,positive regulation of type 2 immune response,5/404,18/18805,0.2777777777777778,12.929730473047305,7.502970827017019,3.0367173712032666e-5,2.5343869397457565e-4,1.4330320271275384e-4,IL4/GATA3/IL18/IL4R/CD74,5
GO:0006089,lactate metabolic process,5/404,18/18805,0.2777777777777778,12.929730473047305,7.502970827017019,3.0367173712032666e-5,2.5343869397457565e-4,1.4330320271275384e-4,HIF1A/TP53/HAGH/LDHD/PER2,5
GO:0009125,nucleoside monophosphate catabolic process,5/404,18/18805,0.2777777777777778,12.929730473047305,7.502970827017019,3.0367173712032666e-5,2.5343869397457565e-4,1.4330320271275384e-4,ADA/HPRT1/DPYD/TYMP/UPB1,5
GO:0030730,triglyceride storage,5/404,18/18805,0.2777777777777778,12.929730473047305,7.502970827017019,3.0367173712032666e-5,2.5343869397457565e-4,1.4330320271275384e-4,LPL/PPARA/PPARG/TNF/ENPP1,5
GO:0071895,odontoblast differentiation,5/404,18/18805,0.2777777777777778,12.929730473047305,7.502970827017019,3.0367173712032666e-5,2.5343869397457565e-4,1.4330320271275384e-4,SMAD2/CTNNB1/CEBPB/TGFB1/LEF1,5
GO:1901654,response to ketone,16/404,225/18805,0.07111111111111111,3.31001100110011,5.165085839549926,3.070612895902454e-5,2.558115583383504e-4,1.4464490416172827e-4,KLF2/FOS/ACE/GNAI1/FBP1/CYP1B1/CDA/ACACA/TGFB1/GBA1/SP1/EDN1/CDK4/GLB1/ITGAM/PIK3CA,16
GO:0030072,peptide hormone secretion,17/404,250/18805,0.068,3.1651980198019802,5.106604661909058,3.092805123153868e-5,2.5720272800366624e-4,1.4543152070172906e-4,SMAD2/PRKN/HIF1A/RAPGEF3/FOXO1/ABAT/ALOX5/IFNG/PFKL/EDN1/PRKACA/TNF/AACS/HADH/PER2/PPP3CA/PRKCB,17
GO:0000302,response to reactive oxygen species,15/404,201/18805,0.07462686567164178,3.4736589330574845,5.2243200367599965,3.1003675911522615e-5,2.5737448691090227e-4,1.4552863926367934e-4,KLF2/MAPK8/HIF1A/STAT1/HMOX1/GCH1/PDK2/FOS/STAT6/SESN3/BCL2/CYP1B1/NFE2L2/EDN1/TXNRD2,15
GO:0046635,positive regulation of alpha-beta T cell activation,9/404,75/18805,0.12,5.5856435643564355,5.895995301480817,3.201530733779402e-5,2.653020689478789e-4,1.5001117457764688e-4,IL23R/IL23A/RUNX1/IL12A/IFNG/IL18/ADA/IL4R/IL12RB1,9
GO:0002449,lymphocyte mediated immunity,22/404,384/18805,0.057291666666666664,2.666756910066006,4.889634156844981,3.209778448388299e-5,2.6551559532427595e-4,1.5013190994414308e-4,IL23R/IL10/IL4/IL23A/CD274/GATA3/STAT6/PCYT1A/IL12A/IL18/HPRT1/TBX21/IL4R/IL12RB1/TGFB1/JAG1/ICAM1/TNF/IL4I1/CD74/ARG1/FCGR3B,22
GO:0050864,regulation of B cell activation,12/404,134/18805,0.08955223880597014,4.168390719668982,5.45384050950961,3.271857048513406e-5,2.7017345151921987e-4,1.5276562660375415e-4,IL10/IL4/STAT6/BCL2/ADA/TBX21/TGFB1/IL4I1/SPI1/CD74/VAV3/MIF,12
GO:0046839,phospholipid dephosphorylation,7/404,43/18805,0.16279069767441862,7.577423440018421,6.398019432307313,3.314849204763579e-5,2.732416193081528e-4,1.5450047720497412e-4,PLPP1/INPP5B/PIP4P2/MTM1/SGPP2/INPP5A/PTEN,7
GO:0045667,regulation of osteoblast differentiation,13/404,156/18805,0.08333333333333333,3.8789191419141913,5.350065304585186,3.323725566862807e-5,2.7349179444730514e-4,1.5464193507834536e-4,CTNNB1/ATF4/IGF1/CEBPB/PPARG/JAG1/PRKACA/PTEN/TNF/CEBPA/GLI1/VEGFA/PPP3CA,13
GO:0009914,hormone transport,20/404,331/18805,0.06042296072507553,2.8125093476114986,4.9295681320515,3.4800545155404006e-5,2.858528989782483e-4,1.616313408418118e-4,SMAD2/POMC/PRKN/HIF1A/GATA3/RAPGEF3/FOXO1/ABAT/ALOX5/IFNG/PPARG/PFKL/EDN1/PRKACA/TNF/AACS/HADH/PER2/PPP3CA/PRKCB,20
GO:0045672,positive regulation of osteoclast differentiation,6/404,30/18805,0.2,9.30940594059406,6.748942403280404,3.6333586365682117e-5,2.968828121537935e-4,1.678680439233775e-4,IL23R/IL23A/FOS/IFNG/TNF/PPP3CA,6
GO:0097421,liver regeneration,6/404,30/18805,0.2,9.30940594059406,6.748942403280404,3.6333586365682117e-5,2.968828121537935e-4,1.678680439233775e-4,CCND1/IL10/CEBPB/TGFB1/TNF/GLI1,6
GO:2000629,negative regulation of miRNA metabolic process,6/404,30/18805,0.2,9.30940594059406,6.748942403280404,3.6333586365682117e-5,2.968828121537935e-4,1.678680439233775e-4,HIF1A/PPARA/PPARG/TGFB1/TNF/VEGFA,6
GO:0090276,regulation of peptide hormone secretion,15/404,204/18805,0.07352941176470588,3.4225757134536985,5.154889824610614,3.6823288223207457e-05,3.0035999209243434e-4,1.6983416446243675e-4,PRKN/HIF1A/RAPGEF3/FOXO1/ABAT/ALOX5/IFNG/PFKL/PRKACA/TNF/AACS/HADH/PER2/PPP3CA/PRKCB,15
GO:0002821,positive regulation of adaptive immune response,12/404,136/18805,0.08823529411764706,4.107090856144438,5.38837695856278,3.789995754808909e-5,3.0860452389591843e-4,1.7449591438616766e-4,IL23R/IL4/IL23A/GATA3/STAT6/IL12A/IL18/ADA/TBX21/IL12RB1/TGFB1/TNF,12
GO:0035265,organ growth,14/404,181/18805,0.07734806629834254,3.600322739456266,5.208649704276804,3.8300606843381754e-5,3.1132541882068293e-4,1.760344046255576e-4,SMAD2/RUNX1/IGF1/PPARA/BCL2/RGS2/EHMT2/EXT1/EDN1/PTEN/MAPK14/ACACB/GLI1/ZMPSTE24,14
GO:0002246,wound healing involved in inflammatory response,4/404,10/18805,0.4,18.61881188118812,8.257537310800883,3.978004655039185e-5,3.2223214178016377e-4,1.822014516012302e-4,HIF1A/HMOX1/PPARG/TGFB1,4
GO:0046135,pyrimidine nucleoside catabolic process,4/404,10/18805,0.4,18.61881188118812,8.257537310800883,3.978004655039185e-5,3.2223214178016377e-4,1.822014516012302e-4,CDA/DPYD/UPB1/DCTD,4
GO:0009148,pyrimidine nucleoside triphosphate biosynthetic process,5/404,19/18805,0.2631578947368421,12.24921834288692,7.269040339334057,4.048825681709377e-5,3.2404447592757784e-4,1.8322620943768034e-4,NME6/DTYMK/CTPS1/UCKL1/CMPK2,5
GO:0009164,nucleoside catabolic process,5/404,19/18805,0.2631578947368421,12.24921834288692,7.269040339334057,4.048825681709377e-5,3.2404447592757784e-4,1.8322620943768034e-4,ADA/CDA/DPYD/UPB1/DCTD,5
GO:0016137,glycoside metabolic process,5/404,19/18805,0.2631578947368421,12.24921834288692,7.269040339334057,4.048825681709377e-5,3.2404447592757784e-4,1.8322620943768034e-4,AKR1B1/GBA1/GLA/NAGA/CBR4,5
GO:0030812,negative regulation of nucleotide catabolic process,5/404,19/18805,0.2631578947368421,12.24921834288692,7.269040339334057,4.048825681709377e-5,3.2404447592757784e-4,1.8322620943768034e-4,STAT3/PPARA/FBP1/PRKACA/PFKFB1,5
GO:0033122,negative regulation of purine nucleotide catabolic process,5/404,19/18805,0.2631578947368421,12.24921834288692,7.269040339334057,4.048825681709377e-5,3.2404447592757784e-4,1.8322620943768034e-4,STAT3/PPARA/FBP1/PRKACA/PFKFB1,5
GO:0035743,"CD4-positive, alpha-beta T cell cytokine production",5/404,19/18805,0.2631578947368421,12.24921834288692,7.269040339334057,4.048825681709377e-5,3.2404447592757784e-4,1.8322620943768034e-4,IL4/GATA3/IL18/TBX21/ARG1,5
GO:0045820,negative regulation of glycolytic process,5/404,19/18805,0.2631578947368421,12.24921834288692,7.269040339334057,4.048825681709377e-5,3.2404447592757784e-4,1.8322620943768034e-4,STAT3/PPARA/FBP1/PRKACA/PFKFB1,5
GO:0035264,multicellular organism growth,13/404,160/18805,0.08125,3.7819461633663365,5.236276964931173,4.3327714671947056e-5,3.461780888977067e-4,1.9574133716534372e-4,MTOR/KLF2/STAT3/STAT5A/TP53/COX10/GPX4/BCL2/EXT1/GAMT/ZMPSTE24/PIK3CA/SGPL1,13
GO:0010827,regulation of D-glucose transmembrane transport,9/404,78/18805,0.11538461538461539,5.370811119573496,5.731526787611007,4.392665770468012e-5,3.4917591065078494e-4,1.9743641162947104e-4,PRKAG2/IGF1/ACE/NFE2L2/EDN1/TNF/MAPK14/ENPP1/PRKCB,9
GO:0032890,regulation of organic acid transport,9/404,78/18805,0.11538461538461539,5.370811119573496,5.731526787611007,4.392665770468012e-5,3.4917591065078494e-4,1.9743641162947104e-4,PPARA/ABAT/RGS2/EDN1/TNF/KMO/PER2/MIF/SLC38A2,9
GO:0043536,positive regulation of blood vessel endothelial cell migration,9/404,78/18805,0.11538461538461539,5.370811119573496,5.731526787611007,4.392665770468012e-5,3.4917591065078494e-4,1.9743641162947104e-4,HIF1A/STAT5A/HMOX1/NFE2L2/TGFB1/SP1/PIK3C2A/PTGS2/VEGFA,9
GO:0002825,regulation of T-helper 1 type immune response,6/404,31/18805,0.1935483870967742,9.00910252315554,6.612739039199612,4.424303484346246e-5,3.505006584383947e-4,1.9818547089020948e-4,IL23R/IL23A/IL18/TBX21/IL4R/IL12RB1,6
GO:0006783,heme biosynthetic process,6/404,31/18805,0.1935483870967742,9.00910252315554,6.612739039199612,4.424303484346246e-5,3.505006584383947e-4,1.9818547089020948e-4,COX15/COX10/UROS/UROD/PPOX/CPOX,6
GO:0006766,vitamin metabolic process,11/404,117/18805,0.09401709401709402,4.376216467800626,5.427963181886901,4.435914792481045e-5,3.5082690977020697e-4,1.9836994493402968e-4,NFKB1/GSTO2/IFNG/PNPO/MTHFD2/MCCC1/SHMT1/TNF/PSAT1/MTR/NNMT,11
GO:0046889,positive regulation of lipid biosynthetic process,10/404,97/18805,0.10309278350515463,4.798662855976319,5.557737465120638,4.466288752143212e-5,3.5263345594493283e-4,1.9939143004597817e-4,SIRT2/MTOR/PPARA/GNAI1/MAPK1/IFNG/PRKACA/TNF/PTGS2/CD74,10
GO:0030522,intracellular receptor signaling pathway,22/404,393/18805,0.05597964376590331,2.6056861411331975,4.766521344847393,4.542793320817961e-5,3.580700055230588e-4,2.0246544748993747e-4,RORC/SIRT2/KLF2/MAPK8/STAT3/PTGES3/PPARA/PLPP1/ALOX15/MAPK1/IRF3/PPARG/TKFC/NR4A2/THRB/TNF/PML/NAGK/PPT1/CYP7B1/ALOX15B/NR3C2,22
GO:0046456,icosanoid biosynthetic process,8/404,61/18805,0.13114754098360656,6.1045284856354485,5.916767481165338,4.607833048800187e-5,3.619777572899744e-4,2.0467502857174976e-4,PTGES3/HPGDS/ALOX5/EDN1/PTGS2/CD74/MIF/PTGS1,8
GO:0097300,programmed necrotic cell death,8/404,61/18805,0.13114754098360656,6.1045284856354485,5.916767481165338,4.607833048800187e-5,3.619777572899744e-4,2.0467502857174976e-4,PRKN/TP53/IRF3/FASLG/IPMK/ITPK1/TNF/BAX,8
GO:0071346,cellular response to type II interferon,10/404,98/18805,0.10204081632653061,4.7496969084663565,5.514450219636802,4.8801532651924415e-5,3.8272826779951443e-4,2.1640810124233433e-4,STAT1/TP53/FASLG/IFNG/PPARG/IL12RB1/EDN1/TNF/GAPDH/ARG1,10
GO:0009615,response to virus,23/404,425/18805,0.05411764705882353,2.5190157251019216,4.693308178812079,5.153710288364962e-5,4.035062135472367e-4,2.2815668676708117e-4,IL23R/NFKB1/IL23A/HIF1A/STAT1/BNIP3L/GATA3/CXCL10/TRIM5/IRF3/IL12A/BCL2/IFNG/TBX21/EXT1/IL12RB1/TGFB1/TNF/MAPK14/PML/IRF9/ZMPSTE24/BAX,23
GO:0005978,glycogen biosynthetic process,7/404,46/18805,0.15217391304347827,7.083243650452002,6.120746272655267,5.2093221171612035e-5,4.0650076920914594e-4,2.2984991446772682e-4,PTGES3/IGF1/PGM2/ENPP1/ACADM/PER2/AGL,7
GO:0009250,glucan biosynthetic process,7/404,46/18805,0.15217391304347827,7.083243650452002,6.120746272655267,5.2093221171612035e-5,4.0650076920914594e-4,2.2984991446772682e-4,PTGES3/IGF1/PGM2/ENPP1/ACADM/PER2/AGL,7
GO:0042113,B cell activation,18/404,287/18805,0.0627177700348432,2.9193259047159072,4.854983123130954,5.277636662641955e-5,4.111463370131387e-4,2.3247668283640457e-4,IL10/IL4/TP53/STAT6/PCYT1A/BCL2/ADA/CTPS1/TBX21/TGFB1/IL4I1/SPI1/CD74/LEF1/VAV3/MIF/PRKCB/BAX,18
GO:0034393,positive regulation of smooth muscle cell apoptotic process,5/404,20/18805,0.25,11.636757425742575,7.0520233954990905,5.303600778768318e-5,4.1248270508626686e-4,2.3323231261763107e-4,ATF4/FOXO1/IL12A/IFNG/PPARG,5
GO:0060993,kidney morphogenesis,10/404,99/18805,0.10101010101010101,4.701720172017201,5.471744487082052,5.326271122349912e-5,4.1355889543685386e-4,2.338408287110069e-4,CTNNB1/STAT1/GATA3/BCL2/TGFB1/MYC/GCNT1/ZMPSTE24/VEGFA/PPP3CA,10
GO:0010575,positive regulation of vascular endothelial growth factor production,6/404,32/18805,0.1875,8.727568069306932,6.482553050286015,5.3473609005065955e-5,4.1450900225450135e-4,2.343780527147802e-4,STAT3/ATF4/HIF1A/CYP1B1/TGFB1/PTGS2,6
GO:0006809,nitric oxide biosynthetic process,9/404,80/18805,0.1125,5.2365408415841586,5.626529094890176,5.37897857341969e-5,4.162707054669585e-4,2.353741820295872e-4,KLF2/IL10/GCH1/CYP1B1/IFNG/EDN1/TNF/GLA/PTGS2,9
GO:0097529,myeloid leukocyte migration,16/404,237/18805,0.06751054852320675,3.1424155073735216,4.918021280836397,5.742784433912818e-5,4.436916950425712e-4,2.508789795256338e-4,IL23A/B4GALT1/CXCL8/CXCL10/MAPK1/S100A8/EDN1/PAFAH1B1/PIP5K1C/CSF3R/CTSG/CD74/VAV3/MIF/VEGFA/PIKFYVE,16
GO:0001910,regulation of leukocyte mediated cytotoxicity,10/404,100/18805,0.1,4.65470297029703,5.429606062139494,5.8066646442302536e-5,4.477476338378281e-4,2.5317235079523766e-4,IL23R/POMC/IL23A/IL12A/IL12RB1/TGFB1/ICAM1/SPI1/ITGAM/ARG1,10
GO:0043491,phosphatidylinositol 3-kinase/protein kinase B signal transduction,19/404,316/18805,0.060126582278481014,2.7987138112545433,4.777976293252673,5.814407547488242e-5,4.477476338378281e-4,2.5317235079523766e-4,MTOR/STAT3/IGF1/PPARA/GATA3/RAPGEF3/MTM1/SESN3/IL18/TGFB1/GCNT2/EDN1/PTEN/PIP5K1C/TNF/PIK3C2A/VAV3/PIK3CA/VEGFA,19
GO:0051341,regulation of oxidoreductase activity,8/404,63/18805,0.12698412698412698,5.910733930535911,5.785005860850688,5.837693116427229e-5,4.4880261364716394e-4,2.537688736982885e-4,NFKB1/PRKN/HIF1A/GCH1/IFNG/EDN1/TNF/GLA,8
GO:0071214,cellular response to abiotic stimulus,20/404,344/18805,0.05813953488372093,2.706222657149436,4.732410464257952,5.962297425465855e-5,4.5688177653078777e-4,2.5833711818497074e-4,MTOR/NFKB1/MAPK8/ATF4/TP53/GATA3/MME/FBP1/AKR1B1/TGFB1/CAMKMT/PTEN/TNF/MAPK14/MYC/PTGS2/ZMPSTE24/PIK3CA/BAX/SLC38A2,20
GO:0104004,cellular response to environmental stimulus,20/404,344/18805,0.05813953488372093,2.706222657149436,4.732410464257952,5.962297425465855e-5,4.5688177653078777e-4,2.5833711818497074e-4,MTOR/NFKB1/MAPK8/ATF4/TP53/GATA3/MME/FBP1/AKR1B1/TGFB1/CAMKMT/PTEN/TNF/MAPK14/MYC/PTGS2/ZMPSTE24/PIK3CA/BAX/SLC38A2,20
GO:0009306,protein secretion,21/404,372/18805,0.056451612903225805,2.627654902587033,4.698193289296354,5.984158184438901e-5,4.5780765718207413e-4,2.588606438573071e-4,SMAD2/PRKN/HIF1A/IGF1/RAPGEF3/FOXO1/ABAT/IL12A/ALOX5/IFNG/PPARG/TGFB1/PFKL/PAFAH1B1/PRKACA/TNF/AACS/HADH/PER2/PPP3CA/PRKCB,21
GO:0006188,IMP biosynthetic process,4/404,11/18805,0.36363636363636365,16.926192619261926,7.828774547501339,6.145190185367153e-5,4.65562790418916e-4,2.632456705194753e-4,ADSL/HPRT1/ATIC/PPAT,4
GO:0006568,L-tryptophan metabolic process,4/404,11/18805,0.36363636363636365,16.926192619261926,7.828774547501339,6.145190185367153e-5,4.65562790418916e-4,2.632456705194753e-4,IL4I1/HAAO/KYNU/KMO,4
GO:0042451,purine nucleoside biosynthetic process,4/404,11/18805,0.36363636363636365,16.926192619261926,7.828774547501339,6.145190185367153e-5,4.65562790418916e-4,2.632456705194753e-4,ADK/ADA/HPRT1/PGM2,4
GO:0042455,ribonucleoside biosynthetic process,4/404,11/18805,0.36363636363636365,16.926192619261926,7.828774547501339,6.145190185367153e-5,4.65562790418916e-4,2.632456705194753e-4,ADK/ADA/HPRT1/PGM2,4
GO:0046129,purine ribonucleoside biosynthetic process,4/404,11/18805,0.36363636363636365,16.926192619261926,7.828774547501339,6.145190185367153e-5,4.65562790418916e-4,2.632456705194753e-4,ADK/ADA/HPRT1/PGM2,4
GO:0046501,protoporphyrinogen IX metabolic process,4/404,11/18805,0.36363636363636365,16.926192619261926,7.828774547501339,6.145190185367153e-5,4.65562790418916e-4,2.632456705194753e-4,UROS/UROD/PPOX/CPOX,4
GO:0007249,canonical NF-kappaB signal transduction,19/404,318/18805,0.059748427672955975,2.7811118375988544,4.7464249756258265,6.325829072696827e-5,4.7847385651642233e-4,2.705460440070151e-4,NFKB1/STAT3/PRKN/STAT1/HMOX1/TRIM5/IRF3/FASLG/TGFB1/CANT1/EDN1/TNF/SQSTM1/CARD16/GAPDH/CD74/CTH/VEGFA/PRKCB,19
GO:0010743,regulation of macrophage derived foam cell differentiation,6/404,33/18805,0.18181818181818182,8.463096309630963,6.357931352290521,6.418161480343035e-5,4.8467471049945304e-4,2.740522261980091e-4,NFKB1/LPL/PPARA/IL18/PPARG/ALOX15B,6
GO:0030166,proteoglycan biosynthetic process,9/404,82/18805,0.10975609756097561,5.1088203332528375,5.5249894101110435,6.545770799773429e-5,4.929030935063115e-4,2.7870484502088037e-4,CTNNB1/IGF1/B4GAT1/EXT1/EXTL2/B4GALT4/CANT1/ST3GAL3/CHST8,9
GO:0006767,water-soluble vitamin metabolic process,8/404,64/18805,0.125,5.818378712871287,5.721232925223939,6.548178645043267e-5,4.929030935063115e-4,2.7870484502088037e-4,GSTO2/PNPO/MTHFD2/MCCC1/SHMT1/PSAT1/MTR/NNMT,8
GO:0001701,in utero embryonic development,22/404,403/18805,0.05459057071960298,2.541028916787461,4.633678409163654,6.587977015282321e-5,4.9510286333149e-4,2.799486726946868e-4,SMAD2/CTNNB1/KLF2/IL10/PEMT/HIF1A/IGF1/TP53/GATA3/MAPK1/INPP5B/PLCD3/CEBPB/ADA/FUT8/EDN1/CEBPA/EPAS1/CPT2/UPB1/LEF1/VEGFA,22
GO:0035592,establishment of protein localization to extracellular region,21/404,375/18805,0.056,2.6066336633663365,4.656556960813647,6.710501659529174e-5,5.035027046460832e-4,2.846982401099169e-4,SMAD2/PRKN/HIF1A/IGF1/RAPGEF3/FOXO1/ABAT/IL12A/ALOX5/IFNG/PPARG/TGFB1/PFKL/PAFAH1B1/PRKACA/TNF/AACS/HADH/PER2/PPP3CA/PRKCB,21
GO:0032261,purine nucleotide salvage,5/404,21/18805,0.23809523809523808,11.082626119754833,6.84990205815542,6.838754820192725e-5,5.066305390528851e-4,2.8646682832752666e-4,ADSL/ADK/ADA/HPRT1/NNMT,5
GO:0032616,interleukin-13 production,5/404,21/18805,0.23809523809523808,11.082626119754833,6.84990205815542,6.838754820192725e-5,5.066305390528851e-4,2.8646682832752666e-4,IRF4/IL4/GATA3/IL18/LEF1,5
GO:0032656,regulation of interleukin-13 production,5/404,21/18805,0.23809523809523808,11.082626119754833,6.84990205815542,6.838754820192725e-5,5.066305390528851e-4,2.8646682832752666e-4,IRF4/IL4/GATA3/IL18/LEF1,5
GO:0061620,glycolytic process through glucose-6-phosphate,5/404,21/18805,0.23809523809523808,11.082626119754833,6.84990205815542,6.838754820192725e-5,5.066305390528851e-4,2.8646682832752666e-4,TPI1/PFKL/PKM/PGK1/ADPGK,5
GO:0070242,thymocyte apoptotic process,5/404,21/18805,0.23809523809523808,11.082626119754833,6.84990205815542,6.838754820192725e-5,5.066305390528851e-4,2.8646682832752666e-4,RORC/HIF1A/TP53/ADA/BAX,5
GO:0072567,chemokine (C-X-C motif) ligand 2 production,5/404,21/18805,0.23809523809523808,11.082626119754833,6.84990205815542,6.838754820192725e-5,5.066305390528851e-4,2.8646682832752666e-4,LPL/TGFB1/TNF/CD74/MIF,5
GO:1903376,regulation of oxidative stress-induced neuron intrinsic apoptotic signaling pathway,5/404,21/18805,0.23809523809523808,11.082626119754833,6.84990205815542,6.838754820192725e-5,5.066305390528851e-4,2.8646682832752666e-4,CTNNB1/IL10/ATF4/PRKN/HIF1A,5
GO:2000341,regulation of chemokine (C-X-C motif) ligand 2 production,5/404,21/18805,0.23809523809523808,11.082626119754833,6.84990205815542,6.838754820192725e-5,5.066305390528851e-4,2.8646682832752666e-4,LPL/TGFB1/TNF/CD74/MIF,5
GO:0035821,modulation of process of another organism,11/404,123/18805,0.08943089430894309,4.162742493761571,5.214345412981422,7.025127130602124e-5,5.196152484277907e-4,2.938088423291651e-4,POMC/PRKN/PPARA/TRIM5/JUN/SP1/PIK3C3/CD74/FASN/LEF1/ARG1,11
GO:0006518,peptide metabolic process,8/404,65/18805,0.12307692307692308,5.728865194211729,5.65879433322656,7.329060461941116e-5,5.412407110853046e-4,3.0603664389476854e-4,ACE/MME/HAGH/LANCL1/NFE2L2/ENPEP/CHAC2/ANPEP,8
GO:0042593,glucose homeostasis,17/404,268/18805,0.06343283582089553,2.9526100930988624,4.7704384090095076,7.375751340744608e-5,5.43830988619941e-4,3.0750127844132106e-4,SMAD2/PPARGC1A/POMC/STAT3/HIF1A/PDK2/ACE/FOXO1/SESN3/ALOX5/PPARG/TGFB1/PRKACA/ICAM1/CEBPA/PIK3CA/PPP3CA,17
GO:0034308,primary alcohol metabolic process,10/404,103/18805,0.0970873786407767,4.519129097375757,5.306459771343915,7.475143646603323e-5,5.502928074433452e-4,3.1115501938443164e-4,ACSS2/ALDH2/IGF1/RDH13/RETSAT/CYP1B1/AKR1B1/GDPD1/CEL/CBR4,10
GO:0043500,muscle adaptation,11/404,124/18805,0.08870967741935484,4.129171989779623,5.180066171757238,7.563065789358479e-5,5.558912719902104e-4,3.143205892792957e-4,NFATC1/IGF1/HMOX1/PPARA/FOXO1/PPARG/RGS2/EDN1/ACACB/GATM/PPP3CA,11
GO:0001101,response to acid chemical,12/404,146/18805,0.0821917808219178,3.8257832632578324,5.078859341148636,7.589804592770634e-5,5.56982211651287e-4,3.149374451545644e-4,MTOR/KLF2/SESN3/CEBPB/NFE2L2/EDN1/TNF/PTGS2/CDKN1B/PIK3CA/VEGFA/CRLS1,12
GO:0033500,carbohydrate homeostasis,17/404,269/18805,0.06319702602230483,2.9416338473996095,4.752592244343197,7.721363468645185e-5,5.657499805977583e-4,3.198950518679293e-4,SMAD2/PPARGC1A/POMC/STAT3/HIF1A/PDK2/ACE/FOXO1/SESN3/ALOX5/PPARG/TGFB1/PRKACA/ICAM1/CEBPA/PIK3CA/PPP3CA,17
GO:0032620,interleukin-17 production,7/404,49/18805,0.14285714285714285,6.649575671852899,5.867307492231827,7.910231582822749e-5,5.765933689186222e-4,3.2602628719852856e-4,IL23R/IL23A/IL12A/IFNG/IL18/PRNP/TGFB1,7
GO:0032660,regulation of interleukin-17 production,7/404,49/18805,0.14285714285714285,6.649575671852899,5.867307492231827,7.910231582822749e-5,5.765933689186222e-4,3.2602628719852856e-4,IL23R/IL23A/IL12A/IFNG/IL18/PRNP/TGFB1,7
GO:0042149,cellular response to glucose starvation,7/404,49/18805,0.14285714285714285,6.649575671852899,5.867307492231827,7.910231582822749e-5,5.765933689186222e-4,3.2602628719852856e-4,PRKAG2/ATF4/TP53/SESN3/BCL2/NFE2L2/PIK3C3,7
GO:0097009,energy homeostasis,9/404,84/18805,0.10714285714285714,4.987181753889675,5.4267054016991745,7.918614613726487e-5,5.765933689186222e-4,3.2602628719852856e-4,PPARGC1A/MAPK8/STAT3/FOXO1/SQSTM1/MAPK14/CEBPA/ACACB/PIK3CA,9
GO:0051051,negative regulation of transport,24/404,467/18805,0.05139186295503212,2.392138571458859,4.513983982699837,7.981341879685295e-5,5.802584267187353e-4,3.2809864052645504e-4,NFKB1/ATF4/PRKN/ACE/PIP4P2/FOXO1/ABAT/IL12A/BCL2/RGS2/ADA/TGFB1/PFKL/EDN1/PTEN/TNF/LYPLA1/PTGS2/SPI1/CD74/HADH/ENPP1/PPP3CA/PRKCB,24
GO:0062014,negative regulation of small molecule metabolic process,11/404,125/18805,0.088,4.096138613861386,5.146145456956194,8.135882504214507e-5,5.905054046455028e-4,3.3389264432281295e-4,NFKB1/STAT3/TP53/PPARA/FBP1/CDA/PRKACA/AMDHD2/PFKFB1/ACACB/PGK1,11
GO:0008217,regulation of blood pressure,14/404,194/18805,0.07216494845360824,3.359063999183423,4.893851924824099,8.147511563455677e-5,5.905054046455028e-4,3.3389264432281295e-4,POMC/GCH1/PPARA/ACE/ABAT/PPARG/EXT1/EDN1/TNF/RENBP/PTGS2/CTSG/ENPEP/PTGS1,14
GO:0070059,intrinsic apoptotic signaling pathway in response to endoplasmic reticulum stress,8/404,66/18805,0.12121212121212122,5.642064206420642,5.59764041336567,8.18569410857229e-5,5.923557931427428e-4,3.3493891943478906e-4,ATF4/PRKN/TP53/CEBPB/BCL2/PML/ATP2A1/BAX,8
GO:0010563,negative regulation of phosphorus metabolic process,17/404,271/18805,0.06273062730627306,2.9199243725110517,4.717145574010428,8.455636064131032e-5,6.100044384015639e-4,3.4491808776724594e-4,PRKAG2/SIRT2/STAT3/PRKN/TP53/PPARA/FBP1/RGS2/CDA/PRNP/PRKACA/PTEN/AMDHD2/PFKFB1/CDKN1B/ENPP1/PGK1,17
GO:0045936,negative regulation of phosphate metabolic process,17/404,271/18805,0.06273062730627306,2.9199243725110517,4.717145574010428,8.455636064131032e-5,6.100044384015639e-4,3.4491808776724594e-4,PRKAG2/SIRT2/STAT3/PRKN/TP53/PPARA/FBP1/RGS2/CDA/PRNP/PRKACA/PTEN/AMDHD2/PFKFB1/CDKN1B/ENPP1/PGK1,17
GO:0045333,cellular respiration,16/404,245/18805,0.0653061224489796,3.039806021418469,4.761875284434331,8.50609093883074e-5,6.127002734708542e-4,3.4644240827788364e-4,PPARGC1A/IL4/HIF1A/HCCS/ADSL/COX10/IFNG/DLAT/GBA1/DLD/PDHA1/CS/BID/TNF/OGDH/PIK3CA,16
GO:1904018,positive regulation of vasculature development,14/404,195/18805,0.07179487179487179,3.3418380299568415,4.870752528534489,8.609543054870614e-5,6.191993945146577e-4,3.5011724121593654e-4,IL10/RUNX1/STAT3/CXCL8/HIF1A/HMOX1/RAPGEF3/CYP1B1/NFE2L2/TGFB1/SP1/PKM/VEGFA/PRKCB,14
GO:0009110,vitamin biosynthetic process,5/404,22/18805,0.22727272727272727,10.578870387038704,6.660981832020241,8.694839936697793e-5,6.224654523489154e-4,3.5196398584894496e-4,NFKB1/IFNG/PNPO/TNF/PSAT1,5
GO:0046128,purine ribonucleoside metabolic process,5/404,22/18805,0.22727272727272727,10.578870387038704,6.660981832020241,8.694839936697793e-5,6.224654523489154e-4,3.5196398584894496e-4,GNMT/ADK/ADA/HPRT1/PGM2,5
GO:0097709,connective tissue replacement,5/404,22/18805,0.22727272727272727,10.578870387038704,6.660981832020241,8.694839936697793e-5,6.224654523489154e-4,3.5196398584894496e-4,RUNX1/HIF1A/PPARG/TGFB1/PPP3CA,5
GO:0006805,xenobiotic metabolic process,11/404,126/18805,0.0873015873015873,4.0636295772434385,5.1125763456397255,8.74541020557917e-5,6.251299325575827e-4,3.534705772122397e-4,RORC/ALDH2/GSTO2/CYP1B1/ADA/NCEH1/SMOX/AOC2/EPHX1/TPMT/GUK1,11
GO:0010907,positive regulation of glucose metabolic process,7/404,50/18805,0.14,6.516584158415842,5.787510701027048,9.029927078162584e-5,6.396109958716934e-4,3.6165868266312395e-4,PPARGC1A/PRKAG2/IGF1/PPARA/FOXO1/PRKACA/NNMT,7
GO:0170034,L-amino acid biosynthetic process,7/404,50/18805,0.14,6.516584158415842,5.787510701027048,9.029927078162584e-5,6.396109958716934e-4,3.6165868266312395e-4,GLS2/MTHFD1/OAT/GLUL/PHGDH/PSAT1/MTR,7
GO:0071692,protein localization to extracellular region,21/404,383/18805,0.05483028720626632,2.552187007212471,4.547473039433042,9.045887940195602e-5,6.396109958716934e-4,3.6165868266312395e-4,SMAD2/PRKN/HIF1A/IGF1/RAPGEF3/FOXO1/ABAT/IL12A/ALOX5/IFNG/PPARG/TGFB1/PFKL/PAFAH1B1/PRKACA/TNF/AACS/HADH/PER2/PPP3CA/PRKCB,21
GO:0035771,interleukin-4-mediated signaling pathway,4/404,12/18805,0.3333333333333333,15.515676567656765,7.452893926344702,9.061648344176999e-5,6.396109958716934e-4,3.6165868266312395e-4,IL4/STAT5A/STAT6/IL4R,4
GO:0051133,regulation of NK T cell activation,4/404,12/18805,0.3333333333333333,15.515676567656765,7.452893926344702,9.061648344176999e-5,6.396109958716934e-4,3.6165868266312395e-4,IL23R/IL23A/IL12A/IL18,4
GO:0110075,regulation of ferroptosis,4/404,12/18805,0.3333333333333333,15.515676567656765,7.452893926344702,9.061648344176999e-5,6.396109958716934e-4,3.6165868266312395e-4,HMOX1/GPX4/NFE2L2/SQSTM1,4
GO:0006779,porphyrin-containing compound biosynthetic process,6/404,35/18805,0.17142857142857143,7.979490806223479,6.1237960249225845,9.070946203733541e-5,6.396109958716934e-4,3.6165868266312395e-4,COX15/COX10/UROS/UROD/PPOX/CPOX,6
GO:0033014,tetrapyrrole biosynthetic process,6/404,35/18805,0.17142857142857143,7.979490806223479,6.1237960249225845,9.070946203733541e-5,6.396109958716934e-4,3.6165868266312395e-4,COX15/COX10/UROS/UROD/PPOX/CPOX,6
GO:1902176,negative regulation of oxidative stress-induced intrinsic apoptotic signaling pathway,6/404,35/18805,0.17142857142857143,7.979490806223479,6.1237960249225845,9.070946203733541e-5,6.396109958716934e-4,3.6165868266312395e-4,CTNNB1/IL10/ATF4/PRKN/HIF1A/NFE2L2,6
GO:0097530,granulocyte migration,12/404,149/18805,0.08053691275167785,3.748754070037876,4.991313452438973,9.233952848898279e-5,6.50125823135966e-4,3.6760413794980886e-4,IL23A/CXCL8/CXCL10/MAPK1/S100A8/EDN1/PIP5K1C/CSF3R/CD74/VAV3/VEGFA/PIKFYVE,12
GO:0043122,regulation of canonical NF-kappaB signal transduction,18/404,300/18805,0.06,2.7928217821782177,4.638187422603291,9.310323033328212e-5,6.545185051357761e-4,3.700879157392201e-4,STAT3/PRKN/STAT1/HMOX1/TRIM5/IRF3/FASLG/TGFB1/CANT1/EDN1/TNF/SQSTM1/CARD16/GAPDH/CD74/CTH/VEGFA/PRKCB,18
GO:0022612,gland morphogenesis,11/404,127/18805,0.08661417322834646,4.031632493958058,5.079352103577685,9.393553596802818e-5,6.593795793138049e-4,3.728365390350997e-4,NFKB1/STAT6/CEBPB/BCL2/TGFB1/TNF/PML/GLI1/CYP7B1/TGFA/BAX,11
GO:0042886,amide transport,19/404,328/18805,0.057926829268292686,2.696321842550109,4.592239585114353,9.530084718196066e-5,6.672511319623834e-4,3.7728739335088346e-4,SMAD2/PRKN/HIF1A/RAPGEF3/FOXO1/S100A8/ABAT/ALOX5/IFNG/PFKL/EDN1/PRKACA/TNF/AACS/CD74/HADH/PER2/PPP3CA/PRKCB,19
GO:1901796,regulation of signal transduction by p53 class mediator,10/404,106/18805,0.09433962264150944,4.391229217261349,5.187952346225252,9.534194944101548e-5,6.672511319623834e-4,3.7728739335088346e-4,MTOR/PRKN/TP53/RRM2B/BCL2/PML/MYC/CD74/ZMPSTE24/MIF,10
GO:0008203,cholesterol metabolic process,12/404,150/18805,0.08,3.723762376237624,4.962634730606611,9.846083778522782e-5,6.880502127021443e-4,3.8904792934775804e-4,IL4/LPCAT3/GNAI1/MAPK1/IDI1/FDPS/GBA1/SOAT1/PRKACA/CEBPA/CYP7B1/LCAT,12
GO:0048762,mesenchymal cell differentiation,17/404,275/18805,0.06181818181818182,2.8774527452745273,4.647214763966722,1.0110696320672075e-4,7.054885271741677e-4,3.98908169213119e-4,SMAD2/CTNNB1/MTOR/HIF1A/STAT1/IGF1/GATA3/MAPK1/BCL2/EXT1/TGFB1/GCNT2/JAG1/EDN1/PTEN/LEF1/VEGFA,17
GO:0001912,positive regulation of leukocyte mediated cytotoxicity,8/404,68/18805,0.11764705882352941,5.476121141525917,5.479000635999224,1.0149028411965369e-4,7.071093902503253e-4,3.998246625327836e-4,IL23R/POMC/IL23A/IL12A/IL12RB1/SPI1/ITGAM/ARG1,8
GO:0030856,regulation of epithelial cell differentiation,13/404,174/18805,0.07471264367816093,3.477651644474793,4.865101186023685,1.0257155416118826e-4,7.135810053234523e-4,4.0348394262202e-4,CCND1/CTNNB1/STAT1/GATA3/CEBPB/IFNG/JAG1/TNF/CDKN1B/LEF1/VEGFA/ALOX15B/KRAS,13
GO:1990266,neutrophil migration,10/404,107/18805,0.09345794392523364,4.350189691866383,5.149425748723828,1.0319336164475861e-4,7.168417199121066e-4,4.0532766599495225e-4,IL23A/CXCL8/CXCL10/S100A8/EDN1/PIP5K1C/CSF3R/CD74/VAV3/PIKFYVE,10
GO:0001782,B cell homeostasis,6/404,36/18805,0.16666666666666666,7.757838283828383,6.01358659578252,1.0689660532024699e-4,7.392760799252531e-4,4.180128467393628e-4,HIF1A/BCL2/ADA/CD74/MIF/BAX,6
GO:0090183,regulation of kidney development,6/404,36/18805,0.16666666666666666,7.757838283828383,6.01358659578252,1.0689660532024699e-4,7.392760799252531e-4,4.180128467393628e-4,STAT1/GATA3/TGFB1/MYC/VEGFA/PPP3CA,6
GO:1902882,regulation of response to oxidative stress,6/404,36/18805,0.16666666666666666,7.757838283828383,6.01358659578252,1.0689660532024699e-4,7.392760799252531e-4,4.180128467393628e-4,PRKN/GCH1/SESN3/ALOX5/FUT8/NFE2L2,6
GO:0034656,nucleobase-containing small molecule catabolic process,5/404,23/18805,0.21739130434782608,10.118919500645717,6.483827811556816,1.0915198515082062e-4,7.482424516488172e-4,4.230827504882699e-4,ADA/CDA/DPYD/UPB1/DCTD,5
GO:0036092,phosphatidylinositol-3-phosphate biosynthetic process,5/404,23/18805,0.21739130434782608,10.118919500645717,6.483827811556816,1.0915198515082062e-4,7.482424516488172e-4,4.230827504882699e-4,INPP4A/PIK3C2A/PIK3C3/PIK3CA/PIKFYVE,5
GO:0036480,neuron intrinsic apoptotic signaling pathway in response to oxidative stress,5/404,23/18805,0.21739130434782608,10.118919500645717,6.483827811556816,1.0915198515082062e-4,7.482424516488172e-4,4.230827504882699e-4,CTNNB1/IL10/ATF4/PRKN/HIF1A,5
GO:0046479,glycosphingolipid catabolic process,5/404,23/18805,0.21739130434782608,10.118919500645717,6.483827811556816,1.0915198515082062e-4,7.482424516488172e-4,4.230827504882699e-4,GALC/GBA1/GLA/HEXA/GLB1,5
GO:0046519,sphingoid metabolic process,5/404,23/18805,0.21739130434782608,10.118919500645717,6.483827811556816,1.0915198515082062e-4,7.482424516488172e-4,4.230827504882699e-4,PLPP1/SGPP2/KDSR/ACER3/GBA1,5
GO:1902254,negative regulation of intrinsic apoptotic signaling pathway by p53 class mediator,5/404,23/18805,0.21739130434782608,10.118919500645717,6.483827811556816,1.0915198515082062e-4,7.482424516488172e-4,4.230827504882699e-4,PRKN/RRM2B/BCL2/CD74/MIF,5
GO:0046165,alcohol biosynthetic process,12/404,152/18805,0.07894736842105263,3.6747655028660757,4.906008014788507,1.1175622262833727e-4,7.649746116167764e-4,4.3254370561752575e-4,NFKB1/LPCAT3/GCH1/GNAI1/MAPK1/IDI1/FDPS/ACER3/IMPA1/GBA1/IPMK/PRKACA,12
GO:0043525,positive regulation of neuron apoptotic process,8/404,69/18805,0.11594202898550725,5.396757067011049,5.421427669476972,1.1267847960204934e-4,7.701615204332774e-4,4.354765673440709e-4,CTNNB1/ATF4/GCH1/TP53/FASLG/PRNP/TNF/BAX,8
GO:0002274,myeloid leukocyte activation,16/404,251/18805,0.06374501992031872,2.967141335647509,4.648884325303585,1.1284915712691156e-4,7.702037225483963e-4,4.355004299128166e-4,IRF4/IL10/IL4/CXCL8/IFNG/IL18/IL4R/TGFB1/SHPK/TNF/CEBPA/SPI1/CTSG/CD74/ITGAM/MIF,16
GO:0032102,negative regulation of response to external stimulus,23/404,448/18805,0.05133928571428571,2.3896912570721356,4.411147393184139,1.1381715268508071e-4,7.756796344564016e-4,4.385967042104927e-4,NFKB1/IL10/IL4/STAT3/LPCAT3/IL2RA/IGF1/PPARA/GATA3/ALOX12/ALOX5/PPARG/ADA/TGFB1/GBA1/EDN1/PTEN/TNF/MAPK14/CARD16/ST6GAL1/MIF/ARG1,23
GO:0009299,mRNA transcription,7/404,52/18805,0.1346153846153846,6.265946306169078,5.634272046039579,1.165700259787601e-4,7.932861360938296e-4,4.4855204304862555e-4,STAT3/ATF4/TP53/IRF3/PPARG/THRB/EPAS1,7
GO:0019217,regulation of fatty acid metabolic process,10/404,109/18805,0.09174311926605505,4.270369697520211,5.073770750553281,1.2054698492173188e-4,8.191596275813479e-4,4.631818303844714e-4,PPARGC1A/PRKAG2/SIRT2/PPARA/PDK2/PPARG/ACACB/PTGS2/CD74/PGK1,10
GO:0050866,negative regulation of cell activation,15/404,227/18805,0.06607929515418502,3.075794914293191,4.662222372355465,1.2358064963178284e-4,8.385573935884163e-4,4.741500134613789e-4,IL10/RUNX1/CD274/STAT5A/IL2RA/ALOX12/CEBPB/TBX21/PRNP/IL4R/TGFB1/IL4I1/CTSG/CD74/ARG1,15
GO:0045471,response to ethanol,11/404,131/18805,0.08396946564885496,3.9085292116997956,4.949775386261298,1.241298282719239e-4,8.41064914571849e-4,4.755678545264508e-4,PPARA/FOS/GATA3/S100A8/ABAT/RGS2/EHMT2/CTSK/TNF/ST6GAL1/PRKCB,11
GO:0009791,post-embryonic development,9/404,89/18805,0.10112359550561797,4.707003003671153,5.194054641947539,1.2443185226146118e-4,8.418929657343371e-4,4.7603606394520064e-4,SMAD2/MTOR/GATA3/BCL2/NR4A2/ACADM/VEGFA/SGPL1/BAX,9
GO:0048662,negative regulation of smooth muscle cell proliferation,8/404,70/18805,0.11428571428571428,5.319660537482319,5.364964855553424,1.2486668882420702e-4,8.43615926515061e-4,4.770102869186309e-4,PPARGC1A/IL10/HMOX1/IL12A/IFNG/PPARG/PTEN/CDKN1B,8
GO:0006002,fructose 6-phosphate metabolic process,4/404,13/18805,0.3076923076923077,14.322162985529323,7.119590387125039,1.286749200334011e-4,8.63117443547828e-4,4.8803713449555687e-4,FBP1/PFKL/TALDO1/GFPT1,4
GO:0006586,indolalkylamine metabolic process,4/404,13/18805,0.3076923076923077,14.322162985529323,7.119590387125039,1.286749200334011e-4,8.63117443547828e-4,4.8803713449555687e-4,IL4I1/HAAO/KYNU/KMO,4
GO:0035745,T-helper 2 cell cytokine production,4/404,13/18805,0.3076923076923077,14.322162985529323,7.119590387125039,1.286749200334011e-4,8.63117443547828e-4,4.8803713449555687e-4,IL4/GATA3/TBX21/ARG1,4
GO:0097707,ferroptosis,4/404,13/18805,0.3076923076923077,14.322162985529323,7.119590387125039,1.286749200334011e-4,8.63117443547828e-4,4.8803713449555687e-4,HMOX1/GPX4/NFE2L2/SQSTM1,4
GO:2000551,regulation of T-helper 2 cell cytokine production,4/404,13/18805,0.3076923076923077,14.322162985529323,7.119590387125039,1.286749200334011e-4,8.63117443547828e-4,4.8803713449555687e-4,IL4/GATA3/TBX21/ARG1,4
GO:0090398,cellular senescence,10/404,110/18805,0.09090909090909091,4.231548154815481,5.036621684168667,1.3010948814323793e-4,8.714915929708727e-4,4.927721748064806e-4,MAPK8/GCH1/TP53/PTEN/MAPK14/PML/SPI1/CDKN1B/ZMPSTE24/MIF,10
GO:0014075,response to amine,7/404,53/18805,0.1320754716981132,6.147720904165888,5.560632854357386,1.318577847684573e-4,8.806820945590829e-4,4.979688095092278e-4,RRM2B/RGS2/HPRT1/EDN1/NR4A2/UROS/PPP3CA,7
GO:2000573,positive regulation of DNA biosynthetic process,7/404,53/18805,0.1320754716981132,6.147720904165888,5.560632854357386,1.318577847684573e-4,8.806820945590829e-4,4.979688095092278e-4,CTNNB1/NFATC1/PTGES3/GCH1/CYP1B1/TNF/VEGFA,7
GO:0009074,aromatic amino acid family catabolic process,5/404,24/18805,0.20833333333333334,9.697297854785479,6.317215600421798,1.3545902016665526e-4,9.008794494606249e-4,5.093891084317255e-4,CARNS1/IL4I1/HAAO/KYNU/KMO,5
GO:0042430,indole-containing compound metabolic process,5/404,24/18805,0.20833333333333334,9.697297854785479,6.317215600421798,1.3545902016665526e-4,9.008794494606249e-4,5.093891084317255e-4,ALDH2/IL4I1/HAAO/KYNU/KMO,5
GO:1900407,regulation of cellular response to oxidative stress,5/404,24/18805,0.20833333333333334,9.697297854785479,6.317215600421798,1.3545902016665526e-4,9.008794494606249e-4,5.093891084317255e-4,PRKN/GCH1/ALOX5/FUT8/NFE2L2,5
GO:0010611,regulation of cardiac muscle hypertrophy,8/404,71/18805,0.11267605633802817,5.244735741179752,5.30957384979695,1.3812289787590103e-4,9.172927770992463e-4,5.186697844836001e-4,IGF1/PPARA/FOXO1/PPARG/RGS2/EDN1/ACACB/PPP3CA,8
GO:0002695,negative regulation of leukocyte activation,14/404,204/18805,0.06862745098039216,3.1944039992234523,4.669373503524149,1.3903073000613885e-4,9.220139913438274e-4,5.213393260257033e-4,IL10/RUNX1/CD274/STAT5A/IL2RA/CEBPB/TBX21/PRNP/IL4R/TGFB1/IL4I1/CTSG/CD74/ARG1,14
GO:1901655,cellular response to ketone,10/404,111/18805,0.09009009009009009,4.193426099366693,4.999911666925196,1.403046061581919e-4,9.291459208382666e-4,5.253719712467099e-4,KLF2/FOS/ACE/GNAI1/FBP1/CYP1B1/ACACA/TGFB1/SP1/CDK4,10
GO:0002708,positive regulation of lymphocyte mediated immunity,11/404,133/18805,0.08270676691729323,3.8497543363358893,4.886893960226775,1.4209466540258882e-4,9.383458722354314e-4,5.305739492057174e-4,IL23R/IL4/IL23A/GATA3/STAT6/IL12A/IL18/TBX21/IL12RB1/TGFB1/TNF,11
GO:0010595,positive regulation of endothelial cell migration,11/404,133/18805,0.08270676691729323,3.8497543363358893,4.886893960226775,1.4209466540258882e-4,9.383458722354314e-4,5.305739492057174e-4,HIF1A/STAT5A/HMOX1/GATA3/NFE2L2/TGFB1/SP1/EDN1/PIK3C2A/PTGS2/VEGFA,11
GO:0043372,"positive regulation of CD4-positive, alpha-beta T cell differentiation",6/404,38/18805,0.15789473684210525,7.3495310057321515,5.805386126373803,1.4611907353636547e-4,9.635626792919199e-4,5.44832423934706e-4,IL23R/IL23A/IFNG/IL18/IL4R/IL12RB1,6
GO:0001836,release of cytochrome c from mitochondria,7/404,54/18805,0.12962962962962962,6.033874220755409,5.4888594976444,1.4873219597111886e-4,9.766678001918352e-4,5.522425228720218e-4,PRKN/IGF1/TP53/BCL2A1/BCL2/BID/BAX,7
GO:0048146,positive regulation of fibroblast proliferation,7/404,54/18805,0.12962962962962962,6.033874220755409,5.4888594976444,1.4873219597111886e-4,9.766678001918352e-4,5.522425228720218e-4,IGF1/TGFB1/PML/MYC/CD74/CDK4/MIF,7
GO:0050873,brown fat cell differentiation,7/404,54/18805,0.12962962962962962,6.033874220755409,5.4888594976444,1.4873219597111886e-4,9.766678001918352e-4,5.522425228720218e-4,PPARGC1A/CEBPB/RGS2/ALDH6A1/MAPK14/CEBPA/PTGS2,7
GO:1904659,D-glucose transmembrane transport,10/404,112/18805,0.08928571428571429,4.155984794908062,4.963631153329022,1.511654586618668e-4,9.912558507771153e-4,5.604911227105928e-4,PRKAG2/IGF1/ACE/NFE2L2/EDN1/TNF/MAPK14/ACACB/ENPP1/PRKCB,10
GO:0002711,positive regulation of T cell mediated immunity,8/404,72/18805,0.1111111111111111,5.171892189218922,5.255218159664397,1.525181465488416e-4,9.95941369793133e-4,5.631404809077834e-4,IL23R/IL4/IL23A/GATA3/IL12A/IL18/TBX21/IL12RB1,8
GO:0051101,regulation of DNA binding,8/404,72/18805,0.1111111111111111,5.171892189218922,5.255218159664397,1.525181465488416e-4,9.95941369793133e-4,5.631404809077834e-4,SIRT2/PRKN/IGF1/GATA3/JUN/IFNG/PER2/LEF1,8
GO:0072577,endothelial cell apoptotic process,8/404,72/18805,0.1111111111111111,5.171892189218922,5.255218159664397,1.525181465488416e-4,9.95941369793133e-4,5.631404809077834e-4,IL10/IL4/GATA3/FASLG/NFE2L2/TGFB1/ICAM1/TNF,8
GO:0010721,negative regulation of cell development,17/404,285/18805,0.05964912280701754,2.7764894910543685,4.477748248833579,1.5550779677025778e-4,0.001014049449134188,5.73379429522355e-4,CTNNB1/SIRT2/IL4/RUNX1/STAT5A/IGF1/TP53/TBX21/IL4R/TGFB1/PTEN/TNF/CEBPA/MYC/CD74/VEGFA/PPP3CA,17
GO:0050728,negative regulation of inflammatory response,14/404,207/18805,0.06763285024154589,3.148108289089778,4.604720912194563,1.620440921014304e-4,0.0010534448982440277,5.95655010023546e-4,NFKB1/IL10/IL4/STAT3/LPCAT3/IL2RA/IGF1/PPARA/GATA3/ALOX5/PPARG/ADA/GBA1/MAPK14,14
GO:0002244,hematopoietic progenitor cell differentiation,11/404,135/18805,0.08148148148148149,3.792720938760543,4.825222648471846,1.6222421436009056e-4,0.0010534448982440277,5.95655010023546e-4,PLD4/TP53/GATA3/ACE/BCL2/EXT1/NFE2L2/TGFB1/DHTKD1/SPI1/VEGFA,11
GO:0097237,cellular response to toxic substance,11/404,135/18805,0.08148148148148149,3.792720938760543,4.825222648471846,1.6222421436009056e-4,0.0010534448982440277,5.95655010023546e-4,PRKN/GCH1/GPX4/GSTO2/CYP1B1/LANCL1/NFE2L2/TNF/PTGS2/TXNRD2/PTGS1,11
GO:0042116,macrophage activation,10/404,113/18805,0.08849557522123894,4.119206168404451,4.92777089047453,1.6272639646998163e-4,0.0010552423660283297,5.966713618924098e-4,IL10/IL4/IFNG/IL4R/SHPK/TNF/CEBPA/CD74/ITGAM/MIF,10
GO:0045926,negative regulation of growth,15/404,233/18805,0.06437768240343347,2.9965898950410064,4.543939945518446,1.6473897848077817e-4,0.0010668159021397004,6.032154486120071e-4,NME6/HIF1A/TP53/PPARA/FBP1/BCL2/RGS2/CDA/TGFB1/PTEN/PML/PPT1/CDKN1B/ENPP1/ALOX15B,15
GO:0030813,positive regulation of nucleotide catabolic process,5/404,25/18805,0.2,9.30940594059406,6.160093125155815,1.6635679457660573e-4,0.0010684259426716983,6.041258224823673e-4,MTOR/HIF1A/IGF1/IFNG/PFKFB1,5
GO:0033123,positive regulation of purine nucleotide catabolic process,5/404,25/18805,0.2,9.30940594059406,6.160093125155815,1.6635679457660573e-4,0.0010684259426716983,6.041258224823673e-4,MTOR/HIF1A/IGF1/IFNG/PFKFB1,5
GO:0042537,benzene-containing compound metabolic process,5/404,25/18805,0.2,9.30940594059406,6.160093125155815,1.6635679457660573e-4,0.0010684259426716983,6.041258224823673e-4,CYP1B1/KYAT3/HAAO/KYNU/KMO,5
GO:0045821,positive regulation of glycolytic process,5/404,25/18805,0.2,9.30940594059406,6.160093125155815,1.6635679457660573e-4,0.0010684259426716983,6.041258224823673e-4,MTOR/HIF1A/IGF1/IFNG/PFKFB1,5
GO:0046716,muscle cell cellular homeostasis,5/404,25/18805,0.2,9.30940594059406,6.160093125155815,1.6635679457660573e-4,0.0010684259426716983,6.041258224823673e-4,HIF1A/MTM1/LARGE2/TGFB1/ALDOA,5
GO:1903579,negative regulation of ATP metabolic process,5/404,25/18805,0.2,9.30940594059406,6.160093125155815,1.6635679457660573e-4,0.0010684259426716983,6.041258224823673e-4,STAT3/PPARA/FBP1/PRKACA/PFKFB1,5
GO:0002446,neutrophil mediated immunity,6/404,39/18805,0.15384615384615385,7.161081492764661,5.706876731884748,1.695886852677601e-4,0.0010832390510554608,6.125016779613939e-4,POMC/ACE/SPI1/CTSG/ITGAM/ARG1,6
GO:0010661,positive regulation of muscle cell apoptotic process,6/404,39/18805,0.15384615384615385,7.161081492764661,5.706876731884748,1.695886852677601e-4,0.0010832390510554608,6.125016779613939e-4,ATF4/TP53/FOXO1/IL12A/IFNG/PPARG,6
GO:0042401,biogenic amine biosynthetic process,6/404,39/18805,0.15384615384615385,7.161081492764661,5.706876731884748,1.695886852677601e-4,0.0010832390510554608,6.125016779613939e-4,AMD1/ALDH2/GCH1/GATA3/NR4A2/SMOX,6
GO:0070229,negative regulation of lymphocyte apoptotic process,6/404,39/18805,0.15384615384615385,7.161081492764661,5.706876731884748,1.695886852677601e-4,0.0010832390510554608,6.125016779613939e-4,RORC/HIF1A/BCL2/ADA/CD74/MIF,6
GO:0009158,ribonucleoside monophosphate catabolic process,4/404,14/18805,0.2857142857142857,13.299151343705798,6.821176832428036,1.770977593017745e-4,0.0011235389011529922,6.352886387733033e-4,ADA/HPRT1/DPYD/UPB1,4
GO:0009159,deoxyribonucleoside monophosphate catabolic process,4/404,14/18805,0.2857142857142857,13.299151343705798,6.821176832428036,1.770977593017745e-4,0.0011235389011529922,6.352886387733033e-4,ADA/DPYD/TYMP/UPB1,4
GO:0032736,positive regulation of interleukin-13 production,4/404,14/18805,0.2857142857142857,13.299151343705798,6.821176832428036,1.770977593017745e-4,0.0011235389011529922,6.352886387733033e-4,IRF4/IL4/GATA3/IL18,4
GO:0042559,pteridine-containing compound biosynthetic process,4/404,14/18805,0.2857142857142857,13.299151343705798,6.821176832428036,1.770977593017745e-4,0.0011235389011529922,6.352886387733033e-4,GCH1/MTHFD1/ATIC/MTHFD1L,4
GO:0050667,homocysteine metabolic process,4/404,14/18805,0.2857142857142857,13.299151343705798,6.821176832428036,1.770977593017745e-4,0.0011235389011529922,6.352886387733033e-4,MTHFD1/MPST/CTH/MTR,4
GO:0016236,macroautophagy,20/404,374/18805,0.053475935828877004,2.4891459734208716,4.310163196178911,1.8478362242815423e-4,0.0011659344889360795,6.59260603807244e-4,MTOR/IL4/MAPK8/PRKN/HIF1A/HMOX1/TP53/BNIP3L/MTM1/SESN3/EHMT2/GBA1/CTSK/PRKACA/SQSTM1/LYPLA1/PIK3C3/GAPDH/PIK3CA/PIKFYVE,20
GO:0001649,osteoblast differentiation,16/404,262/18805,0.061068702290076333,2.8425666994180334,4.450194120097973,1.848424503279881e-4,0.0011659344889360795,6.59260603807244e-4,CTNNB1/ATF4/IGF1/CEBPB/PPARG/JAG1/PRKACA/PTEN/TNF/MAPK14/CEBPA/GLI1/FASN/LEF1/VEGFA/PPP3CA,16
GO:0007405,neuroblast proliferation,8/404,74/18805,0.10810810810810811,5.032111319240032,5.149475340526174,1.850254859631583e-4,0.0011659344889360795,6.59260603807244e-4,CTNNB1/HIF1A/TP53/DCT/TGFB1/PAFAH1B1/LEF1/VEGFA,8
GO:0014743,regulation of muscle hypertrophy,8/404,74/18805,0.10810810810810811,5.032111319240032,5.149475340526174,1.850254859631583e-4,0.0011659344889360795,6.59260603807244e-4,IGF1/PPARA/FOXO1/PPARG/RGS2/EDN1/ACACB/PPP3CA,8
GO:0060420,regulation of heart growth,8/404,74/18805,0.10810810810810811,5.032111319240032,5.149475340526174,1.850254859631583e-4,0.0011659344889360795,6.59260603807244e-4,RUNX1/IGF1/PPARA/RGS2/EDN1/MAPK14/ACACB/GLI1,8
GO:0030857,negative regulation of epithelial cell differentiation,7/404,56/18805,0.125,5.818378712871287,5.350581475331961,1.8772947331806143e-4,0.001181383594187048,6.679960744127399e-4,CCND1/CTNNB1/STAT1/IFNG/JAG1/VEGFA/KRAS,7
GO:0002685,regulation of leukocyte migration,15/404,236/18805,0.0635593220338983,2.958497650612519,4.486212999133325,1.8944765908096984e-4,0.0011894950692922183,6.725825893724971e-4,IL23A/CXCL8/HMOX1/CXCL10/MAPK1/IL12A/ADA/TGFB1/EDN1/ICAM1/TNF/CD74/GCNT1/MIF/VEGFA,15
GO:2000278,regulation of DNA biosynthetic process,9/404,94/18805,0.09574468085106383,4.456630503475879,4.978098397725228,1.8952655311661574e-4,0.0011894950692922183,6.725825893724971e-4,CTNNB1/NFATC1/PTGES3/GCH1/TP53/CYP1B1/TNF/PML/VEGFA,9
GO:0072006,nephron development,12/404,161/18805,0.07453416149068323,3.4693438287928173,4.662512905086692,1.9239183385031216e-4,0.0012042494199026223,6.809252211279695e-4,CTNNB1/STAT1/GATA3/BCL2/EXT1/TGFB1/JAG1/EDN1/MYC/ENPEP/VEGFA/PPP3CA,12
GO:1902652,secondary alcohol metabolic process,12/404,161/18805,0.07453416149068323,3.4693438287928173,4.662512905086692,1.9239183385031216e-4,0.0012042494199026223,6.809252211279695e-4,IL4/LPCAT3/GNAI1/MAPK1/IDI1/FDPS/GBA1/SOAT1/PRKACA/CEBPA/CYP7B1/LCAT,12
GO:0009309,amine biosynthetic process,6/404,40/18805,0.15,6.982054455445544,5.611786818171965,1.9593875407650617e-4,0.0012231803287816026,6.916294266700535e-4,AMD1/ALDH2/GCH1/GATA3/NR4A2/SMOX,6
GO:0045923,positive regulation of fatty acid metabolic process,6/404,40/18805,0.15,6.982054455445544,5.611786818171965,1.9593875407650617e-4,0.0012231803287816026,6.916294266700535e-4,PPARGC1A/SIRT2/PPARA/PPARG/PTGS2/CD74,6
GO:0061448,connective tissue development,17/404,291/18805,0.058419243986254296,2.7192422850532476,4.379540431938356,1.992004562403873e-4,0.0012418861998901376,7.022063878962424e-4,CTNNB1/RORC/PPARGC1A/RUNX1/LPL/HIF1A/GATA3/PPARG/EXT1/TGFB1/CTSK/EDN1/MAPK14/SPI1/ZMPSTE24/PLAAT3/PIK3CA,17
GO:0050731,positive regulation of peptidyl-tyrosine phosphorylation,10/404,116/18805,0.08620689655172414,4.012674974393992,4.822623228583301,2.0197216669915028e-4,0.0012565542044816569,7.105001965582338e-4,MTOR/IGF1/TP53/IL12A/IFNG/IL18/PRNP/TGFB1/TGFA/VEGFA,10
GO:0009065,glutamine family amino acid catabolic process,5/404,26/18805,0.19230769230769232,8.951351865955827,6.011550594772958,2.0235836612113827e-4,0.0012565542044816569,7.105001965582338e-4,GLS2/OAT/ALDH4A1/GLUL/ARG1,5
GO:0045624,positive regulation of T-helper cell differentiation,5/404,26/18805,0.19230769230769232,8.951351865955827,6.011550594772958,2.0235836612113827e-4,0.0012565542044816569,7.105001965582338e-4,IL23R/IL23A/IL18/IL4R/IL12RB1,5
GO:0042130,negative regulation of T cell proliferation,8/404,75/18805,0.10666666666666667,4.965016501650165,5.09802350224841,2.0329535803782916e-4,0.0012607004852094254,7.128446503522348e-4,IL10/CD274/IL2RA/CEBPB/PRNP/TGFB1/IL4I1/ARG1,8
GO:0007589,body fluid secretion,9/404,95/18805,0.09473684210526316,4.409718603439291,4.9367204940968605,2.0545966281116317e-4,0.001272436694817283,7.194807184211576e-4,CCND1/HIF1A/STAT5A/ADA/EDN1/UMPS/CEL/VEGFA/PPP3CA,9
GO:0006749,glutathione metabolic process,7/404,57/18805,0.12280701754385964,5.716301893347229,5.283924984357217,2.1011066259852263e-4,0.0012978075491903468,7.338262969522074e-4,HPGDS/HAGH/GLO1/GSTO2/NFE2L2/ETHE1/CHAC2,7
GO:0046148,pigment biosynthetic process,7/404,57/18805,0.12280701754385964,5.716301893347229,5.283924984357217,2.1011066259852263e-4,0.0012978075491903468,7.338262969522074e-4,COX15/COX10/DCT/UROS/UROD/PPOX/CPOX,7
GO:0043542,endothelial cell migration,17/404,293/18805,0.05802047781569966,2.700680904267901,4.3473546021105856,2.159710240299587e-4,0.0013304951769845615,7.523090379990945e-4,HIF1A/STAT5A/HMOX1/GATA3/S100A8/CYP1B1/PPARG/NFE2L2/TGFB1/SP1/EDN1/TNF/GLUL/PIK3C2A/PTGS2/PIK3CA/VEGFA,17
GO:0051054,positive regulation of DNA metabolic process,17/404,293/18805,0.05802047781569966,2.700680904267901,4.3473546021105856,2.159710240299587e-4,0.0013304951769845615,7.523090379990945e-4,CTNNB1/IL4/NFATC1/PTGES3/GCH1/STAT6/MAPK1/CYP1B1/TBX21/TGFB1/TNF/PML/MYC/GLI1/CDKN1B/VEGFA/BAX,17
GO:0009201,ribonucleoside triphosphate biosynthetic process,10/404,117/18805,0.08547008547008547,3.9783786070914786,4.788356900451801,2.1670235536964892e-4,0.0013332462915120844,7.538646154708722e-4,PRKAG2/IL4/NME6/PPARA/CTPS1/UCKL1/IMPDH1/TGFB1/ALDOA/NUDT2,10
GO:0009066,aspartate family amino acid metabolic process,6/404,41/18805,0.14634146341463414,6.811760444337117,5.5199101950439395,2.2541440182864288e-4,0.0013832113097794311,7.821166042616223e-4,GNMT/ATF4/MTHFD1/NIT2/PHGDH/MTR,6
GO:0009072,aromatic amino acid metabolic process,6/404,41/18805,0.14634146341463414,6.811760444337117,5.5199101950439395,2.2541440182864288e-4,0.0013832113097794311,7.821166042616223e-4,DCT/CARNS1/IL4I1/HAAO/KYNU/KMO,6
GO:0045348,positive regulation of MHC class II biosynthetic process,4/404,15/18805,0.26666666666666666,12.412541254125413,6.5517858095128245,2.3741494266220887e-4,0.0014530415183587736,8.216010743659516e-4,IL10/IL4/IFNG/RFX5,4
GO:0070243,regulation of thymocyte apoptotic process,4/404,15/18805,0.26666666666666666,12.412541254125413,6.5517858095128245,2.3741494266220887e-4,0.0014530415183587736,8.216010743659516e-4,RORC/HIF1A/TP53/ADA,4
GO:0072331,signal transduction by p53 class mediator,12/404,165/18805,0.07272727272727272,3.3852385238523848,4.559801364908969,2.4172718086513397e-4,0.0014775021681599962,8.354319910345088e-4,MTOR/PRKN/TP53/PDK2/RRM2B/BCL2/PML/MYC/CD74/ZMPSTE24/MIF/BAX,12
GO:0042278,purine nucleoside metabolic process,5/404,27/18805,0.18518518518518517,8.61982031536487,5.87079662826643,2.4400166935081253e-4,0.001485586236541618,8.40003009263286e-4,GNMT/ADK/ADA/HPRT1/PGM2,5
GO:0042759,long-chain fatty acid biosynthetic process,5/404,27/18805,0.18518518518518517,8.61982031536487,5.87079662826643,2.4400166935081253e-4,0.001485586236541618,8.40003009263286e-4,ALOX12/ALOX15/GPX4/ALOX5/ALOX15B,5
GO:0060333,type II interferon-mediated signaling pathway,5/404,27/18805,0.18518518518518517,8.61982031536487,5.87079662826643,2.4400166935081253e-4,0.001485586236541618,8.40003009263286e-4,STAT1/TP53/IFNG/PPARG/ARG1,5
GO:0043903,regulation of biological process involved in symbiotic interaction,6/404,42/18805,0.14285714285714285,6.649575671852899,5.431057829247186,2.5827185287444774e-4,0.0015663585688577258,8.856745431950315e-4,POMC/CXCL8/PPARA/TRIM5/CD74/ARG1,6
GO:0051955,regulation of amino acid transport,6/404,42/18805,0.14285714285714285,6.649575671852899,5.431057829247186,2.5827185287444774e-4,0.0015663585688577258,8.856745431950315e-4,ABAT/RGS2/TNF/KMO/PER2/SLC38A2,6
GO:0070232,regulation of T cell apoptotic process,6/404,42/18805,0.14285714285714285,6.649575671852899,5.431057829247186,2.5827185287444774e-4,0.0015663585688577258,8.856745431950315e-4,RORC/CD274/HIF1A/TP53/BCL2/ADA,6
GO:2000107,negative regulation of leukocyte apoptotic process,7/404,59/18805,0.11864406779661017,5.522528947810036,5.1552311864139115,2.613266326518074e-4,0.0015828347918185799,8.949907824869552e-4,RORC/HIF1A/BCL2/ADA/ST6GAL1/CD74/MIF,7
GO:0010212,response to ionizing radiation,11/404,143/18805,0.07692307692307693,3.5805407463823307,4.589810321403865,2.687337578949565e-4,0.0016255961943981735,9.191695921471722e-4,TP53/GATA3/CXCL10/BCL2/TGFB1/TNF/MAPK14/PML/MYC/ZMPSTE24/BAX,11
GO:0007005,mitochondrion organization,22/404,445/18805,0.04943820224719101,2.301201468461453,4.1160752216735474,2.7079226224405016e-4,0.0016359346733247004,9.2501533384555e-4,PPARGC1A/PRKN/IGF1/TP53/BNIP3L/MTM1/BCL2A1/COX10/RRM2B/BCL2/PPARG/CAMKMT/PISD/EDN1/PRKACA/BID/SQSTM1/CEBPA/TYMP/EPAS1/ATP2A1/BAX,22
GO:0001837,epithelial to mesenchymal transition,13/404,192/18805,0.06770833333333333,3.1516218028052805,4.44020941382744,2.7254092525722635e-4,0.0016422607619746895,9.285923281472931e-4,SMAD2/CTNNB1/MTOR/HIF1A/IGF1/GATA3/TGFB1/GCNT2/JAG1/EDN1/PTEN/LEF1/VEGFA,13
GO:0045766,positive regulation of angiogenesis,13/404,192/18805,0.06770833333333333,3.1516218028052805,4.44020941382744,2.7254092525722635e-4,0.0016422607619746895,9.285923281472931e-4,IL10/RUNX1/STAT3/CXCL8/HIF1A/HMOX1/RAPGEF3/CYP1B1/NFE2L2/SP1/PKM/VEGFA/PRKCB,13
GO:0050848,regulation of calcium-mediated signaling,9/404,99/18805,0.09090909090909091,4.231548154815481,4.776753773696544,2.8076248895245567e-4,0.0016896272150069376,9.553749962324801e-4,MTOR/IGF1/PDK2/ADA/PRNP/EDN1/PRKACA/TNF/PPP3CA,9
GO:0008645,hexose transmembrane transport,10/404,121/18805,0.08264462809917356,3.846861958923165,4.65499540064884,2.8496275030712734e-4,0.0017127029485724905,9.684228322713673e-4,PRKAG2/IGF1/ACE/NFE2L2/EDN1/TNF/MAPK14/ACACB/ENPP1/PRKCB,10
GO:0010718,positive regulation of epithelial to mesenchymal transition,7/404,60/18805,0.11666666666666667,5.430486798679867,5.093067602680005,2.9045401785022504e-4,0.0017384668165728865,9.829906346097734e-4,SMAD2/CTNNB1/MTOR/TGFB1/GCNT2/JAG1/LEF1,7
GO:0046324,regulation of D-glucose import,7/404,60/18805,0.11666666666666667,5.430486798679867,5.093067602680005,2.9045401785022504e-4,0.0017384668165728865,9.829906346097734e-4,PRKAG2/IGF1/ACE/NFE2L2/TNF/MAPK14/ENPP1,7
GO:0050850,positive regulation of calcium-mediated signaling,7/404,60/18805,0.11666666666666667,5.430486798679867,5.093067602680005,2.9045401785022504e-4,0.0017384668165728865,9.829906346097734e-4,IGF1/ADA/PRNP/EDN1/PRKACA/TNF/PPP3CA,7
GO:0034762,regulation of transmembrane transport,23/404,478/18805,0.04811715481171548,2.2397106342433406,4.0680255893588635,0.00029103453323965904,0.0017384668165728865,9.829906346097734e-4,PRKAG2/IGF1/ACE/CXCL10/BCL2/IFNG/RGS2/TRPC6/PRNP/NFE2L2/TGFB1/EDN1/PRKACA/TNF/AHCYL1/MAPK14/PML/ENPP1/PER2/ATP2A1/PPP3CA/PRKCB/BAX,23
GO:0006007,glucose catabolic process,5/404,28/18805,0.17857142857142858,8.311969589816124,5.737139106450443,2.9184855143662725e-4,0.0017384668165728865,9.829906346097734e-4,TP53/TPI1/PFKL/PKM/PGK1,5
GO:0046949,fatty-acyl-CoA biosynthetic process,5/404,28/18805,0.17857142857142858,8.311969589816124,5.737139106450443,2.9184855143662725e-4,0.0017384668165728865,9.829906346097734e-4,ACSF3/ACACA/PPT1/FASN/CBR4,5
GO:1902221,erythrose 4-phosphate/phosphoenolpyruvate family amino acid metabolic process,5/404,28/18805,0.17857142857142858,8.311969589816124,5.737139106450443,2.9184855143662725e-4,0.0017384668165728865,9.829906346097734e-4,DCT/IL4I1/HAAO/KYNU/KMO,5
GO:0016202,regulation of striated muscle tissue development,6/404,43/18805,0.13953488372093023,6.494934377158646,5.345056045869542,2.947783438193371e-4,0.0017536876820357513,9.915970503653218e-4,CTNNB1/SIRT2/MTM1/BCL2/TGFB1/LEF1,6
GO:0006694,steroid biosynthetic process,12/404,169/18805,0.07100591715976332,3.305114535122151,4.4602027567103715,3.0143832123570206e-4,0.001791033274144108,0.0010127135692062394,PRKAG2/NFKB1/LPCAT3/GNAI1/MAPK1/IDI1/FDPS/IFNG/AKR1B1/HSD17B8/PRKACA/TNF,12
GO:0051223,regulation of protein transport,22/404,449/18805,0.04899777282850779,2.2807007872279432,4.06983604283986,3.0631909895025255e-4,0.0018177262627187356,0.0010278067291840242,PRKN/HIF1A/IGF1/RAPGEF3/FOXO1/ABAT/IL12A/ALOX5/IFNG/PPARG/TGFB1/PFKL/PRKACA/TNF/MAPK14/LYPLA1/AACS/PTGS2/HADH/PER2/PPP3CA/PRKCB,22
GO:0002903,negative regulation of B cell apoptotic process,4/404,16/18805,0.25,11.636757425742575,6.306850034997323,3.1120638771265963e-4,0.0018281911007160256,0.0010337239187708366,BCL2/ADA/CD74/MIF,4
GO:0009151,purine deoxyribonucleotide metabolic process,4/404,16/18805,0.25,11.636757425742575,6.306850034997323,3.1120638771265963e-4,0.0018281911007160256,0.0010337239187708366,NUDT16/ADK/ADA/GUK1,4
GO:0030167,proteoglycan catabolic process,4/404,16/18805,0.25,11.636757425742575,6.306850034997323,3.1120638771265963e-4,0.0018281911007160256,0.0010337239187708366,HEXA/GLB1/SGSH/IDUA,4
GO:0034616,response to laminar fluid shear stress,4/404,16/18805,0.25,11.636757425742575,6.306850034997323,3.1120638771265963e-4,0.0018281911007160256,0.0010337239187708366,KLF2/ACE/NFE2L2/TGFB1,4
GO:0046459,short-chain fatty acid metabolic process,4/404,16/18805,0.25,11.636757425742575,6.306850034997323,3.1120638771265963e-4,0.0018281911007160256,0.0010337239187708366,ACSS2/OXSM/PCCA/ACADS,4
GO:1902222,erythrose 4-phosphate/phosphoenolpyruvate family amino acid catabolic process,4/404,16/18805,0.25,11.636757425742575,6.306850034997323,3.1120638771265963e-4,0.0018281911007160256,0.0010337239187708366,IL4I1/HAAO/KYNU/KMO,4
GO:1903798,regulation of miRNA processing,4/404,16/18805,0.25,11.636757425742575,6.306850034997323,3.1120638771265963e-4,0.0018281911007160256,0.0010337239187708366,STAT3/TP53/TGFB1/ZMPSTE24,4
GO:1904177,regulation of adipose tissue development,4/404,16/18805,0.25,11.636757425742575,6.306850034997323,3.1120638771265963e-4,0.0018281911007160256,0.0010337239187708366,LPL/PPARG/SPI1/PLAAT3,4
GO:0002534,cytokine production involved in inflammatory response,8/404,80/18805,0.1,4.65470297029703,4.853793074226238,3.182547414750594e-4,0.0018649170207587335,0.001054490053105559,STAT3/PLD4/HIF1A/PPARA/IRF3/ALOX5/TNF/MAPK14,8
GO:1900015,regulation of cytokine production involved in inflammatory response,8/404,80/18805,0.1,4.65470297029703,4.853793074226238,3.182547414750594e-4,0.0018649170207587335,0.001054490053105559,STAT3/PLD4/HIF1A/PPARA/IRF3/ALOX5/TNF/MAPK14,8
GO:0001961,positive regulation of cytokine-mediated signaling pathway,7/404,61/18805,0.11475409836065574,5.341462424931018,5.032281388735418,3.221323476934761e-4,0.001882925907491704,0.0010646729147106807,PRKN/HIF1A/IRF3/EDN1/PAFAH1B1/CD74/AGPAT1,7
GO:0060612,adipose tissue development,7/404,61/18805,0.11475409836065574,5.341462424931018,5.032281388735418,3.221323476934761e-4,0.001882925907491704,0.0010646729147106807,RORC/PPARGC1A/LPL/PPARG/SPI1/PLAAT3/PIK3CA,7
GO:0071229,cellular response to acid chemical,9/404,101/18805,0.0891089108910891,4.147755122046858,4.699909229942683,3.2622187079107387e-4,0.0019044523678850473,0.0010768447368940163,MTOR/KLF2/SESN3/CEBPB/NFE2L2/TNF/PTGS2/PIK3CA/VEGFA,9
GO:0030201,heparan sulfate proteoglycan metabolic process,6/404,44/18805,0.13636363636363635,6.347322232223221,5.261744955275531,3.3521200815151526e-4,0.0019544989068062198,0.0011051428203461505,CTNNB1/EXT1/EXTL2/GLB1/SGSH/IDUA,6
GO:0006656,phosphatidylcholine biosynthetic process,5/404,29/18805,0.1724137931034483,8.025349948787984,5.609969680981586,3.4648374336302453e-4,0.002007042122557852,0.001134852613195665,CEPT1/PEMT/LPCAT3/PCYT1A/LCAT,5
GO:2000319,regulation of T-helper 17 cell differentiation,5/404,29/18805,0.1724137931034483,8.025349948787984,5.609969680981586,3.4648374336302453e-4,0.002007042122557852,0.001134852613195665,IL23R/IL23A/STAT5A/TBX21/IL12RB1,5
GO:0002260,lymphocyte homeostasis,8/404,81/18805,0.09876543209876543,4.59723750152793,4.807368314418887,3.4662427556814666e-4,0.002007042122557852,0.001134852613195665,HIF1A/IL2RA/BCL2/ADA/TGFB1/CD74/MIF/BAX,8
GO:0015749,monosaccharide transmembrane transport,10/404,124/18805,0.08064516129032258,3.7537927179814754,4.558659143389522,3.472242886099659e-4,0.002007042122557852,0.001134852613195665,PRKAG2/IGF1/ACE/NFE2L2/EDN1/TNF/MAPK14/ACACB/ENPP1/PRKCB,10
GO:0032609,type II interferon production,10/404,124/18805,0.08064516129032258,3.7537927179814754,4.558659143389522,3.472242886099659e-4,0.002007042122557852,0.001134852613195665,IL23R/IL10/IL23A/CD274/GATA3/IL12A/IL18/PRNP/IL12RB1/TNF,10
GO:0032649,regulation of type II interferon production,10/404,124/18805,0.08064516129032258,3.7537927179814754,4.558659143389522,3.472242886099659e-4,0.002007042122557852,0.001134852613195665,IL23R/IL10/IL23A/CD274/GATA3/IL12A/IL18/PRNP/IL12RB1/TNF,10
GO:0072009,nephron epithelium development,10/404,124/18805,0.08064516129032258,3.7537927179814754,4.558659143389522,3.472242886099659e-4,0.002007042122557852,0.001134852613195665,CTNNB1/STAT1/GATA3/BCL2/EXT1/TGFB1/JAG1/EDN1/MYC/VEGFA,10
GO:0009612,response to mechanical stimulus,14/404,223/18805,0.06278026905829596,2.9222350486169697,4.278660092352722,3.4870904677570733e-4,0.002013139034530039,0.0011383000228968837,CTNNB1/NFKB1/MAPK8/STAT1/FOS/CXCL10/TGFB1/EDN1/TNF/MAPK14/PTGS2/ITGAM/PIK3CA/SLC38A2,14
GO:0048534,hematopoietic or lymphoid organ development,9/404,102/18805,0.08823529411764706,4.107090856144438,4.662227835652933,3.5113478812420426e-4,0.0020246466477802025,0.0011448068344987994,CTNNB1/RORC/TP53/GATA3/MAPK1/BCL2/ADA/TGFB1/ZMPSTE24,9
GO:0045599,negative regulation of fat cell differentiation,7/404,62/18805,0.11290322580645161,5.255309805174066,4.972818030026966,3.5652235019190663e-4,0.002053182833454498,0.0011609422033179843,SIRT2/FOXO1/TGFB1/JAG1/TNF/ENPP1/VEGFA,7
GO:0051896,regulation of phosphatidylinositol 3-kinase/protein kinase B signal transduction,16/404,278/18805,0.05755395683453238,2.678965738300449,4.178849901607286,3.595202590247315e-4,0.0020679039960120305,0.0011692660693743693,MTOR/IGF1/PPARA/GATA3/RAPGEF3/MTM1/SESN3/IL18/TGFB1/GCNT2/PTEN/PIP5K1C/TNF/VAV3/PIK3CA/VEGFA,16
GO:2000142,regulation of DNA-templated transcription initiation,8/404,82/18805,0.0975609756097561,4.541173629558078,4.761694407597484,3.7702066125143386e-4,0.002165902743532777,0.0012246780278299726,NFKB1/TP53/FOXO1/JUN/MITF/CEBPA/MYC/CDK4,8
GO:0046620,regulation of organ growth,9/404,103/18805,0.08737864077669903,4.067216187638182,4.625024788620016,3.77597023921263e-4,0.0021665554730384232,0.0012250471041821162,RUNX1/IGF1/PPARA/RGS2/EDN1/PTEN/MAPK14/ACACB/GLI1,9
GO:1901861,regulation of muscle tissue development,6/404,45/18805,0.13333333333333333,6.206270627062707,5.180977072870882,3.798617365676648e-4,0.002171566117960692,0.0012278803000677042,CTNNB1/SIRT2/MTM1/BCL2/TGFB1/LEF1,6
GO:1902692,regulation of neuroblast proliferation,6/404,45/18805,0.13333333333333333,6.206270627062707,5.180977072870882,3.798617365676648e-4,0.002171566117960692,0.0012278803000677042,CTNNB1/HIF1A/TP53/DCT/TGFB1/VEGFA,6
GO:1990776,response to angiotensin,6/404,45/18805,0.13333333333333333,6.206270627062707,5.180977072870882,3.798617365676648e-4,0.002171566117960692,0.0012278803000677042,NFKB1/ACE/NFE2L2/AHCYL1/PTGS2/PPP3CA,6
GO:0046890,regulation of lipid biosynthetic process,13/404,199/18805,0.06532663316582915,3.040760734364894,4.288320247748729,3.8516262239575173e-4,0.002199184631776719,0.0012434967847565028,SIRT2/MTOR/SAMD8/NFKB1/LPCAT3/PPARA/GNAI1/MAPK1/IFNG/PRKACA/TNF/PTGS2/CD74,13
GO:0048568,embryonic organ development,22/404,457/18805,0.04814004376367615,2.240776046970124,3.9788010725280474,3.8984483314129085e-4,0.002223207684247897,0.0012570802684150862,SMAD2/CTNNB1/IL10/ATF4/CXCL8/HIF1A/TP53/GATA3/MAPK1/PLCD3/CEBPB/ADA/MTHFD1/TGFB1/EDN1/TNF/CEBPA/GLI1/MTHFD1L/EPAS1/LEF1/VEGFA,22
GO:0030308,negative regulation of cell growth,12/404,174/18805,0.06896551724137931,3.210139979515193,4.339816963210352,3.9326791599895425e-4,0.002240000465580418,0.0012665755010082855,NME6/TP53/PPARA/FBP1/BCL2/RGS2/CDA/TGFB1/PML/PPT1/CDKN1B/ENPP1,12
GO:0002718,regulation of cytokine production involved in immune response,10/404,126/18805,0.07936507936507936,3.694208706584944,4.496087844894267,3.9473000065140236e-4,0.0022428711930216816,0.001268198711852679,IL10/IL4/GATA3/IL18/TBX21/TGFB1/TNF/CD74/MIF/ARG1,10
GO:0010717,regulation of epithelial to mesenchymal transition,10/404,126/18805,0.07936507936507936,3.694208706584944,4.496087844894267,3.9473000065140236e-4,0.0022428711930216816,0.001268198711852679,SMAD2/CTNNB1/MTOR/GATA3/TGFB1/GCNT2/JAG1/PTEN/LEF1/VEGFA,10
GO:0001574,ganglioside biosynthetic process,4/404,17/18805,0.23529411764705882,10.952242283051834,6.082753485689602,4.0009315095188735e-4,0.0022623624791748027,0.0012792197745283458,B4GALT6/B3GALT4/ST3GAL3/ST6GALNAC3,4
GO:0042182,ketone catabolic process,4/404,17/18805,0.23529411764705882,10.952242283051834,6.082753485689602,4.0009315095188735e-4,0.0022623624791748027,0.0012792197745283458,HAGH/KYAT3/OXCT1/KYNU,4
GO:0070920,regulation of regulatory ncRNA processing,4/404,17/18805,0.23529411764705882,10.952242283051834,6.082753485689602,4.0009315095188735e-4,0.0022623624791748027,0.0012792197745283458,STAT3/TP53/TGFB1/ZMPSTE24,4
GO:0071243,cellular response to arsenic-containing substance,4/404,17/18805,0.23529411764705882,10.952242283051834,6.082753485689602,4.0009315095188735e-4,0.0022623624791748027,0.0012792197745283458,HMOX1/GSTO2/UROS/SLC38A2,4
GO:0010893,positive regulation of steroid biosynthetic process,5/404,30/18805,0.16666666666666666,7.757838283828383,5.488751142296509,4.0851377476249233e-4,0.0023044114378770954,0.0013029957432183492,GNAI1/MAPK1/IFNG/PRKACA/TNF,5
GO:0046856,phosphatidylinositol dephosphorylation,5/404,30/18805,0.16666666666666666,7.757838283828383,5.488751142296509,4.0851377476249233e-4,0.0023044114378770954,0.0013029957432183492,INPP5B/PIP4P2/MTM1/INPP5A/PTEN,5
GO:0046323,D-glucose import,8/404,83/18805,0.0963855421686747,4.486460694262197,4.716749263350277,4.095511417330128e-4,0.0023074830873573596,0.0013047325624910091,PRKAG2/IGF1/ACE/NFE2L2/TNF/MAPK14/ACACB/ENPP1,8
GO:0009895,negative regulation of catabolic process,19/404,368/18805,0.051630434782608696,2.4032433814033576,4.028161507837998,4.119795831811639e-4,0.00231837549093054,0.0013108915127791336,SIRT2/MTOR/IL10/STAT3/HMOX1/TP53/PPARA/MTM1/FBP1/BCL2/EHMT2/PRKACA/TNF/MAPK14/PML/LYPLA1/PFKFB1/ACACB/PIK3CA,19
GO:0051048,negative regulation of secretion,12/404,175/18805,0.06857142857142857,3.1917963224893917,4.316262826694661,4.142185946530458e-4,0.002328177023007876,0.0013164336457350228,PRKN/FOXO1/ABAT/IL12A/ADA/PFKL/EDN1/TNF/SPI1/CD74/HADH/PPP3CA,12
GO:0002367,cytokine production involved in immune response,10/404,127/18805,0.07874015748031496,3.6651204490527793,4.465279081868631,4.204389292568187e-4,0.0023594160326148653,0.0013340972868154377,IL10/IL4/GATA3/IL18/TBX21/TGFB1/TNF/CD74/MIF/ARG1,10
GO:0007611,learning or memory,16/404,282/18805,0.05673758865248227,2.6409662242820025,4.113993716909435,4.207843629289646e-4,0.0023594160326148653,0.0013340972868154377,PRKN/ACSS2/HIF1A/FOS/MME/RAPGEF3/MAPK1/EHMT2/PRNP/PAFAH1B1/PTEN/PPT1/GATM/PTGS2/B4GALT2/KRAS,16
GO:0060563,neuroepithelial cell differentiation,6/404,46/18805,0.13043478260869565,6.07135170038743,5.1026161043482,4.290270138770733e-4,0.0024027565537948054,0.0013586035506180298,SMAD2/CTNNB1/CEBPB/TGFB1/JAG1/LEF1,6
GO:0042102,positive regulation of T cell proliferation,9/404,105/18805,0.08571428571428572,3.9897454031117396,4.552009337204024,4.354641135056467e-4,0.002435893643289651,0.0013773404332097108,IL23R/IL4/IL23A/CD274/IL2RA/IGF1/IL18/IL12RB1/PPP3CA,9
GO:0034976,response to endoplasmic reticulum stress,16/404,283/18805,0.05653710247349823,2.6316341881537975,4.097954816603951,4.37434342478397e-4,0.0024439947392408765,0.0013819210794286756,CCND1/ATF4/PRKN/LPCAT3/CXCL8/TP53/ALOX15/CEBPB/JUN/BCL2/ALOX5/NFE2L2/PML/CTH/ATP2A1/BAX,16
GO:0051952,regulation of amine transport,8/404,84/18805,0.09523809523809523,4.433050447901933,4.672511703726734,4.443264044273021e-4,0.00247954258108299,0.0014020210866754466,PRKN/ABAT/RGS2/TNF/KMO/PER2/PRKCB/SLC38A2,8
GO:0030278,regulation of ossification,10/404,128/18805,0.078125,3.6364866955445545,4.434780208354106,4.475250327434385e-4,0.0024944192896485464,0.0014104329039470525,SMAD2/HIF1A/MAPK1/BCL2/ALOX5/TGFB1/MAPK14/SGMS2/ENPP1/ZMPSTE24,10
GO:0002687,positive regulation of leukocyte migration,11/404,152/18805,0.07236842105263158,3.3685350442939033,4.344325473826462,4.5379819928609234e-4,0.0025233766853414302,0.0014268064398106294,IL23A/CXCL8/CXCL10/MAPK1/IL12A/TGFB1/EDN1/ICAM1/TNF/CD74/VEGFA,11
GO:0030534,adult behavior,11/404,152/18805,0.07236842105263158,3.3685350442939033,4.344325473826462,4.5379819928609234e-4,0.0025233766853414302,0.0014268064398106294,PRKN/PPARA/ABAT/EHMT2/PAFAH1B1/NR4A2/PTEN/HEXA/PPT1/ZMPSTE24/TPGS1,11
GO:0060485,mesenchyme development,18/404,342/18805,0.05263157894736842,2.449843668577384,4.009388918316078,4.633185980704707e-4,0.0025732594023320805,0.00145501189254821,SMAD2/CTNNB1/MTOR/HIF1A/STAT1/IGF1/GATA3/MAPK1/BCL2/EXT1/TGFB1/GCNT2/JAG1/EDN1/PTEN/MYC/LEF1/VEGFA,18
GO:0008630,intrinsic apoptotic signaling pathway in response to DNA damage,9/404,106/18805,0.08490566037735849,3.9521062955352133,4.516175640464811,4.670218400683445e-4,0.0025907538568720246,0.0014649038759938719,TP53/BCL2A1/BCL2/BID/TNF/PML/CD74/MIF/BAX,9
GO:0050767,regulation of neurogenesis,19/404,372/18805,0.051075268817204304,2.377402054721601,3.975843454205432,4.7037228006277846e-4,0.0026062520890579037,0.0014736671247061823,CTNNB1/SIRT2/MTOR/HIF1A/TP53/ACE/MME/IFNG/DCT/TGFB1/PAFAH1B1/PTEN/TNF/PER2/PRUNE1/LEF1/VEGFA/PPP3CA/KRAS,19
GO:0010573,vascular endothelial growth factor production,7/404,65/18805,0.1076923076923077,5.012757044935263,4.801863849764445,4.776562101072631e-4,0.002637248084578073,0.0014911933570255298,STAT3/ATF4/HIF1A/CYP1B1/TGFB1/TNF/PTGS2,7
GO:0040014,regulation of multicellular organism growth,7/404,65/18805,0.1076923076923077,5.012757044935263,4.801863849764445,4.776562101072631e-4,0.002637248084578073,0.0014911933570255298,STAT3/STAT5A/BCL2/GAMT/ZMPSTE24/PIK3CA/SGPL1,7
GO:0045428,regulation of nitric oxide biosynthetic process,7/404,65/18805,0.1076923076923077,5.012757044935263,4.801863849764445,4.776562101072631e-4,0.002637248084578073,0.0014911933570255298,KLF2/IL10/IFNG/EDN1/TNF/GLA/PTGS2,7
GO:0006970,response to osmotic stress,8/404,85/18805,0.09411764705882353,4.380896913220734,4.628961415104223,4.8146059144370154e-4,0.0026512180864821464,0.0014990924902768944,MTOR/TP53/FBP1/AKR1B1/TNF/PTGS2/KMO/BAX,8
GO:0030890,positive regulation of B cell proliferation,6/404,47/18805,0.1276595744680851,5.942174004634506,5.026535873447514,4.8301773339796473e-4,0.0026512180864821464,0.0014990924902768944,IL4/BCL2/ADA/CD74/VAV3/MIF,6
GO:0033173,calcineurin-NFAT signaling cascade,6/404,47/18805,0.1276595744680851,5.942174004634506,5.026535873447514,4.8301773339796473e-4,0.0026512180864821464,0.0014990924902768944,MTOR/NFATC1/IGF1/PRNP/TNF/PPP3CA,6
GO:0048634,regulation of muscle organ development,6/404,47/18805,0.1276595744680851,5.942174004634506,5.026535873447514,4.8301773339796473e-4,0.0026512180864821464,0.0014990924902768944,CTNNB1/SIRT2/MTM1/BCL2/TGFB1/LEF1,6
GO:0071548,response to dexamethasone,6/404,47/18805,0.1276595744680851,5.942174004634506,5.026535873447514,4.8301773339796473e-4,0.0026512180864821464,0.0014990924902768944,ACE/CYP1B1/TGFB1/GBA1/EDN1/PIK3CA,6
GO:0002532,production of molecular mediator involved in inflammatory response,9/404,107/18805,0.08411214953271028,3.9151707226797443,4.4807776758844,5.004346595154095e-4,0.002740391901580289,0.0015495145197676273,STAT3/PLD4/HIF1A/PPARA/IRF3/ALOX5/IL4R/TNF/MAPK14,9
GO:0008637,apoptotic mitochondrial changes,9/404,107/18805,0.08411214953271028,3.9151707226797443,4.4807776758844,5.004346595154095e-4,0.002740391901580289,0.0015495145197676273,PRKN/IGF1/TP53/BNIP3L/BCL2A1/BCL2/BID/ATP2A1/BAX,9
GO:0009208,pyrimidine ribonucleoside triphosphate metabolic process,4/404,18/18805,0.2222222222222222,10.343784378437844,5.876590570402779,5.057291444489877e-4,0.0027468954226335966,0.0015531918406266993,NME6/CTPS1/UCKL1/AK3,4
GO:0009223,pyrimidine deoxyribonucleotide catabolic process,4/404,18/18805,0.2222222222222222,10.343784378437844,5.876590570402779,5.057291444489877e-4,0.0027468954226335966,0.0015531918406266993,DUT/DPYD/TYMP/UPB1,4
GO:0010612,regulation of cardiac muscle adaptation,4/404,18/18805,0.2222222222222222,10.343784378437844,5.876590570402779,5.057291444489877e-4,0.0027468954226335966,0.0015531918406266993,FOXO1/PPARG/ACACB/PPP3CA,4
GO:0042339,keratan sulfate proteoglycan metabolic process,4/404,18/18805,0.2222222222222222,10.343784378437844,5.876590570402779,5.057291444489877e-4,0.0027468954226335966,0.0015531918406266993,B4GAT1/B4GALT4/ST3GAL3/GLB1,4
GO:0046040,IMP metabolic process,4/404,18/18805,0.2222222222222222,10.343784378437844,5.876590570402779,5.057291444489877e-4,0.0027468954226335966,0.0015531918406266993,ADSL/HPRT1/ATIC/PPAT,4
GO:0070230,positive regulation of lymphocyte apoptotic process,4/404,18/18805,0.2222222222222222,10.343784378437844,5.876590570402779,5.057291444489877e-4,0.0027468954226335966,0.0015531918406266993,IL10/CD274/TP53/BAX,4
GO:1903242,regulation of cardiac muscle hypertrophy in response to stress,4/404,18/18805,0.2222222222222222,10.343784378437844,5.876590570402779,5.057291444489877e-4,0.0027468954226335966,0.0015531918406266993,FOXO1/PPARG/ACACB/PPP3CA,4
GO:0010001,glial cell differentiation,15/404,259/18805,0.05791505791505792,2.6957739210214458,4.071812746058646,5.103275067636232e-4,0.0027686597759759954,0.001565498175898655,CTNNB1/SIRT2/MTOR/STAT3/MAPK1/S100A8/IFNG/TGFB1/GBA1/PTEN/TNF/B4GALT6/PHGDH/LEF1/KRAS,15
GO:0008625,extrinsic apoptotic signaling pathway via death domain receptors,8/404,86/18805,0.09302325581395349,4.329956251439097,4.586078903129098,5.210713064650164e-4,0.0028236757602652855,0.0015966061595510674,HMOX1/FASLG/BCL2/BID/ICAM1/TNF/SPI1/BAX,8
GO:0003012,muscle system process,22/404,467/18805,0.047109207708779445,2.192793690503954,3.867611834041761,5.21810937292816e-4,0.002824414807404583,0.0015970240429466777,MTOR/NFATC1/IGF1/HMOX1/PPARA/FOXO1/ABAT/PPARG/RGS2/ADA/ALDOA/EDN1/PRKACA/TNF/ACACB/PIK3C2A/GAMT/GATM/PTGS2/PIK3CA/ATP2A1/PPP3CA,22
GO:2000351,regulation of endothelial cell apoptotic process,7/404,66/18805,0.10606060606060606,4.936806180618062,4.747203915390768,5.246154454149019e-4,0.002836315837681952,0.0016037533064525082,IL4/GATA3/FASLG/NFE2L2/TGFB1/ICAM1/TNF,7
GO:1903829,positive regulation of protein localization,23/404,499/18805,0.04609218436873747,2.1454542748864065,3.842610740528079,5.303923572470662e-4,0.0028642410803123,0.001619543226463148,MAPK8/PRKN/HIF1A/IGF1/RAPGEF3/GNAI1/ABAT/IFNG/PPARG/PRNP/TGFB1/EDN1/PRKACA/TNF/SQSTM1/MAPK14/PML/AACS/PTGS2/ITGAM/PIK3CA/VEGFA/PRKCB,23
GO:0001936,regulation of endothelial cell proliferation,12/404,180/18805,0.06666666666666667,3.1031353135313533,4.200978110579471,5.336661560470033e-4,0.0028786001642996193,0.0016276623604877679,IL10/STAT3/HIF1A/STAT5A/STAT1/HMOX1/IL12A/ALOX5/PPARG/SP1/TNF/VEGFA,12
GO:0072073,kidney epithelium development,11/404,155/18805,0.07096774193548387,3.3033375918236985,4.266572381600338,5.35344705506767e-4,0.002883383393328446,0.0016303669673825949,SMAD2/CTNNB1/STAT1/GATA3/BCL2/EXT1/TGFB1/JAG1/EDN1/MYC/VEGFA,11
GO:0097306,cellular response to alcohol,9/404,108/18805,0.08333333333333333,3.8789191419141913,4.445805637472224,5.357846117462085e-4,0.002883383393328446,0.0016303669673825949,CTNNB1/KLF2/FOS/ACE/GNAI1/FBP1/CYP1B1/ACACA/CDK4,9
GO:0043200,response to amino acid,10/404,131/18805,0.07633587786259542,3.553208374272542,4.3450854528583855,5.376215331845188e-4,0.0028899472082318223,0.0016340783805173305,MTOR/SESN3/CEBPB/NFE2L2/EDN1/TNF/PTGS2/CDKN1B/PIK3CA/CRLS1,10
GO:0002792,negative regulation of peptide secretion,6/404,48/18805,0.125,5.818378712871287,4.952619372868236,5.421539897875806e-4,0.002894372839436092,0.001636580788952488,PRKN/FOXO1/PFKL/CD74/HADH/PPP3CA,6
GO:0032881,regulation of polysaccharide metabolic process,6/404,48/18805,0.125,5.818378712871287,4.952619372868236,5.421539897875806e-4,0.002894372839436092,0.001636580788952488,POMC/NFKB1/IGF1/TGFB1/KHK/ENPP1,6
GO:0042119,neutrophil activation,6/404,48/18805,0.125,5.818378712871287,4.952619372868236,5.421539897875806e-4,0.002894372839436092,0.001636580788952488,CXCL8/IL18/TNF/SPI1/CTSG/ITGAM,6
GO:0070266,necroptotic process,6/404,48/18805,0.125,5.818378712871287,4.952619372868236,5.421539897875806e-4,0.002894372839436092,0.001636580788952488,PRKN/TP53/FASLG/IPMK/ITPK1/TNF,6
GO:1902175,regulation of oxidative stress-induced intrinsic apoptotic signaling pathway,6/404,48/18805,0.125,5.818378712871287,4.952619372868236,5.421539897875806e-4,0.002894372839436092,0.001636580788952488,CTNNB1/IL10/ATF4/PRKN/HIF1A/NFE2L2,6
GO:2000516,"positive regulation of CD4-positive, alpha-beta T cell activation",6/404,48/18805,0.125,5.818378712871287,4.952619372868236,5.421539897875806e-4,0.002894372839436092,0.001636580788952488,IL23R/IL23A/IFNG/IL18/IL4R/IL12RB1,6
GO:0034311,diol metabolic process,5/404,32/18805,0.15625,7.272973391089109,5.262313114042211,5.572866236734749e-4,0.002968391322001376,0.0016784334573244591,GCH1/PLPP1/SGPP2/ACER3/GBA1,5
GO:0046685,response to arsenic-containing substance,5/404,32/18805,0.15625,7.272973391089109,5.262313114042211,5.572866236734749e-4,0.002968391322001376,0.0016784334573244591,HMOX1/GSTO2/CYP1B1/UROS/SLC38A2,5
GO:0007623,circadian rhythm,13/404,207/18805,0.06280193236714976,2.9232434112976513,4.122696793370353,5.60137364122965e-4,0.002980185385026957,0.0016851022377622695,RORC/PPARGC1A/MTOR/MAPK8/ATF4/TP53/PPARA/PPARG/PTEN/TNF/PML/PER2/GFPT1,13
GO:0001892,embryonic placenta development,8/404,87/18805,0.09195402298850575,4.28018663935359,4.5438454505024986,5.632796179923004e-4,0.0029896395119686785,0.0016904479355653737,IL10/HIF1A/MAPK1/PLCD3/CEBPB/CEBPA/EPAS1/LEF1,8
GO:0150076,neuroinflammatory response,8/404,87/18805,0.09195402298850575,4.28018663935359,4.5438454505024986,5.632796179923004e-4,0.0029896395119686785,0.0016904479355653737,IL4/IGF1/IFNG/IL18/POMGNT1/TNF/PTGS2/ITGAM,8
GO:0010508,positive regulation of autophagy,11/404,156/18805,0.07051282051282051,3.28216235085047,4.241076949662931,5.65106998738206e-4,0.0029896395119686785,0.0016904479355653737,IL4/PRKN/HIF1A/HMOX1/BNIP3L/FOXO1/SESN3/IFNG/GBA1/SQSTM1/PIK3C2A,11
GO:0035296,regulation of tube diameter,11/404,156/18805,0.07051282051282051,3.28216235085047,4.241076949662931,5.65106998738206e-4,0.0029896395119686785,0.0016904479355653737,KLF2/GCH1/ACE/RGS2/EXT1/EDN1/TNF/PIK3C2A/PTGS2/PER2/VEGFA,11
GO:0097746,blood vessel diameter maintenance,11/404,156/18805,0.07051282051282051,3.28216235085047,4.241076949662931,5.65106998738206e-4,0.0029896395119686785,0.0016904479355653737,KLF2/GCH1/ACE/RGS2/EXT1/EDN1/TNF/PIK3C2A/PTGS2/PER2/VEGFA,11
GO:0002820,negative regulation of adaptive immune response,7/404,67/18805,0.1044776119402985,4.863122506280479,4.693635454660242,5.751762503358708e-4,0.003029218452275081,0.0017128272684799185,CD274/STAT5A/ALOX15/TBX21/IL4R/IL4I1/ARG1,7
GO:0032922,circadian regulation of gene expression,7/404,67/18805,0.1044776119402985,4.863122506280479,4.693635454660242,5.751762503358708e-4,0.003029218452275081,0.0017128272684799185,RORC/PPARGC1A/ATF4/PPARA/PML/PER2/GFPT1,7
GO:0050832,defense response to fungus,7/404,67/18805,0.1044776119402985,4.863122506280479,4.693635454660242,5.751762503358708e-4,0.003029218452275081,0.0017128272684799185,POMC/S100A8/TGFB1/SPI1/GAPDH/CTSG/ARG1,7
GO:0080164,regulation of nitric oxide metabolic process,7/404,67/18805,0.1044776119402985,4.863122506280479,4.693635454660242,5.751762503358708e-4,0.003029218452275081,0.0017128272684799185,KLF2/IL10/IFNG/EDN1/TNF/GLA/PTGS2,7
GO:0031214,biomineral tissue development,12/404,182/18805,0.06593406593406594,3.069034925470569,4.155983217685153,5.889523321199874e-4,0.0030914380845679353,0.0017480084495353665,ATF4/HIF1A/IGF1/PPARA/ALOX15/CEBPB/ALOX5/TGFB1/SGMS2/PTGS2/ENPP1/ZMPSTE24,12
GO:0071248,cellular response to metal ion,12/404,182/18805,0.06593406593406594,3.069034925470569,4.155983217685153,5.889523321199874e-4,0.0030914380845679353,0.0017480084495353665,ATF4/PRKN/HMOX1/FOS/ALOX15/FBP1/PRNP/NFE2L2/EDN1/CEBPA/PTGS2/CDKN1B,12
GO:0019722,calcium-mediated signaling,14/404,235/18805,0.059574468085106386,2.773014535496103,4.052615176354148,5.889711173504054e-4,0.0030914380845679353,0.0017480084495353665,POMC/MTOR/NFATC1/CXCL8/IGF1/PDK2/PLA2G4B/ADA/PRNP/EDN1/PRKACA/TNF/ZMPSTE24/PPP3CA,14
GO:0009411,response to UV,11/404,157/18805,0.07006369426751592,3.2612568581698933,4.215787231397468,5.962376504005962e-4,0.003119089027011834,0.0017636432705174945,CCND1/MAPK8/ATF4/TP53/MME/IL12A/BCL2/MAPK14/PML/MYC/BAX,11
GO:0035150,regulation of tube size,11/404,157/18805,0.07006369426751592,3.2612568581698933,4.215787231397468,5.962376504005962e-4,0.003119089027011834,0.0017636432705174945,KLF2/GCH1/ACE/RGS2/EXT1/EDN1/TNF/PIK3C2A/PTGS2/PER2/VEGFA,11
GO:0043535,regulation of blood vessel endothelial cell migration,11/404,157/18805,0.07006369426751592,3.2612568581698933,4.215787231397468,5.962376504005962e-4,0.003119089027011834,0.0017636432705174945,HIF1A/STAT5A/HMOX1/PPARG/NFE2L2/TGFB1/SP1/TNF/PIK3C2A/PTGS2/VEGFA,11
GO:2000378,negative regulation of reactive oxygen species metabolic process,6/404,49/18805,0.12244897959183673,5.699636290159628,4.880757921944007,6.067658512702806e-4,0.0031706224504993905,0.0017927820911005118,SIRT2/PRKN/HIF1A/TP53/PPARA/BCL2,6
GO:0072676,lymphocyte migration,9/404,110/18805,0.08181818181818182,3.808393339333933,4.37710165930416,6.126353901421393e-4,0.0031966461845142026,0.0018074968308759685,GATA3/GNAI1/CXCL10/TBX21/EXT1/GBA1/ICAM1/HSD3B7/CYP7B1,9
GO:0051098,regulation of binding,13/404,209/18805,0.06220095693779904,2.8952697901369087,4.082531135959362,6.131115492724805e-4,0.0031966461845142026,0.0018074968308759685,SMAD2/SIRT2/IL10/MAPK8/PRKN/IGF1/GATA3/JUN/IFNG/CARD16/PER2/LEF1/BAX,13
GO:0010594,regulation of endothelial cell migration,14/404,236/18805,0.059322033898305086,2.761264473905018,4.034422801208491,6.141662903944265e-4,0.0031985835057026747,0.0018085922608067242,HIF1A/STAT5A/HMOX1/GATA3/PPARG/NFE2L2/TGFB1/SP1/EDN1/TNF/GLUL/PIK3C2A/PTGS2/VEGFA,14
GO:0002262,myeloid cell homeostasis,12/404,183/18805,0.06557377049180328,3.0522642428177242,4.133717117319154,6.18350822427577e-4,0.003209665798897911,0.0018148585814043137,KLF2/STAT3/HIF1A/STAT1/HMOX1/GATA3/MTHFD1/MAPK14/SPI1/EPAS1/VEGFA/BAX,12
GO:0043534,blood vessel endothelial cell migration,12/404,183/18805,0.06557377049180328,3.0522642428177242,4.133717117319154,6.18350822427577e-4,0.003209665798897911,0.0018148585814043137,HIF1A/STAT5A/HMOX1/CYP1B1/PPARG/NFE2L2/TGFB1/SP1/TNF/PIK3C2A/PTGS2/VEGFA,12
GO:0141193,nuclear receptor-mediated signaling pathway,12/404,183/18805,0.06557377049180328,3.0522642428177242,4.133717117319154,6.18350822427577e-4,0.003209665798897911,0.0018148585814043137,KLF2/PTGES3/PPARA/PLPP1/ALOX15/MAPK1/PPARG/THRB/PML/CYP7B1/ALOX15B/NR3C2,12
GO:0030888,regulation of B cell proliferation,7/404,68/18805,0.10294117647058823,4.791605998835178,4.64111917936038,6.295336562951096e-4,0.0032332155817414265,0.0018281744616739782,IL10/IL4/BCL2/ADA/CD74/VAV3/MIF,7
GO:0055021,regulation of cardiac muscle tissue growth,7/404,68/18805,0.10294117647058823,4.791605998835178,4.64111917936038,6.295336562951096e-4,0.0032332155817414265,0.0018281744616739782,RUNX1/IGF1/PPARA/RGS2/EDN1/MAPK14/GLI1,7
GO:0060760,positive regulation of response to cytokine stimulus,7/404,68/18805,0.10294117647058823,4.791605998835178,4.64111917936038,6.295336562951096e-4,0.0032332155817414265,0.0018281744616739782,PRKN/HIF1A/IRF3/EDN1/PAFAH1B1/CD74/AGPAT1,7
GO:0010744,positive regulation of macrophage derived foam cell differentiation,4/404,19/18805,0.21052631578947367,9.799374674309536,5.685995908232632,6.297933811508289e-4,0.0032332155817414265,0.0018281744616739782,NFKB1/LPL/IL18/ALOX15B,4
GO:0035269,protein O-linked mannosylation,4/404,19/18805,0.21052631578947367,9.799374674309536,5.685995908232632,6.297933811508289e-4,0.0032332155817414265,0.0018281744616739782,B4GAT1/LARGE2/POMGNT1/POMT1,4
GO:0045346,regulation of MHC class II biosynthetic process,4/404,19/18805,0.21052631578947367,9.799374674309536,5.685995908232632,6.297933811508289e-4,0.0032332155817414265,0.0018281744616739782,IL10/IL4/IFNG/RFX5,4
GO:0051132,NK T cell activation,4/404,19/18805,0.21052631578947367,9.799374674309536,5.685995908232632,6.297933811508289e-4,0.0032332155817414265,0.0018281744616739782,IL23R/IL23A/IL12A/IL18,4
GO:0061621,canonical glycolysis,4/404,19/18805,0.21052631578947367,9.799374674309536,5.685995908232632,6.297933811508289e-4,0.0032332155817414265,0.0018281744616739782,TPI1/PFKL/PKM/PGK1,4
GO:0061718,glucose catabolic process to pyruvate,4/404,19/18805,0.21052631578947367,9.799374674309536,5.685995908232632,6.297933811508289e-4,0.0032332155817414265,0.0018281744616739782,TPI1/PFKL/PKM/PGK1,4
GO:0170044,non-proteinogenic amino acid catabolic process,4/404,19/18805,0.21052631578947367,9.799374674309536,5.685995908232632,6.297933811508289e-4,0.0032332155817414265,0.0018281744616739782,ABAT/KYAT3/ALDH4A1/KYNU,4
GO:0097191,extrinsic apoptotic signaling pathway,14/404,237/18805,0.05907172995780591,2.749613568951832,4.0163249079045436,6.402702241605619e-4,0.0032834010838113372,0.0018565511198060916,IGF1/HMOX1/BCL2A1/FASLG/IL12A/BCL2/IFNG/TGFB1/BID/ICAM1/TNF/PML/SPI1/BAX,14
GO:0002698,negative regulation of immune effector process,10/404,134/18805,0.07462686567164178,3.4736589330574845,4.257979046608463,6.422481403138559e-4,0.003289940692504894,0.001860248845893525,IL10/CD274/STAT5A/TBX21/IL4R/TGFB1/TNF/IL4I1/SPI1/ARG1,10
GO:0002230,positive regulation of defense response to virus by host,5/404,33/18805,0.15151515151515152,7.052580258025803,5.1562901225188345,6.453410895431272e-4,0.0032985665734071193,0.0018651262240875258,IL23R/IL23A/STAT1/IL12RB1/PML,5
GO:0014850,response to muscle activity,5/404,33/18805,0.15151515151515152,7.052580258025803,5.1562901225188345,6.453410895431272e-4,0.0032985665734071193,0.0018651262240875258,PPARGC1A/NFATC1/HIF1A/ADSL/SLC38A2,5
GO:0048754,branching morphogenesis of an epithelial tube,11/404,159/18805,0.06918238993710692,3.2202347593249887,4.165812424488114,6.627998717401511e-4,0.00338411014120762,0.0019134955833398153,CTNNB1/BCL2/EXT1/TGFB1/EDN1/TNF/PML/MYC/LEF1/VEGFA/KRAS,11
GO:0035850,epithelial cell differentiation involved in kidney development,6/404,50/18805,0.12,5.5856435643564355,4.8108504171592,6.771931122460078e-4,0.003453832409080402,0.001952919019950361,CTNNB1/STAT1/GATA3/EXT1/JAG1/EDN1,6
GO:0021782,glial cell development,10/404,135/18805,0.07407407407407407,3.4479281261459476,4.229494638068976,6.806500543901567e-4,0.0034676861312891334,0.0019607524045487023,SIRT2/MAPK1/S100A8/IFNG/TGFB1/PTEN/TNF/B4GALT6/PHGDH/KRAS,10
GO:0009145,purine nucleoside triphosphate biosynthetic process,9/404,112/18805,0.08035714285714286,3.7403863154172563,4.3099912614622955,6.982758648570386e-4,0.003553616955718103,0.0020093407323975424,PRKAG2/IL4/NME6/PPARA/ADK/IMPDH1/TGFB1/ALDOA/NUDT2,9
GO:0034219,carbohydrate transmembrane transport,10/404,136/18805,0.07352941176470588,3.4225757134536985,4.20127758058095,7.209266659322697e-4,0.003664906243099768,0.0020722676322300227,PRKAG2/IGF1/ACE/NFE2L2/EDN1/TNF/MAPK14/ACACB/ENPP1/PRKCB,10
GO:0030902,hindbrain development,11/404,161/18805,0.06832298136645963,3.1802318430600827,4.116623609000653,7.354345213989406e-4,0.0037346035023750977,0.002111676928094915,CTNNB1/TP53/ABAT/GPX4/BCL2/GBA1/GLI1/ATIC/OGDH/B4GALT2/LEF1,11
GO:0000096,sulfur amino acid metabolic process,5/404,34/18805,0.14705882352941177,6.845151426907397,5.0545978869759,7.434112438208887e-4,0.0037710199821987013,0.002132268093983618,GNMT/MTHFD1/MPST/CTH/MTR,5
GO:0042752,regulation of circadian rhythm,9/404,113/18805,0.07964601769911504,3.7072855515640057,4.277012230975284,7.44621491928994e-4,0.003773071239406439,0.002133427947370039,RORC/PPARGC1A/MTOR/MAPK8/TP53/PPARA/PPARG/PML/PER2,9
GO:0045933,positive regulation of muscle contraction,6/404,51/18805,0.11764705882352941,5.476121141525917,4.74280266364027,7.537850272749734e-4,0.0038112543171721653,0.0021550180102268483,ABAT/RGS2/ADA/EDN1/PTGS2/ATP2A1,6
GO:0140467,integrated stress response signaling,6/404,51/18805,0.11764705882352941,5.476121141525917,4.74280266364027,7.537850272749734e-4,0.0038112543171721653,0.0021550180102268483,ATF4/FOS/CEBPB/JUN/NFE2L2/CEBPA,6
GO:0050672,negative regulation of lymphocyte proliferation,8/404,91/18805,0.08791208791208792,4.092046567294092,4.381052934951238,7.606313424921093e-4,0.0038417216241079352,0.002172245303318748,IL10/CD274/IL2RA/CEBPB/PRNP/TGFB1/IL4I1/ARG1,8
GO:0050777,negative regulation of immune response,13/404,214/18805,0.06074766355140187,2.827623299713149,3.9841647477105773,7.643511375820181e-4,0.003856349166119621,0.0021805162330067783,IL10/CD274/STAT5A/ALOX15/STAT6/PPARG/TBX21/IL4R/TGFB1/MAPK14/IL4I1/SPI1/ARG1,13
GO:0006541,glutamine metabolic process,4/404,20/18805,0.2,9.30940594059406,5.509021476220942,7.739827244916113e-4,0.003884016201575267,0.002196160153547022,GLS2/GLUL/NIT2/PHGDH,4
GO:0043171,peptide catabolic process,4/404,20/18805,0.2,9.30940594059406,5.509021476220942,7.739827244916113e-4,0.003884016201575267,0.002196160153547022,ACE/MME/ENPEP/ANPEP,4
GO:0045342,MHC class II biosynthetic process,4/404,20/18805,0.2,9.30940594059406,5.509021476220942,7.739827244916113e-4,0.003884016201575267,0.002196160153547022,IL10/IL4/IFNG/RFX5,4
GO:0060749,mammary gland alveolus development,4/404,20/18805,0.2,9.30940594059406,5.509021476220942,7.739827244916113e-4,0.003884016201575267,0.002196160153547022,CCND1/HIF1A/TGFA/VEGFA,4
GO:0061377,mammary gland lobule development,4/404,20/18805,0.2,9.30940594059406,5.509021476220942,7.739827244916113e-4,0.003884016201575267,0.002196160153547022,CCND1/HIF1A/TGFA/VEGFA,4
GO:0150063,visual system development,20/404,419/18805,0.0477326968973747,2.2218152602849783,3.747693106125048,7.873579492758134e-4,0.003946905694335501,0.0022317200974063685,CTNNB1/STAT3/ATF4/HIF1A/FOS/GATA3/RDH13/FASLG/BCL2/CYP1B1/MITF/TGFB1/JAG1/THRB/CDKN1B/PER2/ITGAM/PLAAT3/VEGFA/BAX,20
GO:0001776,leukocyte homeostasis,9/404,114/18805,0.07894736842105263,3.6747655028660757,4.244406406933756,7.93444217747281e-4,0.00396891648236407,0.0022441657755672647,HIF1A/IL2RA/BCL2/ADA/MTHFD1/TGFB1/CD74/MIF/BAX,9
GO:0045445,myoblast differentiation,9/404,114/18805,0.07894736842105263,3.6747655028660757,4.244406406933756,7.93444217747281e-4,0.00396891648236407,0.0022441657755672647,DTYMK/IGF1/CXCL10/IL18/TGFB1/JAG1/TNF/MAPK14/EPAS1,9
GO:0007626,locomotory behavior,13/404,215/18805,0.06046511627906977,2.814471563435413,3.9648320239575825,7.980860312982125e-4,0.003987874918397259,0.0022548855459360835,MTOR/HPGDS/PRKN/ABAT/HPRT1/PAFAH1B1/NR4A2/PTEN/GLA/HEXA/PPT1/ZMPSTE24/B4GALT2,13
GO:0048565,digestive tract development,10/404,138/18805,0.07246376811594203,3.372973166881906,4.14562674968823,8.073827628768296e-4,0.0040300278206709126,0.0022787202879982343,SMAD2/CTNNB1/CXCL8/HIF1A/BCL2/ADA/EXT1/TGFB1/TNF/GLI1,10
GO:0050890,cognition,17/404,329/18805,0.05167173252279635,2.4051656685425384,3.8099264674660853,8.109265503527617e-4,0.0040434058666151546,0.002286284708410062,PRKN/ACSS2/HIF1A/FOS/MME/RAPGEF3/MAPK1/EHMT2/PRNP/PAFAH1B1/PTEN/TNF/PPT1/GATM/PTGS2/B4GALT2/KRAS,17
GO:0009064,glutamine family amino acid metabolic process,7/404,71/18805,0.09859154929577464,4.589143773532283,4.489519509596617,8.174190909209155e-4,0.004064516264373071,0.0022982212740615296,GLS2/OAT/ALDH4A1/GLUL/NIT2/PHGDH/ARG1,7
GO:0050435,amyloid-beta metabolic process,7/404,71/18805,0.09859154929577464,4.589143773532283,4.489519509596617,8.174190909209155e-4,0.004064516264373071,0.0022982212740615296,IGF1/ACE/MME/IFNG/PRNP/SP1/TNF,7
GO:2000177,regulation of neural precursor cell proliferation,8/404,92/18805,0.08695652173913043,4.047567800258286,4.3418085778731506,8.17764699068653e-4,0.004064516264373071,0.0022982212740615296,CTNNB1/SIRT2/HIF1A/TP53/FOXO1/DCT/TGFB1/VEGFA,8
GO:1905952,regulation of lipid localization,12/404,189/18805,0.06349206349206349,2.9553669652679555,4.0032349707863855,8.218158685005241e-4,0.004080320144559337,0.002307157346965249,POMC/NFKB1/LPL/PRKN/LPCAT3/PPARA/FASLG/PPARG/EDN1/TNF/ACACB/MIF,12
GO:0001974,blood vessel remodeling,6/404,52/18805,0.11538461538461539,5.370811119573496,4.676526777472464,8.36900027444041e-4,0.004142035865214588,0.0023420535985554285,ACE/EXT1/TGFB1/JAG1/EPAS1/BAX,6
GO:0042311,vasodilation,6/404,52/18805,0.11538461538461539,5.370811119573496,4.676526777472464,8.36900027444041e-4,0.004142035865214588,0.0023420535985554285,KLF2/GCH1/RGS2/EXT1/TNF/VEGFA,6
GO:0051155,positive regulation of striated muscle cell differentiation,6/404,52/18805,0.11538461538461539,5.370811119573496,4.676526777472464,8.36900027444041e-4,0.004142035865214588,0.0023420535985554285,MTOR/IGF1/BCL2/TGFB1/EDN1/MAPK14,6
GO:0002719,negative regulation of cytokine production involved in immune response,5/404,35/18805,0.14285714285714285,6.649575671852899,4.95693024066208,8.521948741181456e-4,0.004199975158548587,0.002374814524550844,IL10/TBX21/TGFB1/TNF/ARG1,5
GO:0045940,positive regulation of steroid metabolic process,5/404,35/18805,0.14285714285714285,6.649575671852899,4.95693024066208,8.521948741181456e-4,0.004199975158548587,0.002374814524550844,GNAI1/MAPK1/IFNG/PRKACA/TNF,5
GO:0051353,positive regulation of oxidoreductase activity,5/404,35/18805,0.14285714285714285,6.649575671852899,4.95693024066208,8.521948741181456e-4,0.004199975158548587,0.002374814524550844,HIF1A/GCH1/IFNG/EDN1/TNF,5
GO:0110110,positive regulation of animal organ morphogenesis,5/404,35/18805,0.14285714285714285,6.649575671852899,4.95693024066208,8.521948741181456e-4,0.004199975158548587,0.002374814524550844,CTNNB1/GATA3/TGFB1/EDN1/PRKCB,5
GO:0032945,negative regulation of mononuclear cell proliferation,8/404,93/18805,0.08602150537634409,4.004045565846908,4.303115239521372,8.782945450718717e-4,0.004324053690879604,0.0024449729158843962,IL10/CD274/IL2RA/CEBPB/PRNP/TGFB1/IL4I1/ARG1,8
GO:0014706,striated muscle tissue development,20/404,423/18805,0.04728132387706856,2.2008051869016687,3.7011905882931218,8.84546376192794e-4,0.004350258543418762,0.002459790066480404,CTNNB1/SIRT2/MTOR/RUNX1/IGF1/PPARA/FOS/MTM1/BCL2/RGS2/TGFB1/EDN1/MAPK14/GLI1/ZMPSTE24/ACADM/LEF1/VEGFA/PPP3CA/KRAS,20
GO:0002562,somatic diversification of immune receptors via germline recombination within a single locus,7/404,72/18805,0.09722222222222222,4.525405665566557,4.4408568183392525,8.890238080071377e-4,0.004363112651037127,0.002467058233628988,IL10/IL4/STAT6/PCYT1A/TBX21/TGFB1/LEF1,7
GO:0016444,somatic cell DNA recombination,7/404,72/18805,0.09722222222222222,4.525405665566557,4.4408568183392525,8.890238080071377e-4,0.004363112651037127,0.002467058233628988,IL10/IL4/STAT6/PCYT1A/TBX21/TGFB1/LEF1,7
GO:0002065,columnar/cuboidal epithelial cell differentiation,9/404,116/18805,0.07758620689655173,3.611407476954592,4.180283125361246,8.989151947066307e-4,0.004407037635200466,0.0024918949734771853,SMAD2/CTNNB1/HIF1A/CEBPB/EXT1/TGFB1/JAG1/FASN/LEF1,9
GO:0071322,cellular response to carbohydrate stimulus,11/404,165/18805,0.06666666666666667,3.1031353135313533,4.020511650021464,9.006263618570085e-4,0.004407834878099707,0.0024923457628140844,SMAD2/HIF1A/PPARA/ACE/FBP1/TGFB1/PRKACA/ICAM1/PIK3CA/PPP3CA/PRKCB,11
GO:0061138,morphogenesis of a branching epithelium,12/404,191/18805,0.06282722513089005,2.924420714322741,3.960882351798425,9.009606959293935e-4,0.004407834878099707,0.0024923457628140844,CTNNB1/IL10/BCL2/EXT1/TGFB1/EDN1/TNF/PML/MYC/LEF1/VEGFA/KRAS,12
GO:0048511,rhythmic process,16/404,303/18805,0.052805280528052806,2.4579289612129527,3.7909096182761397,9.11426983540581e-4,0.0044543853203935285,0.0025186670295622034,RORC/PPARGC1A/MTOR/MAPK8/ATF4/TP53/PPARA/CYP1B1/PPARG/SP1/PTEN/TNF/PML/PER2/GFPT1/SGPL1,16
GO:0097720,calcineurin-mediated signaling,6/404,53/18805,0.11320754716981132,5.269475060713619,4.611940650133307,9.269054201260321e-4,0.004525308839447426,0.0025587696960836077,MTOR/NFATC1/IGF1/PRNP/TNF/PPP3CA,6
GO:0002544,chronic inflammatory response,4/404,21/18805,0.19047619047619047,8.866100895803866,5.344046290703407,9.400051189127146e-4,0.00454190295846164,0.002568152597974556,IL10/S100A8/CEBPB/TNF,4
GO:0002888,positive regulation of myeloid leukocyte mediated immunity,4/404,21/18805,0.19047619047619047,8.866100895803866,5.344046290703407,9.400051189127146e-4,0.00454190295846164,0.002568152597974556,POMC/SPI1/ITGAM/ARG1,4
GO:0006244,pyrimidine nucleotide catabolic process,4/404,21/18805,0.19047619047619047,8.866100895803866,5.344046290703407,9.400051189127146e-4,0.00454190295846164,0.002568152597974556,DUT/DPYD/TYMP/UPB1,4
GO:0006670,sphingosine metabolic process,4/404,21/18805,0.19047619047619047,8.866100895803866,5.344046290703407,9.400051189127146e-4,0.00454190295846164,0.002568152597974556,PLPP1/SGPP2/ACER3/GBA1,4
GO:0010224,response to UV-B,4/404,21/18805,0.19047619047619047,8.866100895803866,5.344046290703407,9.400051189127146e-4,0.00454190295846164,0.002568152597974556,MME/IL12A/BCL2/MAPK14,4
GO:0010829,negative regulation of D-glucose transmembrane transport,4/404,21/18805,0.19047619047619047,8.866100895803866,5.344046290703407,9.400051189127146e-4,0.00454190295846164,0.002568152597974556,ACE/TNF/ENPP1/PRKCB,4
GO:0035268,protein mannosylation,4/404,21/18805,0.19047619047619047,8.866100895803866,5.344046290703407,9.400051189127146e-4,0.00454190295846164,0.002568152597974556,B4GAT1/LARGE2/POMGNT1/POMT1,4
GO:0044321,response to leptin,4/404,21/18805,0.19047619047619047,8.866100895803866,5.344046290703407,9.400051189127146e-4,0.00454190295846164,0.002568152597974556,CCND1/STAT3/EDN1/UGCG,4
GO:0061050,regulation of cell growth involved in cardiac muscle cell development,4/404,21/18805,0.19047619047619047,8.866100895803866,5.344046290703407,9.400051189127146e-4,0.00454190295846164,0.002568152597974556,IGF1/PPARA/RGS2/EDN1,4
GO:2000273,positive regulation of signaling receptor activity,4/404,21/18805,0.19047619047619047,8.866100895803866,5.344046290703407,9.400051189127146e-4,0.00454190295846164,0.002568152597974556,IL10/HIF1A/IFNG/EDN1,4
GO:0055006,cardiac cell development,8/404,94/18805,0.0851063829787234,3.9614493364230037,4.264958658950476,9.423659861839883e-4,0.004543931562629695,0.0025692996425310108,MTOR/IGF1/PPARA/RGS2/JAG1/EDN1/ZMPSTE24/VEGFA,8
GO:1904705,regulation of vascular associated smooth muscle cell proliferation,8/404,94/18805,0.0851063829787234,3.9614493364230037,4.264958658950476,9.423659861839883e-4,0.004543931562629695,0.0025692996425310108,IL10/IGF1/JUN/PPARG/EDN1/PTEN/TNF/CDKN1B,8
GO:0035051,cardiocyte differentiation,11/404,166/18805,0.06626506024096386,3.084441727305261,3.9969396372501884,9.464010631276567e-4,0.004558693186793919,0.002577646387011108,MTOR/IGF1/PPARA/MAPK1/RGS2/TGFB1/JAG1/EDN1/ZMPSTE24/ACADM/VEGFA,11
GO:0002702,positive regulation of production of molecular mediator of immune response,10/404,141/18805,0.07092198581560284,3.3012077803525033,4.064041351983055,9.529116206795209e-4,0.0045806285503301,0.002590049417495942,IL10/IL4/GATA3/STAT6/IL18/TBX21/IL4R/TGFB1/CD74/MIF,10
GO:0008643,carbohydrate transport,10/404,141/18805,0.07092198581560284,3.3012077803525033,4.064041351983055,9.529116206795209e-4,0.0045806285503301,0.002590049417495942,PRKAG2/IGF1/ACE/NFE2L2/EDN1/TNF/MAPK14/ACACB/ENPP1/PRKCB,10
GO:0048880,sensory system development,20/404,426/18805,0.046948356807511735,2.1853065588248963,3.6666515450401804,9.640556562168708e-4,0.004629444699905015,0.0026176517952879144,CTNNB1/STAT3/ATF4/HIF1A/FOS/GATA3/RDH13/FASLG/BCL2/CYP1B1/MITF/TGFB1/JAG1/THRB/CDKN1B/PER2/ITGAM/PLAAT3/VEGFA/BAX,20
GO:0001975,response to amphetamine,5/404,36/18805,0.1388888888888889,6.464865236523653,4.863010766735756,9.724042723113576e-4,0.004645711023430384,0.0026268493500140326,RGS2/HPRT1/EDN1/NR4A2/PPP3CA,5
GO:0030224,monocyte differentiation,5/404,36/18805,0.1388888888888889,6.464865236523653,4.863010766735756,9.724042723113576e-4,0.004645711023430384,0.0026268493500140326,PPARG/MYC/CD74/FASN/VEGFA,5
GO:0034405,response to fluid shear stress,5/404,36/18805,0.1388888888888889,6.464865236523653,4.863010766735756,9.724042723113576e-4,0.004645711023430384,0.0026268493500140326,KLF2/ACE/NFE2L2/TGFB1/PTGS2,5
GO:0043388,positive regulation of DNA binding,5/404,36/18805,0.1388888888888889,6.464865236523653,4.863010766735756,9.724042723113576e-4,0.004645711023430384,0.0026268493500140326,SIRT2/PRKN/IGF1/GATA3/IFNG,5
GO:1901797,negative regulation of signal transduction by p53 class mediator,5/404,36/18805,0.1388888888888889,6.464865236523653,4.863010766735756,9.724042723113576e-4,0.004645711023430384,0.0026268493500140326,PRKN/RRM2B/BCL2/CD74/MIF,5
GO:0010565,regulation of ketone metabolic process,10/404,142/18805,0.07042253521126761,3.277959838237345,4.037333247974911,0.0010059477611048307,0.004801067703866277,0.0027146935127191902,PPARGC1A/PRKAG2/SIRT2/PPARA/PDK2/PPARG/ACACB/PTGS2/CD74/PGK1,10
GO:0022037,metencephalon development,9/404,118/18805,0.07627118644067797,3.5501971807350228,4.117561203966105,0.0010155000607744973,0.004841722285688591,0.002737681051396571,TP53/ABAT/GPX4/BCL2/GBA1/GLI1/ATIC/OGDH/B4GALT2,9
GO:0002064,epithelial cell development,13/404,221/18805,0.058823529411764705,2.7380605707629586,3.85111543875954,0.0010278697815184002,0.004895713445645117,0.0027682095631191054,B4GALT1/ATF4/HIF1A/RAPGEF3/AKR1B1/TGFB1/JAG1/ICAM1/TNF/CEBPA/FASN/EPAS1/VEGFA,13
GO:0048592,eye morphogenesis,11/404,168/18805,0.06547619047619048,3.047722182932579,3.950324428553803,0.0010437325852150413,0.004927288861565005,0.00278606342022887,CTNNB1/STAT3/ATF4/HIF1A/RDH13/FASLG/BCL2/JAG1/THRB/VEGFA/BAX,11
GO:0016126,sterol biosynthetic process,7/404,74/18805,0.0945945945945946,4.403097404335028,4.346151377669502,0.0010470229011537132,0.004927288861565005,0.00278606342022887,PRKAG2/LPCAT3/GNAI1/MAPK1/IDI1/FDPS/PRKACA,7
GO:0060562,epithelial tube morphogenesis,17/404,337/18805,0.050445103857566766,2.348069747627582,3.700091563208887,0.0010552369923148314,0.004927288861565005,0.00278606342022887,CTNNB1/HIF1A/GATA3/CXCL10/BCL2/EXT1/MTHFD1/TGFB1/EDN1/PRKACA/TNF/PML/MYC/MTHFD1L/LEF1/VEGFA/KRAS,17
GO:0002002,regulation of angiotensin levels in blood,3/404,10/18805,0.3,13.964108910891088,6.075983656268562,0.0010555469304036097,0.004927288861565005,0.00278606342022887,ACE/CTSG/ENPEP,3
GO:0006646,phosphatidylethanolamine biosynthetic process,3/404,10/18805,0.3,13.964108910891088,6.075983656268562,0.0010555469304036097,0.004927288861565005,0.00278606342022887,CEPT1/ALOX15/PISD,3
GO:0009624,response to nematode,3/404,10/18805,0.3,13.964108910891088,6.075983656268562,0.0010555469304036097,0.004927288861565005,0.00278606342022887,HPGDS/PTGS2/ARG1,3
GO:0019371,cyclooxygenase pathway,3/404,10/18805,0.3,13.964108910891088,6.075983656268562,0.0010555469304036097,0.004927288861565005,0.00278606342022887,PTGES3/PTGS2/PTGS1,3
GO:0031652,positive regulation of heat generation,3/404,10/18805,0.3,13.964108910891088,6.075983656268562,0.0010555469304036097,0.004927288861565005,0.00278606342022887,ABAT/TNF/PTGS2,3
GO:0032819,positive regulation of natural killer cell proliferation,3/404,10/18805,0.3,13.964108910891088,6.075983656268562,0.0010555469304036097,0.004927288861565005,0.00278606342022887,IL23R/IL23A/IL18,3
GO:0035694,mitochondrial protein catabolic process,3/404,10/18805,0.3,13.964108910891088,6.075983656268562,0.0010555469304036097,0.004927288861565005,0.00278606342022887,BNIP3L/PISD/PRKACA,3
GO:0042368,vitamin D biosynthetic process,3/404,10/18805,0.3,13.964108910891088,6.075983656268562,0.0010555469304036097,0.004927288861565005,0.00278606342022887,NFKB1/IFNG/TNF,3
GO:0045136,development of secondary sexual characteristics,3/404,10/18805,0.3,13.964108910891088,6.075983656268562,0.0010555469304036097,0.004927288861565005,0.00278606342022887,B4GALT1/TGFB1/BAX,3
GO:0046174,polyol catabolic process,3/404,10/18805,0.3,13.964108910891088,6.075983656268562,0.0010555469304036097,0.004927288861565005,0.00278606342022887,TKFC/TPI1/SORD,3
GO:0070189,kynurenine metabolic process,3/404,10/18805,0.3,13.964108910891088,6.075983656268562,0.0010555469304036097,0.004927288861565005,0.00278606342022887,KYAT3/KYNU/KMO,3
GO:0070244,negative regulation of thymocyte apoptotic process,3/404,10/18805,0.3,13.964108910891088,6.075983656268562,0.0010555469304036097,0.004927288861565005,0.00278606342022887,RORC/HIF1A/ADA,3
GO:1901072,glucosamine-containing compound catabolic process,3/404,10/18805,0.3,13.964108910891088,6.075983656268562,0.0010555469304036097,0.004927288861565005,0.00278606342022887,AMDHD2/NAGK/GNPDA1,3
GO:1902224,ketone body metabolic process,3/404,10/18805,0.3,13.964108910891088,6.075983656268562,0.0010555469304036097,0.004927288861565005,0.00278606342022887,OXCT1/AACS/ACSS3,3
GO:1903799,negative regulation of miRNA processing,3/404,10/18805,0.3,13.964108910891088,6.075983656268562,0.0010555469304036097,0.004927288861565005,0.00278606342022887,STAT3/TP53/ZMPSTE24,3
GO:1904627,response to phorbol 13-acetate 12-myristate,3/404,10/18805,0.3,13.964108910891088,6.075983656268562,0.0010555469304036097,0.004927288861565005,0.00278606342022887,FOS/FBP1/CDK4,3
GO:1904628,cellular response to phorbol 13-acetate 12-myristate,3/404,10/18805,0.3,13.964108910891088,6.075983656268562,0.0010555469304036097,0.004927288861565005,0.00278606342022887,FOS/FBP1/CDK4,3
GO:0010562,positive regulation of phosphorus metabolic process,22/404,493/18805,0.04462474645030426,2.077149398509831,3.591092601857834,0.0010614355805455,0.004944916804093563,0.0027960308825052977,CCND1/PRKAG2/MTOR/IL4/HIF1A/IGF1/TP53/PPARA/MAPK1/IL12A/IFNG/IL18/PRNP/TGFB1/EDN1/TNF/PFKFB1/CD74/TGFA/MIF/VEGFA/KRAS,22
GO:0045937,positive regulation of phosphate metabolic process,22/404,493/18805,0.04462474645030426,2.077149398509831,3.591092601857834,0.0010614355805455,0.004944916804093563,0.0027960308825052977,CCND1/PRKAG2/MTOR/IL4/HIF1A/IGF1/TP53/PPARA/MAPK1/IL12A/IFNG/IL18/PRNP/TGFB1/EDN1/TNF/PFKFB1/CD74/TGFA/MIF/VEGFA/KRAS,22
GO:0002690,positive regulation of leukocyte chemotaxis,8/404,96/18805,0.08333333333333333,3.8789191419141913,4.190201302474956,0.0010817308423927696,0.005026715150849969,0.002842282561295819,IL23A/CXCL8/CXCL10/MAPK1/IL12A/EDN1/CD74/VEGFA,8
GO:1990874,vascular associated smooth muscle cell proliferation,8/404,96/18805,0.08333333333333333,3.8789191419141913,4.190201302474956,0.0010817308423927696,0.005026715150849969,0.002842282561295819,IL10/IGF1/JUN/PPARG/EDN1/PTEN/TNF/CDKN1B,8
GO:0031348,negative regulation of defense response,16/404,308/18805,0.05194805194805195,2.418027517037418,3.717957830082332,0.001082214624531561,0.005026715150849969,0.002842282561295819,NFKB1/IL10/IL4/STAT3/LPCAT3/IL2RA/IGF1/PPARA/GATA3/ALOX5/PPARG/ADA/TGFB1/GBA1/MAPK14/ARG1,16
GO:0060218,hematopoietic stem cell differentiation,5/404,37/18805,0.13513513513513514,6.29013914905004,4.772589170364417,0.0011047649455177288,0.005116230934633043,0.002892897951977811,TP53/ACE/BCL2/EXT1/NFE2L2,5
GO:1904385,cellular response to angiotensin,5/404,37/18805,0.13513513513513514,6.29013914905004,4.772589170364417,0.0011047649455177288,0.005116230934633043,0.002892897951977811,NFKB1/ACE/NFE2L2/AHCYL1/PPP3CA,5
GO:2000515,"negative regulation of CD4-positive, alpha-beta T cell activation",5/404,37/18805,0.13513513513513514,6.29013914905004,4.772589170364417,0.0011047649455177288,0.005116230934633043,0.002892897951977811,RUNX1/CD274/STAT5A/TBX21/IL4R,5
GO:0002204,somatic recombination of immunoglobulin genes involved in immune response,6/404,55/18805,0.10909090909090909,5.077857785778578,4.487535277293601,0.00112909908436295,0.005174816136395983,0.0029260240974473112,IL10/IL4/STAT6/PCYT1A/TBX21/TGFB1,6
GO:0002208,somatic diversification of immunoglobulins involved in immune response,6/404,55/18805,0.10909090909090909,5.077857785778578,4.487535277293601,0.00112909908436295,0.005174816136395983,0.0029260240974473112,IL10/IL4/STAT6/PCYT1A/TBX21/TGFB1,6
GO:0010883,regulation of lipid storage,6/404,55/18805,0.10909090909090909,5.077857785778578,4.487535277293601,0.00112909908436295,0.005174816136395983,0.0029260240974473112,NFKB1/LPL/PPARA/PPARG/TNF/ACACB,6
GO:0034198,cellular response to amino acid starvation,6/404,55/18805,0.10909090909090909,5.077857785778578,4.487535277293601,0.00112909908436295,0.005174816136395983,0.0029260240974473112,MTOR/MAPK8/ATF4/MAPK1/SESN3/SLC38A2,6
GO:0045190,isotype switching,6/404,55/18805,0.10909090909090909,5.077857785778578,4.487535277293601,0.00112909908436295,0.005174816136395983,0.0029260240974473112,IL10/IL4/STAT6/PCYT1A/TBX21/TGFB1,6
GO:0006491,N-glycan processing,4/404,22/18805,0.18181818181818182,8.463096309630963,5.189708903080525,0.0011295732788117671,0.005174816136395983,0.0029260240974473112,FUT8/HEXA/MAN2A2/ST8SIA5,4
GO:0006662,glycerol ether metabolic process,4/404,22/18805,0.18181818181818182,8.463096309630963,5.189708903080525,0.0011295732788117671,0.005174816136395983,0.0029260240974473112,NCEH1/PAFAH1B1/FASN/PLAAT3,4
GO:0010560,positive regulation of glycoprotein biosynthetic process,4/404,22/18805,0.18181818181818182,8.463096309630963,5.189708903080525,0.0011295732788117671,0.005174816136395983,0.0029260240974473112,CTNNB1/IGF1/POMT1/SOAT1,4
GO:0032816,positive regulation of natural killer cell activation,4/404,22/18805,0.18181818181818182,8.463096309630963,5.189708903080525,0.0011295732788117671,0.005174816136395983,0.0029260240974473112,IL23R/IL23A/IL12A/IL18,4
GO:0046485,ether lipid metabolic process,4/404,22/18805,0.18181818181818182,8.463096309630963,5.189708903080525,0.0011295732788117671,0.005174816136395983,0.0029260240974473112,NCEH1/PAFAH1B1/FASN/PLAAT3,4
GO:0097502,mannosylation,4/404,22/18805,0.18181818181818182,8.463096309630963,5.189708903080525,0.0011295732788117671,0.005174816136395983,0.0029260240974473112,B4GAT1/LARGE2/POMGNT1/POMT1,4
GO:0032355,response to estradiol,9/404,120/18805,0.075,3.491027227722772,4.056183906781506,0.00114404643723359,0.005235997477153146,0.002960618191739959,CTNNB1/IL10/STAT3/GPX4/CYP1B1/TGFB1/PTGS2/CDKN1B/ITGAM,9
GO:0015837,amine transport,8/404,97/18805,0.08247422680412371,3.838930284781055,4.1535745084010784,0.0011573311425658143,0.005291625399895647,0.0029920721870405256,PRKN/ABAT/RGS2/TNF/KMO/PER2/PRKCB/SLC38A2,8
GO:0002040,sprouting angiogenesis,12/404,197/18805,0.06091370558375635,2.8353520631250944,3.8370524863818662,0.0011774464128229641,0.005373103416020583,0.003038142739560639,KLF2/IL10/HMOX1/IL12A/ALOX5/TGFB1/GLUL/PIK3C2A/PTGS2/PKM/LEF1/VEGFA,12
GO:0002700,regulation of production of molecular mediator of immune response,12/404,197/18805,0.06091370558375635,2.8353520631250944,3.8370524863818662,0.0011774464128229641,0.005373103416020583,0.003038142739560639,IL10/IL4/GATA3/STAT6/IL18/TBX21/IL4R/TGFB1/TNF/CD74/MIF/ARG1,12
GO:0042157,lipoprotein metabolic process,8/404,98/18805,0.08163265306122448,3.799757526773085,4.117432391291141,0.0012370867382625885,0.005628804770209368,0.0031827253303978423,PPARA/GBA1/GLUL/LYPLA1/PPT1/PIK3C3/UGCG/LCAT,8
GO:0043502,regulation of muscle adaptation,8/404,98/18805,0.08163265306122448,3.799757526773085,4.117432391291141,0.0012370867382625885,0.005628804770209368,0.0031827253303978423,IGF1/PPARA/FOXO1/PPARG/RGS2/EDN1/ACACB/PPP3CA,8
GO:0051153,regulation of striated muscle cell differentiation,8/404,98/18805,0.08163265306122448,3.799757526773085,4.117432391291141,0.0012370867382625885,0.005628804770209368,0.0031827253303978423,MTOR/IGF1/PPARA/BCL2/RGS2/TGFB1/EDN1/MAPK14,8
GO:0002639,positive regulation of immunoglobulin production,6/404,56/18805,0.10714285714285714,4.987181753889675,4.427576598359751,0.0012420634376883383,0.005640485950782542,0.003189330283103958,IL10/IL4/STAT6/TBX21/IL4R/TGFB1,6
GO:0036230,granulocyte activation,6/404,56/18805,0.10714285714285714,4.987181753889675,4.427576598359751,0.0012420634376883383,0.005640485950782542,0.003189330283103958,CXCL8/IL18/TNF/SPI1/CTSG/ITGAM,6
GO:0045191,regulation of isotype switching,5/404,38/18805,0.13157894736842105,6.12460917144346,4.685438178052547,0.0012500143200603617,0.005662048340502631,0.0032015224209995994,IL10/IL4/STAT6/TBX21/TGFB1,5
GO:0046164,alcohol catabolic process,5/404,38/18805,0.13157894736842105,6.12460917144346,4.685438178052547,0.0012500143200603617,0.005662048340502631,0.0032015224209995994,ACSS2/ALDH2/TKFC/TPI1/SORD,5
GO:0060047,heart contraction,14/404,254/18805,0.05511811023622047,2.5655843143369452,3.722243225767003,0.0012504395523450919,0.005662048340502631,0.0032015224209995994,MTOR/GCH1/ACE/RGS2/ADA/EXT1/EDN1/PRKACA/THRB/TNF/ZMPSTE24/EPAS1/PIK3CA/ATP2A1,14
GO:0006720,isoprenoid metabolic process,9/404,122/18805,0.07377049180327869,3.4337972731699398,3.9960977191770626,0.0012854380199199037,0.005814899332623177,0.0032879497788950505,IDI1/FDPS/RDH13/RETSAT/CYP1B1/AKR1B1/PDSS1/DPAGT1/CEL,9
GO:0042542,response to hydrogen peroxide,8/404,99/18805,0.08080808080808081,3.761376137613762,4.081763060311036,0.0013211591997404014,0.005970721402687798,0.003376057089358982,KLF2/STAT1/HMOX1/STAT6/BCL2/CYP1B1/NFE2L2/EDN1,8
GO:0045669,positive regulation of osteoblast differentiation,7/404,77/18805,0.09090909090909091,4.231548154815481,4.210225771630076,0.0013244827050280202,0.005974208116513672,0.0033780286006951333,CTNNB1/IGF1/CEBPB/JAG1/CEBPA/VEGFA/PPP3CA,7
GO:0046470,phosphatidylcholine metabolic process,7/404,77/18805,0.09090909090909091,4.231548154815481,4.210225771630076,0.0013244827050280202,0.005974208116513672,0.0033780286006951333,CEPT1/PEMT/LPCAT3/PCYT1A/PLA2G4B/LCAT/PLAAT3,7
GO:0009713,catechol-containing compound biosynthetic process,4/404,23/18805,0.17391304347826086,8.095135600516572,5.044856194874697,0.0013443988143193373,0.006046566040963628,0.0034189423307681216,ALDH2/GCH1/GATA3/NR4A2,4
GO:0032700,negative regulation of interleukin-17 production,4/404,23/18805,0.17391304347826086,8.095135600516572,5.044856194874697,0.0013443988143193373,0.006046566040963628,0.0034189423307681216,IL12A/IFNG/PRNP/TGFB1,4
GO:0042423,catecholamine biosynthetic process,4/404,23/18805,0.17391304347826086,8.095135600516572,5.044856194874697,0.0013443988143193373,0.006046566040963628,0.0034189423307681216,ALDH2/GCH1/GATA3/NR4A2,4
GO:0031098,stress-activated protein kinase signaling cascade,6/404,57/18805,0.10526315789473684,4.899687337154768,4.369028068589012,0.001363469646522433,0.0061264538243935044,0.003464113709469562,MAPK8/MAPK1/FOXO1/MAPK14/MYC/ZMPSTE24,6
GO:0003180,aortic valve morphogenesis,5/404,39/18805,0.1282051282051282,5.967567910637217,4.601350875907939,0.0014089004428239787,0.006298759778299894,0.003561541590958483,SMAD2/NFATC1/GATA3/TGFB1/JAG1,5
GO:0070884,regulation of calcineurin-NFAT signaling cascade,5/404,39/18805,0.1282051282051282,5.967567910637217,4.601350875907939,0.0014089004428239787,0.006298759778299894,0.003561541590958483,MTOR/IGF1/PRNP/TNF/PPP3CA,5
GO:2000316,regulation of T-helper 17 type immune response,5/404,39/18805,0.1282051282051282,5.967567910637217,4.601350875907939,0.0014089004428239787,0.006298759778299894,0.003561541590958483,IL23R/IL23A/STAT5A/TBX21/IL12RB1,5
GO:0060419,heart growth,8/404,100/18805,0.08,3.723762376237624,4.046555036084185,0.0014097132734137078,0.006298759778299894,0.003561541590958483,RUNX1/IGF1/PPARA/RGS2/EDN1/MAPK14/ACACB/GLI1,8
GO:0070664,negative regulation of leukocyte proliferation,8/404,100/18805,0.08,3.723762376237624,4.046555036084185,0.0014097132734137078,0.006298759778299894,0.003561541590958483,IL10/CD274/IL2RA/CEBPB/PRNP/TGFB1/IL4I1/ARG1,8
GO:0006686,sphingomyelin biosynthetic process,3/404,11/18805,0.2727272727272727,12.694644464446442,5.748689414606534,0.0014283325661098355,0.006298759778299894,0.003561541590958483,SAMD8/PEMT/SGMS2,3
GO:0009120,deoxyribonucleoside metabolic process,3/404,11/18805,0.2727272727272727,12.694644464446442,5.748689414606534,0.0014283325661098355,0.006298759778299894,0.003561541590958483,DTYMK/ADA/DPYD,3
GO:0009170,purine deoxyribonucleoside monophosphate metabolic process,3/404,11/18805,0.2727272727272727,12.694644464446442,5.748689414606534,0.0014283325661098355,0.006298759778299894,0.003561541590958483,ADK/ADA/GUK1,3
GO:0045843,negative regulation of striated muscle tissue development,3/404,11/18805,0.2727272727272727,12.694644464446442,5.748689414606534,0.0014283325661098355,0.006298759778299894,0.003561541590958483,SIRT2/TGFB1/LEF1,3
GO:0046477,glycosylceramide catabolic process,3/404,11/18805,0.2727272727272727,12.694644464446442,5.748689414606534,0.0014283325661098355,0.006298759778299894,0.003561541590958483,GALC/GBA1/GLA,3
GO:0046500,S-adenosylmethionine metabolic process,3/404,11/18805,0.2727272727272727,12.694644464446442,5.748689414606534,0.0014283325661098355,0.006298759778299894,0.003561541590958483,GNMT/AHCYL1/MAT2B,3
GO:0046940,nucleoside monophosphate phosphorylation,3/404,11/18805,0.2727272727272727,12.694644464446442,5.748689414606534,0.0014283325661098355,0.006298759778299894,0.003561541590958483,DTYMK/CMPK1/CMPK2,3
GO:0060397,growth hormone receptor signaling pathway via JAK-STAT,3/404,11/18805,0.2727272727272727,12.694644464446442,5.748689414606534,0.0014283325661098355,0.006298759778299894,0.003561541590958483,STAT3/STAT5A/STAT6,3
GO:0070669,response to interleukin-2,3/404,11/18805,0.2727272727272727,12.694644464446442,5.748689414606534,0.0014283325661098355,0.006298759778299894,0.003561541590958483,STAT3/STAT5A/IL2RA,3
GO:0071349,cellular response to interleukin-12,3/404,11/18805,0.2727272727272727,12.694644464446442,5.748689414606534,0.0014283325661098355,0.006298759778299894,0.003561541590958483,IL12A/STAT4/IL12RB1,3
GO:1901031,regulation of response to reactive oxygen species,3/404,11/18805,0.2727272727272727,12.694644464446442,5.748689414606534,0.0014283325661098355,0.006298759778299894,0.003561541590958483,GCH1/SESN3/NFE2L2,3
GO:1901329,regulation of odontoblast differentiation,3/404,11/18805,0.2727272727272727,12.694644464446442,5.748689414606534,0.0014283325661098355,0.006298759778299894,0.003561541590958483,CTNNB1/CEBPB/LEF1,3
GO:0002200,somatic diversification of immune receptors,7/404,78/18805,0.08974358974358974,4.177297537446052,4.166449990604843,0.0014287233841423512,0.006298759778299894,0.003561541590958483,IL10/IL4/STAT6/PCYT1A/TBX21/TGFB1/LEF1,7
GO:0002637,regulation of immunoglobulin production,7/404,78/18805,0.08974358974358974,4.177297537446052,4.166449990604843,0.0014287233841423512,0.006298759778299894,0.003561541590958483,IL10/IL4/STAT6/TBX21/IL4R/TGFB1/TNF,7
GO:0009620,response to fungus,7/404,78/18805,0.08974358974358974,4.177297537446052,4.166449990604843,0.0014287233841423512,0.006298759778299894,0.003561541590958483,POMC/S100A8/TGFB1/SPI1/GAPDH/CTSG/ARG1,7
GO:0034101,erythrocyte homeostasis,10/404,149/18805,0.06711409395973154,3.1239617250315637,3.8567869152693786,0.001448841316303822,0.006375446468923398,0.003604902958551754,KLF2/STAT3/HIF1A/STAT1/HMOX1/GATA3/MAPK14/SPI1/EPAS1/VEGFA,10
GO:2001235,positive regulation of apoptotic signaling pathway,10/404,149/18805,0.06711409395973154,3.1239617250315637,3.8567869152693786,0.001448841316303822,0.006375446468923398,0.003604902958551754,TP53/S100A8/FASLG/PPARG/SP1/BID/TNF/PML/MYC/BAX,10
GO:0001558,regulation of cell growth,19/404,410/18805,0.046341463414634146,2.157057474040087,3.5098782778216604,0.0014879998428246268,0.006541610576624321,0.003698858022934457,MTOR/NME6/PRKN/IGF1/TP53/PPARA/FBP1/S100A8/BCL2/RGS2/CDA/TGFB1/EDN1/PAFAH1B1/PML/PPT1/CDKN1B/ENPP1/VEGFA,19
GO:0042063,gliogenesis,17/404,348/18805,0.04885057471264368,2.273849152156595,3.554038755939661,0.0014913648341091507,0.006550253427109796,0.0037037449963311093,CTNNB1/SIRT2/MTOR/STAT3/TP53/MAPK1/S100A8/IFNG/TGFB1/GBA1/PAFAH1B1/PTEN/TNF/B4GALT6/PHGDH/LEF1/KRAS,17
GO:1990928,response to amino acid starvation,6/404,58/18805,0.10344827586206896,4.815209969272789,4.311830125579852,0.0014937243856228322,0.006554468203829522,0.0037061281801819396,MTOR/MAPK8/ATF4/MAPK1/SESN3/SLC38A2,6
GO:0072080,nephron tubule development,8/404,101/18805,0.07920792079207921,3.6868934418194295,4.011797232456894,0.001502916834929632,0.0065886297950754095,0.003725444352304381,CTNNB1/STAT1/GATA3/BCL2/TGFB1/JAG1/MYC/VEGFA,8
GO:0001935,endothelial cell proliferation,12/404,203/18805,0.059113300492610835,2.751548553870165,3.7177952720280456,0.0015208883887076793,0.006661178143993783,0.003766465755107886,IL10/STAT3/HIF1A/STAT5A/STAT1/HMOX1/IL12A/ALOX5/PPARG/SP1/TNF/VEGFA,12
GO:0002440,production of molecular mediator of immune response,13/404,231/18805,0.05627705627705628,2.6195298101238693,3.669756993703019,0.001532869111942261,0.006707376805713706,0.003792588112675639,IL10/IL4/GATA3/STAT6/PCYT1A/IL18/TBX21/IL4R/TGFB1/TNF/CD74/MIF/ARG1,13
GO:0032869,cellular response to insulin stimulus,14/404,260/18805,0.05384615384615385,2.5063785224676316,3.62411909812467,0.0015583225357251962,0.006812386659444788,0.0038519643985934133,MTOR/STAT1/PDK2/MAPK1/FOXO1/FBP1/SESN3/PPARG/SP1/PIK3C2A/PKM/ENPP1/PIK3CA/PRKCB,14
GO:0002369,T cell cytokine production,5/404,40/18805,0.125,5.818378712871287,4.520138415195615,0.0015821806840736169,0.006870052240414156,0.003884570557935566,IL4/GATA3/IL18/TBX21/ARG1,5
GO:0002724,regulation of T cell cytokine production,5/404,40/18805,0.125,5.818378712871287,4.520138415195615,0.0015821806840736169,0.006870052240414156,0.003884570557935566,IL4/GATA3/IL18/TBX21/ARG1,5
GO:0006734,NADH metabolic process,5/404,40/18805,0.125,5.818378712871287,4.520138415195615,0.0015821806840736169,0.006870052240414156,0.003884570557935566,TPI1/PFKL/PKM/NUDT13/PGK1,5
GO:0016266,O-glycan processing,5/404,40/18805,0.125,5.818378712871287,4.520138415195615,0.0015821806840736169,0.006870052240414156,0.003884570557935566,POMGNT1/ST3GAL3/ST6GAL1/GCNT1/B3GNT5,5
GO:0106056,regulation of calcineurin-mediated signaling,5/404,40/18805,0.125,5.818378712871287,4.520138415195615,0.0015821806840736169,0.006870052240414156,0.003884570557935566,MTOR/IGF1/PRNP/TNF/PPP3CA,5
GO:0032770,positive regulation of monooxygenase activity,4/404,24/18805,0.16666666666666666,7.757838283828383,4.9085040140644125,0.0015861867731498725,0.006870052240414156,0.003884570557935566,HIF1A/GCH1/IFNG/TNF,4
GO:0035162,embryonic hemopoiesis,4/404,24/18805,0.16666666666666666,7.757838283828383,4.9085040140644125,0.0015861867731498725,0.006870052240414156,0.003884570557935566,ATF4/HIF1A/GATA3/VEGFA,4
GO:0072574,hepatocyte proliferation,4/404,24/18805,0.16666666666666666,7.757838283828383,4.9085040140644125,0.0015861867731498725,0.006870052240414156,0.003884570557935566,CEBPB/TNF/GLI1/TGFA,4
GO:0072575,epithelial cell proliferation involved in liver morphogenesis,4/404,24/18805,0.16666666666666666,7.757838283828383,4.9085040140644125,0.0015861867731498725,0.006870052240414156,0.003884570557935566,CEBPB/TNF/GLI1/TGFA,4
GO:0097066,response to thyroid hormone,4/404,24/18805,0.16666666666666666,7.757838283828383,4.9085040140644125,0.0015861867731498725,0.006870052240414156,0.003884570557935566,ACE/GBA1/THRB/CRLS1,4
GO:0055123,digestive system development,10/404,151/18805,0.06622516556291391,3.082584748541079,3.807152402026245,0.0016009821331539255,0.006927724905200259,0.003917180722718283,SMAD2/CTNNB1/CXCL8/HIF1A/BCL2/ADA/EXT1/TGFB1/TNF/GLI1,10
GO:0030900,forebrain development,19/404,413/18805,0.04600484261501211,2.1413887756814423,3.4752754726979354,0.00161720854832569,0.006991477768477267,0.00395322884680868,CTNNB1/HIF1A/FOS/HPRT1/DCT/EXT1/PAFAH1B1/POMGNT1/NR4A2/PTEN/GLI1/ATIC/OGDH/LEF1/ITGAM/BAX/PGAP1/KRAS/SLC38A2,19
GO:0002381,immunoglobulin production involved in immunoglobulin-mediated immune response,6/404,59/18805,0.1016949152542373,4.733596240980031,4.2559267173509925,0.0016332411123742667,0.007041284427381507,0.003981391293613726,IL10/IL4/STAT6/PCYT1A/TBX21/TGFB1,6
GO:0019748,secondary metabolic process,6/404,59/18805,0.1016949152542373,4.733596240980031,4.2559267173509925,0.0016332411123742667,0.007041284427381507,0.003981391293613726,BCL2/CYP1B1/AKR1B1/DCT/NFE2L2/CBR4,6
GO:0061005,cell differentiation involved in kidney development,6/404,59/18805,0.1016949152542373,4.733596240980031,4.2559267173509925,0.0016332411123742667,0.007041284427381507,0.003981391293613726,CTNNB1/STAT1/GATA3/EXT1/JAG1/EDN1,6
GO:0002437,inflammatory response to antigenic stimulus,7/404,80/18805,0.0875,4.072865099009901,4.081057053562299,0.0016563391895684338,0.007107102131607059,0.004018606951818107,IL10/IL2RA/GATA3/EXT1/TNF/MAPK14/FCGR3B,7
GO:0010469,regulation of signaling receptor activity,7/404,80/18805,0.0875,4.072865099009901,4.081057053562299,0.0016563391895684338,0.007107102131607059,0.004018606951818107,IL10/HIF1A/PPARA/IFNG/PPARG/EDN1/TNF,7
GO:0072088,nephron epithelium morphogenesis,7/404,80/18805,0.0875,4.072865099009901,4.081057053562299,0.0016563391895684338,0.007107102131607059,0.004018606951818107,CTNNB1/STAT1/GATA3/BCL2/TGFB1/MYC/VEGFA,7
GO:0140962,multicellular organismal-level chemical homeostasis,7/404,80/18805,0.0875,4.072865099009901,4.081057053562299,0.0016563391895684338,0.007107102131607059,0.004018606951818107,HMOX1/AKR1B1/EXT1/TGFB1/PRKACA/EPAS1/VEGFA,7
GO:1904019,epithelial cell apoptotic process,7/404,80/18805,0.0875,4.072865099009901,4.081057053562299,0.0016563391895684338,0.007107102131607059,0.004018606951818107,HMOX1/PPARA/BCL2/BID/CDKN1B/LEF1/BAX,7
GO:0051047,positive regulation of secretion,16/404,321/18805,0.04984423676012461,2.320101168995404,3.534734860695317,0.001657615448038212,0.007107102131607059,0.004018606951818107,HIF1A/IGF1/S100A8/ABAT/IFNG/PPARG/IL4R/TGFB1/EDN1/PRKACA/AACS/KMO/ITGAM/MIF/PPP3CA/PRKCB,16
GO:0060537,muscle tissue development,20/404,446/18805,0.04484304932735426,2.0873107490121208,3.4434334267576254,0.001668019790173977,0.007145168030736102,0.004040130757728659,CTNNB1/SIRT2/MTOR/RUNX1/IGF1/PPARA/FOS/MTM1/BCL2/RGS2/TGFB1/EDN1/MAPK14/GLI1/ZMPSTE24/ACADM/LEF1/VEGFA/PPP3CA/KRAS,20
GO:0002688,regulation of leukocyte chemotaxis,9/404,127/18805,0.07086614173228346,3.2986084041475014,3.851206060159576,0.0017012344758975066,0.007274136818403768,0.004113054272417428,IL23A/CXCL8/CXCL10/MAPK1/IL12A/EDN1/CD74/MIF/VEGFA,9
GO:1903707,negative regulation of hemopoiesis,9/404,127/18805,0.07086614173228346,3.2986084041475014,3.851206060159576,0.0017012344758975066,0.007274136818403768,0.004113054272417428,CTNNB1/IL4/RUNX1/STAT5A/TBX21/IL4R/CEBPA/MYC/CD74,9
GO:0070167,regulation of biomineral tissue development,8/404,103/18805,0.07766990291262135,3.615303277900605,3.943589805896117,0.001703959265438702,0.00727913985472993,0.00411588316613363,ATF4/HIF1A/CEBPB/ALOX5/TGFB1/SGMS2/ENPP1/ZMPSTE24,8
GO:0001654,eye development,19/404,415/18805,0.04578313253012048,2.1310688297745437,3.452369801171748,0.0017085364717979285,0.007292039891483957,0.004123177303240216,CTNNB1/STAT3/ATF4/HIF1A/FOS/GATA3/RDH13/FASLG/BCL2/CYP1B1/MITF/TGFB1/JAG1/THRB/CDKN1B/PER2/PLAAT3/VEGFA/BAX,19
GO:0003015,heart process,14/404,263/18805,0.053231939163498096,2.477788653390054,3.5760781796341936,0.0017345199508001432,0.0073961952729018855,0.004182070440286033,MTOR/GCH1/ACE/RGS2/ADA/EXT1/EDN1/PRKACA/THRB/TNF/ZMPSTE24/EPAS1/PIK3CA/ATP2A1,14
GO:0035337,fatty-acyl-CoA metabolic process,5/404,41/18805,0.12195121951219512,5.676467036947597,4.441628026699963,0.0017706204454965328,0.00752272679293536,0.004253615837638534,ACSF3/ACACA/PPT1/FASN/CBR4,5
GO:0071542,dopaminergic neuron differentiation,5/404,41/18805,0.12195121951219512,5.676467036947597,4.441628026699963,0.0017706204454965328,0.00752272679293536,0.004253615837638534,CTNNB1/HIF1A/HPRT1/NR4A2/VEGFA,5
GO:0090199,regulation of release of cytochrome c from mitochondria,5/404,41/18805,0.12195121951219512,5.676467036947597,4.441628026699963,0.0017706204454965328,0.00752272679293536,0.004253615837638534,PRKN/IGF1/TP53/BID/BAX,5
GO:0097242,amyloid-beta clearance,5/404,41/18805,0.12195121951219512,5.676467036947597,4.441628026699963,0.0017706204454965328,0.00752272679293536,0.004253615837638534,IL4/MME/IFNG/TNF/ITGAM,5
GO:0070542,response to fatty acid,6/404,60/18805,0.1,4.65470297029703,4.201265039540218,0.0017824396784324958,0.007566076676718898,0.004278127395388393,LPL/FOXO1/EDN1/PTGS2/CDK4/PIK3CA,6
GO:0030282,bone mineralization,9/404,128/18805,0.0703125,3.272838025990099,3.823094238058965,0.0017960528371444577,0.007616955963324593,0.0043068963438389705,ATF4/HIF1A/IGF1/ALOX15/ALOX5/SGMS2/PTGS2/ENPP1/ZMPSTE24,9
GO:0003300,cardiac muscle hypertrophy,8/404,104/18805,0.07692307692307693,3.5805407463823307,3.910119826021717,0.0018121490632910583,0.0076782641758631085,0.004341562175924755,IGF1/PPARA/FOXO1/PPARG/RGS2/EDN1/ACACB/PPP3CA,8
GO:0006925,inflammatory cell apoptotic process,4/404,25/18805,0.16,7.447524752475248,4.779806545250482,0.0018566305785923955,0.00780710140054289,0.004414411300246266,IRF3/FASLG/ST6GAL1/ZMPSTE24,4
GO:0010878,cholesterol storage,4/404,25/18805,0.16,7.447524752475248,4.779806545250482,0.0018566305785923955,0.00780710140054289,0.004414411300246266,LPL/PPARA/PPARG/SOAT1,4
GO:0043371,"negative regulation of CD4-positive, alpha-beta T cell differentiation",4/404,25/18805,0.16,7.447524752475248,4.779806545250482,0.0018566305785923955,0.00780710140054289,0.004414411300246266,RUNX1/STAT5A/TBX21/IL4R,4
GO:0070233,negative regulation of T cell apoptotic process,4/404,25/18805,0.16,7.447524752475248,4.779806545250482,0.0018566305785923955,0.00780710140054289,0.004414411300246266,RORC/HIF1A/BCL2/ADA,4
GO:1903020,positive regulation of glycoprotein metabolic process,4/404,25/18805,0.16,7.447524752475248,4.779806545250482,0.0018566305785923955,0.00780710140054289,0.004414411300246266,CTNNB1/IGF1/POMT1/SOAT1,4
GO:0001763,morphogenesis of a branching structure,12/404,208/18805,0.057692307692307696,2.685405559786748,3.621677168968512,0.0018666834676283764,0.00780710140054289,0.004414411300246266,CTNNB1/IL10/BCL2/EXT1/TGFB1/EDN1/TNF/PML/MYC/LEF1/VEGFA/KRAS,12
GO:0006534,cysteine metabolic process,3/404,12/18805,0.25,11.636757425742575,5.461311048425755,0.00187423792699919,0.00780710140054289,0.004414411300246266,MTHFD1/MPST/CTH,3
GO:0010269,response to selenium ion,3/404,12/18805,0.25,11.636757425742575,5.461311048425755,0.00187423792699919,0.00780710140054289,0.004414411300246266,HPGDS/PTGS2/TXNRD2,3
GO:0030656,regulation of vitamin metabolic process,3/404,12/18805,0.25,11.636757425742575,5.461311048425755,0.00187423792699919,0.00780710140054289,0.004414411300246266,NFKB1/IFNG/TNF,3
GO:0032817,regulation of natural killer cell proliferation,3/404,12/18805,0.25,11.636757425742575,5.461311048425755,0.00187423792699919,0.00780710140054289,0.004414411300246266,IL23R/IL23A/IL18,3
GO:0033539,fatty acid beta-oxidation using acyl-CoA dehydrogenase,3/404,12/18805,0.25,11.636757425742575,5.461311048425755,0.00187423792699919,0.00780710140054289,0.004414411300246266,ACADS/IVD/ACADM,3
GO:0036152,phosphatidylethanolamine acyl-chain remodeling,3/404,12/18805,0.25,11.636757425742575,5.461311048425755,0.00187423792699919,0.00780710140054289,0.004414411300246266,LPCAT3/PLA2G4B/PLAAT3,3
GO:0043380,regulation of memory T cell differentiation,3/404,12/18805,0.25,11.636757425742575,5.461311048425755,0.00187423792699919,0.00780710140054289,0.004414411300246266,IL23R/IL23A/IL12RB1,3
GO:0048635,negative regulation of muscle organ development,3/404,12/18805,0.25,11.636757425742575,5.461311048425755,0.00187423792699919,0.00780710140054289,0.004414411300246266,SIRT2/TGFB1/LEF1,3
GO:0070671,response to interleukin-12,3/404,12/18805,0.25,11.636757425742575,5.461311048425755,0.00187423792699919,0.00780710140054289,0.004414411300246266,IL12A/STAT4/IL12RB1,3
GO:0072182,regulation of nephron tubule epithelial cell differentiation,3/404,12/18805,0.25,11.636757425742575,5.461311048425755,0.00187423792699919,0.00780710140054289,0.004414411300246266,CTNNB1/STAT1/GATA3,3
GO:1901862,negative regulation of muscle tissue development,3/404,12/18805,0.25,11.636757425742575,5.461311048425755,0.00187423792699919,0.00780710140054289,0.004414411300246266,SIRT2/TGFB1/LEF1,3
GO:1990253,cellular response to leucine starvation,3/404,12/18805,0.25,11.636757425742575,5.461311048425755,0.00187423792699919,0.00780710140054289,0.004414411300246266,MTOR/ATF4/SESN3,3
GO:2000321,positive regulation of T-helper 17 cell differentiation,3/404,12/18805,0.25,11.636757425742575,5.461311048425755,0.00187423792699919,0.00780710140054289,0.004414411300246266,IL23R/IL23A/IL12RB1,3
GO:0072028,nephron morphogenesis,7/404,82/18805,0.08536585365853659,3.9735269258633186,3.9983994050839247,0.001911197452325977,0.007953979086035755,0.004497461139274697,CTNNB1/STAT1/GATA3/BCL2/TGFB1/MYC/VEGFA,7
GO:0030851,granulocyte differentiation,5/404,42/18805,0.11904761904761904,5.5413130598774165,4.365661295907663,0.001974991876931948,0.008183107936102106,0.004627018696305402,RUNX1/STAT5A/CEBPA/FASN/LEF1,5
GO:0032733,positive regulation of interleukin-10 production,5/404,42/18805,0.11904761904761904,5.5413130598774165,4.365661295907663,0.001974991876931948,0.008183107936102106,0.004627018696305402,IRF4/IL4/IL23A/STAT3/CD274,5
GO:0046676,negative regulation of insulin secretion,5/404,42/18805,0.11904761904761904,5.5413130598774165,4.365661295907663,0.001974991876931948,0.008183107936102106,0.004627018696305402,PRKN/FOXO1/PFKL/HADH/PPP3CA,5
GO:0060421,positive regulation of heart growth,5/404,42/18805,0.11904761904761904,5.5413130598774165,4.365661295907663,0.001974991876931948,0.008183107936102106,0.004627018696305402,IGF1/EDN1/MAPK14/ACACB/GLI1,5
GO:0150077,regulation of neuroinflammatory response,5/404,42/18805,0.11904761904761904,5.5413130598774165,4.365661295907663,0.001974991876931948,0.008183107936102106,0.004627018696305402,IL4/IGF1/IL18/TNF/PTGS2,5
GO:0055007,cardiac muscle cell differentiation,9/404,130/18805,0.06923076923076923,3.2224866717440976,3.7676940320396346,0.0019983671831607904,0.008272639391298691,0.004677642948158955,MTOR/IGF1/PPARA/RGS2/TGFB1/EDN1/ZMPSTE24/ACADM/VEGFA,9
GO:0016032,viral process,19/404,421/18805,0.04513064133016627,2.100697302509348,3.3844183067687457,0.0020091776326582613,0.008310043883485848,0.004698792771187957,PRKN/CXCL8/STAT1/TP53/TRIM5/JUN/BCL2/FUT8/SP1/ICAM1/TNF/ST3GAL3/PIK3C3/ST6GAL1/CD74/LEF1/PIKFYVE/ST6GALNAC3/ANPEP,19
GO:0050730,regulation of peptidyl-tyrosine phosphorylation,10/404,156/18805,0.0641025641025641,2.9837839553186085,3.6865827722018034,0.0020385981734891583,0.008424286538637459,0.004763389609629984,MTOR/IGF1/TP53/IL12A/IFNG/IL18/PRNP/TGFB1/TGFA/VEGFA,10
GO:0061326,renal tubule development,8/404,106/18805,0.07547169811320754,3.512983373809079,3.8443989347043694,0.0020447650492619015,0.00844231918928062,0.004773585908190553,CTNNB1/STAT1/GATA3/BCL2/TGFB1/JAG1/MYC/VEGFA,8
GO:0030203,glycosaminoglycan metabolic process,7/404,83/18805,0.08433734939759036,3.9256531074794228,3.958046095925447,0.0020495069809332227,0.008446999722473019,0.004776232447226701,NFKB1/EXT1/TGFB1/GCNT2/HEXA/SGSH/IDUA,7
GO:2000027,regulation of animal organ morphogenesis,7/404,83/18805,0.08433734939759036,3.9256531074794228,3.958046095925447,0.0020495069809332227,0.008446999722473019,0.004776232447226701,CTNNB1/GATA3/TGFB1/EDN1/TNF/VEGFA/PRKCB,7
GO:0051960,regulation of nervous system development,20/404,454/18805,0.04405286343612335,2.050529942862128,3.3573883987719366,0.0020525334703759865,0.008452033164732075,0.004779078533532942,CTNNB1/SIRT2/MTOR/HIF1A/TP53/ACE/MME/IFNG/DCT/TGFB1/PAFAH1B1/PTEN/TNF/TYMP/PER2/PRUNE1/LEF1/VEGFA/PPP3CA/KRAS,20
GO:0002712,regulation of B cell mediated immunity,6/404,62/18805,0.0967741935483871,4.50455126157777,4.095470482439952,0.0021115913165345402,0.008649580528446823,0.004890778801017055,IL10/IL4/STAT6/TBX21/TGFB1/TNF,6
GO:0002823,negative regulation of adaptive immune response based on somatic recombination of immune receptors built from immunoglobulin superfamily domains,6/404,62/18805,0.0967741935483871,4.50455126157777,4.095470482439952,0.0021115913165345402,0.008649580528446823,0.004890778801017055,CD274/STAT5A/TBX21/IL4R/IL4I1/ARG1,6
GO:0002889,regulation of immunoglobulin mediated immune response,6/404,62/18805,0.0967741935483871,4.50455126157777,4.095470482439952,0.0021115913165345402,0.008649580528446823,0.004890778801017055,IL10/IL4/STAT6/TBX21/TGFB1/TNF,6
GO:0003179,heart valve morphogenesis,6/404,62/18805,0.0967741935483871,4.50455126157777,4.095470482439952,0.0021115913165345402,0.008649580528446823,0.004890778801017055,SMAD2/MTOR/NFATC1/GATA3/TGFB1/JAG1,6
GO:0010574,regulation of vascular endothelial growth factor production,6/404,62/18805,0.0967741935483871,4.50455126157777,4.095470482439952,0.0021115913165345402,0.008649580528446823,0.004890778801017055,STAT3/ATF4/HIF1A/CYP1B1/TGFB1/PTGS2,6
GO:0031663,lipopolysaccharide-mediated signaling pathway,6/404,62/18805,0.0967741935483871,4.50455126157777,4.095470482439952,0.0021115913165345402,0.008649580528446823,0.004890778801017055,MAPK1/TRIM5/IRF3/MAPK14/CARD16/MIF,6
GO:0006027,glycosaminoglycan catabolic process,4/404,26/18805,0.15384615384615385,7.161081492764661,4.658032210956846,0.002157407344496264,0.008806435210925464,0.004979469987067503,TGFB1/HEXA/SGSH/IDUA,4
GO:0048641,regulation of skeletal muscle tissue development,4/404,26/18805,0.15384615384615385,7.161081492764661,4.658032210956846,0.002157407344496264,0.008806435210925464,0.004979469987067503,CTNNB1/MTM1/BCL2/TGFB1,4
GO:0072576,liver morphogenesis,4/404,26/18805,0.15384615384615385,7.161081492764661,4.658032210956846,0.002157407344496264,0.008806435210925464,0.004979469987067503,CEBPB/TNF/GLI1/TGFA,4
GO:0090023,positive regulation of neutrophil chemotaxis,4/404,26/18805,0.15384615384615385,7.161081492764661,4.658032210956846,0.002157407344496264,0.008806435210925464,0.004979469987067503,IL23A/CXCL8/EDN1/CD74,4
GO:0014897,striated muscle hypertrophy,8/404,107/18805,0.07476635514018691,3.480151753493106,3.8121296030449723,0.002169559424190912,0.008848325108067814,0.005003156016724871,IGF1/PPARA/FOXO1/PPARG/RGS2/EDN1/ACACB/PPP3CA,8
GO:0002714,positive regulation of B cell mediated immunity,5/404,43/18805,0.11627906976744186,5.412445314298872,4.292092659431771,0.0021960726049730867,0.008925357583753464,0.0050467129034240795,IL4/STAT6/TBX21/TGFB1/TNF,5
GO:0002891,positive regulation of immunoglobulin mediated immune response,5/404,43/18805,0.11627906976744186,5.412445314298872,4.292092659431771,0.0021960726049730867,0.008925357583753464,0.0050467129034240795,IL4/STAT6/TBX21/TGFB1/TNF,5
GO:0007595,lactation,5/404,43/18805,0.11627906976744186,5.412445314298872,4.292092659431771,0.0021960726049730867,0.008925357583753464,0.0050467129034240795,CCND1/HIF1A/STAT5A/UMPS/VEGFA,5
GO:0043647,inositol phosphate metabolic process,5/404,43/18805,0.11627906976744186,5.412445314298872,4.292092659431771,0.0021960726049730867,0.008925357583753464,0.0050467129034240795,INPP5B/INPP5A/IPMK/ITPK1/INPP4A,5
GO:0071478,cellular response to radiation,11/404,185/18805,0.05945945945945946,2.767661225582018,3.5800587416791965,0.0022530552637109015,0.00914900671699431,0.00517317203472216,ATF4/TP53/GATA3/MME/TGFB1/CAMKMT/TNF/MAPK14/MYC/ZMPSTE24/BAX,11
GO:1904951,positive regulation of establishment of protein localization,16/404,331/18805,0.04833836858006042,2.2500074780891985,3.3997049653480564,0.0022584937513934603,0.009163143625670868,0.0051811655429668466,MAPK8/HIF1A/IGF1/RAPGEF3/ABAT/IFNG/PPARG/PRNP/TGFB1/PRKACA/TNF/MAPK14/AACS/PTGS2/ITGAM/PRKCB,16
GO:0016447,somatic recombination of immunoglobulin gene segments,6/404,63/18805,0.09523809523809523,4.433050447901933,4.044246184509004,0.0022924124522149827,0.009284667042621582,0.005249879181679732,IL10/IL4/STAT6/PCYT1A/TBX21/TGFB1,6
GO:0043030,regulation of macrophage activation,6/404,63/18805,0.09523809523809523,4.433050447901933,4.044246184509004,0.0022924124522149827,0.009284667042621582,0.005249879181679732,IL10/IL4R/SHPK/CEBPA/CD74/MIF,6
GO:0002377,immunoglobulin production,8/404,108/18805,0.07407407407407407,3.4479281261459476,3.7802425587091566,0.0023002614091864873,0.00930036607755711,0.005258755971369889,IL10/IL4/STAT6/PCYT1A/TBX21/IL4R/TGFB1/TNF,8
GO:0021549,cerebellum development,8/404,108/18805,0.07407407407407407,3.4479281261459476,3.7802425587091566,0.0023002614091864873,0.00930036607755711,0.005258755971369889,TP53/ABAT/GPX4/GBA1/GLI1/ATIC/OGDH/B4GALT2,8
GO:0098773,skin epidermis development,9/404,133/18805,0.06766917293233082,3.1497990024566365,3.686577339966403,0.0023355273244216835,0.009434804946455844,0.00533477246348534,CTNNB1/ALOX12/BCL2/IL18/EXT1/GBA1/TNF/ZMPSTE24/UGCG,9
GO:0016049,cell growth,21/404,492/18805,0.042682926829268296,1.9867634629316593,3.286328364430193,0.0023412424785309934,0.009449739038346647,0.005343216727318919,CTNNB1/MTOR/NME6/PRKN/IGF1/TP53/PPARA/FBP1/S100A8/BCL2/RGS2/CDA/EXT1/TGFB1/EDN1/PAFAH1B1/PML/PPT1/CDKN1B/ENPP1/VEGFA,21
GO:0051149,positive regulation of muscle cell differentiation,7/404,85/18805,0.08235294117647059,3.833284799068142,3.8791972513571524,0.0023492504785948705,0.009473893833575525,0.005356874702992974,MTOR/IGF1/BCL2/TGFB1/EDN1/MAPK14/CTH,7
GO:0006012,galactose metabolic process,3/404,13/18805,0.23076923076923078,10.741622239146992,5.2060885401394685,0.0023979068290889286,0.009587531830738141,0.005421129646418855,B4GALT1/GLB1/GALM,3
GO:0006563,L-serine metabolic process,3/404,13/18805,0.23076923076923078,10.741622239146992,5.2060885401394685,0.0023979068290889286,0.009587531830738141,0.005421129646418855,SHMT1/PHGDH/PSAT1,3
GO:0006787,porphyrin-containing compound catabolic process,3/404,13/18805,0.23076923076923078,10.741622239146992,5.2060885401394685,0.0023979068290889286,0.009587531830738141,0.005421129646418855,HMOX1/UROD/BLVRA,3
GO:0009437,carnitine metabolic process,3/404,13/18805,0.23076923076923078,10.741622239146992,5.2060885401394685,0.0023979068290889286,0.009587531830738141,0.005421129646418855,SHMT1/ACADM/CPT2,3
GO:0030397,membrane disassembly,3/404,13/18805,0.23076923076923078,10.741622239146992,5.2060885401394685,0.0023979068290889286,0.009587531830738141,0.005421129646418855,PAFAH1B1/PLAAT3/PRKCB,3
GO:0031650,regulation of heat generation,3/404,13/18805,0.23076923076923078,10.741622239146992,5.2060885401394685,0.0023979068290889286,0.009587531830738141,0.005421129646418855,ABAT/TNF/PTGS2,3
GO:0033015,tetrapyrrole catabolic process,3/404,13/18805,0.23076923076923078,10.741622239146992,5.2060885401394685,0.0023979068290889286,0.009587531830738141,0.005421129646418855,HMOX1/UROD/BLVRA,3
GO:0042362,fat-soluble vitamin biosynthetic process,3/404,13/18805,0.23076923076923078,10.741622239146992,5.2060885401394685,0.0023979068290889286,0.009587531830738141,0.005421129646418855,NFKB1/IFNG/TNF,3
GO:0042416,dopamine biosynthetic process,3/404,13/18805,0.23076923076923078,10.741622239146992,5.2060885401394685,0.0023979068290889286,0.009587531830738141,0.005421129646418855,ALDH2/GCH1/NR4A2,3
GO:0043379,memory T cell differentiation,3/404,13/18805,0.23076923076923078,10.741622239146992,5.2060885401394685,0.0023979068290889286,0.009587531830738141,0.005421129646418855,IL23R/IL23A/IL12RB1,3
GO:0045429,positive regulation of nitric oxide biosynthetic process,5/404,44/18805,0.11363636363636363,5.289435193519352,4.2207880898731664,0.0024346444763604616,0.009719185284921796,0.005495571166523151,KLF2/IFNG/EDN1/TNF/PTGS2,5
GO:0014896,muscle hypertrophy,8/404,109/18805,0.07339449541284404,3.416295758016169,3.748729310635573,0.002437061837782612,0.009719185284921796,0.005495571166523151,IGF1/PPARA/FOXO1/PPARG/RGS2/EDN1/ACACB/PPP3CA,8
GO:0051851,host-mediated perturbation of symbiont process,8/404,109/18805,0.07339449541284404,3.416295758016169,3.748729310635573,0.002437061837782612,0.009719185284921796,0.005495571166523151,PRKN/TRIM5/JUN/SP1/PIK3C3/CD74/FASN/LEF1,8
GO:0016525,negative regulation of angiogenesis,10/404,160/18805,0.0625,2.9091893564356437,3.593543390752988,0.002454099480174204,0.009770487896407843,0.005524579477835772,CTNNB1/KLF2/STAT1/CXCL10/FASLG/ALOX5/PPARG/TNF/PML/PGK1,10
GO:0061351,neural precursor cell proliferation,10/404,160/18805,0.0625,2.9091893564356437,3.593543390752988,0.002454099480174204,0.009770487896407843,0.005524579477835772,CTNNB1/SIRT2/HIF1A/TP53/FOXO1/DCT/TGFB1/PAFAH1B1/LEF1/VEGFA,10
GO:0046824,positive regulation of nucleocytoplasmic transport,6/404,64/18805,0.09375,4.363784034653466,3.9940803990755387,0.0024846507253854107,0.009847122091052757,0.005567911162345756,RAPGEF3/IFNG/TGFB1/PRKACA/MAPK14/PTGS2,6
GO:0048599,oocyte development,6/404,64/18805,0.09375,4.363784034653466,3.9940803990755387,0.0024846507253854107,0.009847122091052757,0.005567911162345756,CTNNB1/SIRT2/IGF1/BCL2/EHMT2/EDN1,6
GO:1903670,regulation of sprouting angiogenesis,6/404,64/18805,0.09375,4.363784034653466,3.9940803990755387,0.0024846507253854107,0.009847122091052757,0.005567911162345756,KLF2/IL10/ALOX5/GLUL/PKM/VEGFA,6
GO:0002837,regulation of immune response to tumor cell,4/404,27/18805,0.14814814814814814,6.895856252291895,4.542544518655277,0.0024901735488693857,0.009847122091052757,0.005567911162345756,CD274/IL12A/TGFB1/IL4I1,4
GO:0032469,endoplasmic reticulum calcium ion homeostasis,4/404,27/18805,0.14814814814814814,6.895856252291895,4.542544518655277,0.0024901735488693857,0.009847122091052757,0.005567911162345756,BCL2/PML/ATP2A1/BAX,4
GO:0034377,plasma lipoprotein particle assembly,4/404,27/18805,0.14814814814814814,6.895856252291895,4.542544518655277,0.0024901735488693857,0.009847122091052757,0.005567911162345756,LPCAT3/SOAT1/PRKACA/LCAT,4
GO:0044346,fibroblast apoptotic process,4/404,27/18805,0.14814814814814814,6.895856252291895,4.542544518655277,0.0024901735488693857,0.009847122091052757,0.005567911162345756,TP53/BID/MYC/PIK3CA,4
GO:0045662,negative regulation of myoblast differentiation,4/404,27/18805,0.14814814814814814,6.895856252291895,4.542544518655277,0.0024901735488693857,0.009847122091052757,0.005567911162345756,CXCL10/IL18/TGFB1/TNF,4
GO:0043010,camera-type eye development,17/404,366/18805,0.04644808743169399,2.1620205053292216,3.3264480357672888,0.002530090093560904,0.00999652474097228,0.0056523887055791025,CTNNB1/STAT3/ATF4/HIF1A/FOS/GATA3/RDH13/CYP1B1/MITF/TGFB1/JAG1/THRB/CDKN1B/PER2/PLAAT3/VEGFA/BAX,17
GO:0046683,response to organophosphorus,9/404,135/18805,0.06666666666666667,3.1031353135313533,3.633766627666107,0.002584357237912257,0.010202327645788522,0.005768756948033485,STAT1/FOS/RAPGEF3/FBP1/CYP1B1/PFKFB1/PTGS2/ENPP1/CRLS1,9
GO:0001959,regulation of cytokine-mediated signaling pathway,11/404,189/18805,0.0582010582010582,2.709086384828959,3.4990232040176585,0.002660375842994108,0.010493580199577435,0.005933441444712617,PRKN/HIF1A/IRF3/PPARG/EXT1/EDN1/PAFAH1B1/CARD16/CD74/ARG1/AGPAT1,11
GO:0055013,cardiac muscle cell development,7/404,87/18805,0.08045977011494253,3.7451633094343917,3.8027097802331,0.002681687662414547,0.010536427288280456,0.00595766870433808,MTOR/IGF1/PPARA/RGS2/EDN1/ZMPSTE24/VEGFA,7
GO:2000181,negative regulation of blood vessel morphogenesis,10/404,162/18805,0.06172839506172839,2.873273438454956,3.5481001822878073,0.002685928766641384,0.010536427288280456,0.00595766870433808,CTNNB1/KLF2/STAT1/CXCL10/FASLG/ALOX5/PPARG/TNF/PML/PGK1,10
GO:0002931,response to ischemia,6/404,65/18805,0.09230769230769231,4.296648895658797,3.944933366302329,0.0026887518625323347,0.010536427288280456,0.00595766870433808,TP53/BCL2/NFE2L2/SQSTM1/PER2/ITGAM,6
GO:0032615,interleukin-12 production,6/404,65/18805,0.09230769230769231,4.296648895658797,3.944933366302329,0.0026887518625323347,0.010536427288280456,0.00595766870433808,IL23R/NFKB1/IL10/IL23A/IFNG/MAPK14,6
GO:0032655,regulation of interleukin-12 production,6/404,65/18805,0.09230769230769231,4.296648895658797,3.944933366302329,0.0026887518625323347,0.010536427288280456,0.00595766870433808,IL23R/NFKB1/IL10/IL23A/IFNG/MAPK14,6
GO:0003176,aortic valve development,5/404,45/18805,0.1111111111111111,5.171892189218922,4.151623941805516,0.002691492318834563,0.010536427288280456,0.00595766870433808,SMAD2/NFATC1/GATA3/TGFB1/JAG1,5
GO:0035196,miRNA processing,5/404,45/18805,0.1111111111111111,5.171892189218922,4.151623941805516,0.002691492318834563,0.010536427288280456,0.00595766870433808,SMAD2/STAT3/TP53/TGFB1/ZMPSTE24,5
GO:0050691,regulation of defense response to virus by host,5/404,45/18805,0.1111111111111111,5.171892189218922,4.151623941805516,0.002691492318834563,0.010536427288280456,0.00595766870433808,IL23R/IL23A/STAT1/IL12RB1/PML,5
GO:1904407,positive regulation of nitric oxide metabolic process,5/404,45/18805,0.1111111111111111,5.171892189218922,4.151623941805516,0.002691492318834563,0.010536427288280456,0.00595766870433808,KLF2/IFNG/EDN1/TNF/PTGS2,5
GO:0051259,protein complex oligomerization,14/404,276/18805,0.050724637681159424,2.3610812168173343,3.3752634939398227,0.002700857214933768,0.010564255204945614,0.005973403592805194,GNMT/TP53/HSD17B8/HPRT1/PRNP/ACACA/ALDOA/SHMT1/ACACB/CD74/CTH/UPB1/CBR4/MIF,14
GO:0009206,purine ribonucleoside triphosphate biosynthetic process,8/404,111/18805,0.07207207207207207,3.3547408794933546,3.6867915616708307,0.0027297341060419458,0.01066829305883839,0.006032230275630871,PRKAG2/IL4/NME6/PPARA/IMPDH1/TGFB1/ALDOA/NUDT2,8
GO:0008277,regulation of G protein-coupled receptor signaling pathway,10/404,163/18805,0.06134969325153374,2.8556459940472574,3.5256384180811406,0.002808240238691376,0.010956817331294187,0.006195372105534045,POMC/MGLL/CXCL8/HIF1A/RGS2/ADA/CAMKMT/EDN1/INPP5A/PPP3CA,10
GO:0050729,positive regulation of inflammatory response,10/404,163/18805,0.06134969325153374,2.8556459940472574,3.5256384180811406,0.002808240238691376,0.010956817331294187,0.006195372105534045,IL23A/LPL/S100A8/CEBPB/IFNG/IL18/TGFB1/TNF/CEBPA/PTGS2,10
GO:0071560,cellular response to transforming growth factor beta stimulus,15/404,308/18805,0.048701298701298704,2.2669007972225796,3.3217153280721177,0.002852287694482889,0.011060798110384582,0.006254166516247494,SMAD2/IL4/NFATC1/STAT3/TP53/PPARA/FOS/JUN/PPARG/FUT8/TGFB1/GCNT2/CTSK/EDN1/PML,15
GO:0048593,camera-type eye morphogenesis,9/404,137/18805,0.06569343065693431,3.057834068078341,3.581927831398565,0.0028537502551647886,0.011060798110384582,0.006254166516247494,CTNNB1/STAT3/ATF4/HIF1A/RDH13/JAG1/THRB/VEGFA/BAX,9
GO:0002726,positive regulation of T cell cytokine production,4/404,28/18805,0.14285714285714285,6.649575671852899,4.4327866963480345,0.002856561048441511,0.011060798110384582,0.006254166516247494,IL4/GATA3/IL18/TBX21,4
GO:0002834,regulation of response to tumor cell,4/404,28/18805,0.14285714285714285,6.649575671852899,4.4327866963480345,0.002856561048441511,0.011060798110384582,0.006254166516247494,CD274/IL12A/TGFB1/IL4I1,4
GO:0032740,positive regulation of interleukin-17 production,4/404,28/18805,0.14285714285714285,6.649575671852899,4.4327866963480345,0.002856561048441511,0.011060798110384582,0.006254166516247494,IL23R/IL23A/IL18/TGFB1,4
GO:0035357,peroxisome proliferator activated receptor signaling pathway,4/404,28/18805,0.14285714285714285,6.649575671852899,4.4327866963480345,0.002856561048441511,0.011060798110384582,0.006254166516247494,PPARA/ALOX15/PPARG/ALOX15B,4
GO:0071624,positive regulation of granulocyte chemotaxis,4/404,28/18805,0.14285714285714285,6.649575671852899,4.4327866963480345,0.002856561048441511,0.011060798110384582,0.006254166516247494,IL23A/CXCL8/EDN1/CD74,4
GO:0044706,multi-multicellular organism process,12/404,219/18805,0.0547945205479452,2.5505221755052214,3.4198114656398033,0.0028572062891320453,0.011060798110384582,0.006254166516247494,B4GALT1/FOS/ACE/BCL2/PLA2G4B/RGS2/TGFB1/EDN1/UMPS/PTGS2/VEGFA/SLC38A2,12
GO:0034103,regulation of tissue remodeling,7/404,88/18805,0.07954545454545454,3.7026046354635462,3.765310751391774,0.0028608770849371484,0.011060798110384582,0.006254166516247494,IL23A/RUNX1/TP53/IL18/PPARG/TGFB1/PPP3CA,7
GO:0050810,regulation of steroid biosynthetic process,7/404,88/18805,0.07954545454545454,3.7026046354635462,3.765310751391774,0.0028608770849371484,0.011060798110384582,0.006254166516247494,NFKB1/LPCAT3/GNAI1/MAPK1/IFNG/PRKACA/TNF,7
GO:0071347,cellular response to interleukin-1,7/404,88/18805,0.07954545454545454,3.7026046354635462,3.765310751391774,0.0028608770849371484,0.011060798110384582,0.006254166516247494,KLF2/NFKB1/CXCL8/HIF1A/EDN1/RPS6KA5/KMO,7
GO:0019218,regulation of steroid metabolic process,8/404,112/18805,0.07142857142857142,3.3247878359264496,3.6563513695955687,0.002886000124594633,0.011148723253590818,0.006303882502480027,RORC/NFKB1/LPCAT3/GNAI1/MAPK1/IFNG/PRKACA/TNF,8
GO:0032613,interleukin-10 production,6/404,66/18805,0.09090909090909091,4.231548154815481,3.8967674174158664,0.0029051655042440757,0.011185842837887141,0.0063248712285092195,IL23R/IRF4/IL4/IL23A/STAT3/CD274,6
GO:0032653,regulation of interleukin-10 production,6/404,66/18805,0.09090909090909091,4.231548154815481,3.8967674174158664,0.0029051655042440757,0.011185842837887141,0.0063248712285092195,IL23R/IRF4/IL4/IL23A/STAT3/CD274,6
GO:0050688,regulation of defense response to virus,6/404,66/18805,0.09090909090909091,4.231548154815481,3.8967674174158664,0.0029051655042440757,0.011185842837887141,0.0063248712285092195,IL23R/IL23A/STAT1/IL12RB1/PML/ZMPSTE24,6
GO:1905330,regulation of morphogenesis of an epithelium,6/404,66/18805,0.09090909090909091,4.231548154815481,3.8967674174158664,0.0029051655042440757,0.011185842837887141,0.0063248712285092195,CTNNB1/GATA3/CXCL10/TGFB1/TNF/VEGFA,6
GO:1901343,negative regulation of vasculature development,10/404,164/18805,0.06097560975609756,2.8382335184737983,3.503346493670354,0.0029349636470615407,0.011291289889516954,0.006384494721584376,CTNNB1/KLF2/STAT1/CXCL10/FASLG/ALOX5/PPARG/TNF/PML/PGK1,10
GO:0002701,negative regulation of production of molecular mediator of immune response,5/404,46/18805,0.10869565217391304,5.059459750322858,4.084485936041132,0.002967402721878162,0.011369377695444806,0.006428648329333773,IL10/TBX21/TGFB1/TNF/ARG1,5
GO:0045646,regulation of erythrocyte differentiation,5/404,46/18805,0.10869565217391304,5.059459750322858,4.084485936041132,0.002967402721878162,0.011369377695444806,0.006428648329333773,STAT3/HIF1A/STAT1/MAPK14/SPI1,5
GO:0060443,mammary gland morphogenesis,5/404,46/18805,0.10869565217391304,5.059459750322858,4.084485936041132,0.002967402721878162,0.011369377695444806,0.006428648329333773,NFKB1/STAT6/TGFB1/PML/BAX,5
GO:0070741,response to interleukin-6,5/404,46/18805,0.10869565217391304,5.059459750322858,4.084485936041132,0.002967402721878162,0.011369377695444806,0.006428648329333773,NFKB1/STAT3/STAT4/CEBPA/SPI1,5
GO:1901524,regulation of mitophagy,5/404,46/18805,0.10869565217391304,5.059459750322858,4.084485936041132,0.002967402721878162,0.011369377695444806,0.006428648329333773,PRKN/HIF1A/TP53/BNIP3L/GBA1,5
GO:0030218,erythrocyte differentiation,9/404,138/18805,0.06521739130434782,3.035675850193715,3.5563622783592064,0.0029965200802081317,0.011423859515986163,0.006459454277907597,KLF2/STAT3/HIF1A/STAT1/GATA3/MAPK14/SPI1/EPAS1/VEGFA,9
GO:0006241,CTP biosynthetic process,3/404,14/18805,0.21428571428571427,9.97436350777935,4.977231252331877,0.0030035820299399757,0.011423859515986163,0.006459454277907597,NME6/CTPS1/UCKL1,3
GO:0032725,positive regulation of granulocyte macrophage colony-stimulating factor production,3/404,14/18805,0.21428571428571427,9.97436350777935,4.977231252331877,0.0030035820299399757,0.011423859515986163,0.006459454277907597,IL23R/IL23A/IL18,3
GO:0034116,positive regulation of heterotypic cell-cell adhesion,3/404,14/18805,0.21428571428571427,9.97436350777935,4.977231252331877,0.0030035820299399757,0.011423859515986163,0.006459454277907597,IL10/GCNT2/TNF,3
GO:0042454,ribonucleoside catabolic process,3/404,14/18805,0.21428571428571427,9.97436350777935,4.977231252331877,0.0030035820299399757,0.011423859515986163,0.006459454277907597,ADA/CDA/DCTD,3
GO:0051956,negative regulation of amino acid transport,3/404,14/18805,0.21428571428571427,9.97436350777935,4.977231252331877,0.0030035820299399757,0.011423859515986163,0.006459454277907597,ABAT/RGS2/TNF,3
GO:0070943,neutrophil-mediated killing of symbiont cell,3/404,14/18805,0.21428571428571427,9.97436350777935,4.977231252331877,0.0030035820299399757,0.011423859515986163,0.006459454277907597,POMC/CTSG/ARG1,3
GO:0072160,nephron tubule epithelial cell differentiation,3/404,14/18805,0.21428571428571427,9.97436350777935,4.977231252331877,0.0030035820299399757,0.011423859515986163,0.006459454277907597,CTNNB1/STAT1/GATA3,3
GO:0090715,immunological memory formation process,3/404,14/18805,0.21428571428571427,9.97436350777935,4.977231252331877,0.0030035820299399757,0.011423859515986163,0.006459454277907597,IL23R/IL23A/IL12RB1,3
GO:0033077,T cell differentiation in thymus,7/404,89/18805,0.07865168539325842,3.661002336188675,3.7284543667286765,0.0030490991000180117,0.011578372527842202,0.006546821400553776,CTNNB1/TP53/GATA3/BCL2/ADA/GBA1/CD74,7
GO:1905954,positive regulation of lipid localization,8/404,113/18805,0.07079646017699115,3.295364934723561,3.626253571476039,0.003049152782321537,0.011578372527842202,0.006546821400553776,NFKB1/LPL/LPCAT3/FASLG/PPARG/EDN1/ACACB/MIF,8
GO:0051146,striated muscle cell differentiation,15/404,311/18805,0.04823151125401929,2.245033586959982,3.2805066801811695,0.003124306605027146,0.011853798252918607,0.006702556848420671,MTOR/IGF1/PPARA/CXCL10/BCL2/RGS2/IL4R/TGFB1/EDN1/MAPK14/ZMPSTE24/ACADM/VEGFA/PPP3CA/KRAS,15
GO:0006695,cholesterol biosynthetic process,6/404,67/18805,0.08955223880597014,4.168390719668982,3.8495468346856243,0.003134344775120298,0.011853798252918607,0.006702556848420671,LPCAT3/GNAI1/MAPK1/IDI1/FDPS/PRKACA,6
GO:0032623,interleukin-2 production,6/404,67/18805,0.08955223880597014,4.168390719668982,3.8495468346856243,0.003134344775120298,0.011853798252918607,0.006702556848420671,IRF4/RUNX1/GATA3/TBX21/PRNP/PRKACA,6
GO:0032663,regulation of interleukin-2 production,6/404,67/18805,0.08955223880597014,4.168390719668982,3.8495468346856243,0.003134344775120298,0.011853798252918607,0.006702556848420671,IRF4/RUNX1/GATA3/TBX21/PRNP/PRKACA,6
GO:1902653,secondary alcohol biosynthetic process,6/404,67/18805,0.08955223880597014,4.168390719668982,3.8495468346856243,0.003134344775120298,0.011853798252918607,0.006702556848420671,LPCAT3/GNAI1/MAPK1/IDI1/FDPS/PRKACA,6
GO:0021543,pallium development,11/404,194/18805,0.05670103092783505,2.6392645707869757,3.400636047948962,0.0032510522700469127,0.012193238958334865,0.0068944886306374215,CTNNB1/HIF1A/FOS/PAFAH1B1/POMGNT1/PTEN/ATIC/OGDH/LEF1/BAX/SLC38A2,11
GO:0001773,myeloid dendritic cell activation,4/404,29/18805,0.13793103448275862,6.420279959030386,4.328269261211467,0.0032581734172540703,0.012193238958334865,0.0068944886306374215,IRF4/IL10/IL4/TGFB1,4
GO:0002052,positive regulation of neuroblast proliferation,4/404,29/18805,0.13793103448275862,6.420279959030386,4.328269261211467,0.0032581734172540703,0.012193238958334865,0.0068944886306374215,CTNNB1/HIF1A/DCT/VEGFA,4
GO:0042832,defense response to protozoan,4/404,29/18805,0.13793103448275862,6.420279959030386,4.328269261211467,0.0032581734172540703,0.012193238958334865,0.0068944886306374215,IRF4/IL10/IL4R/ARG1,4
GO:0045830,positive regulation of isotype switching,4/404,29/18805,0.13793103448275862,6.420279959030386,4.328269261211467,0.0032581734172540703,0.012193238958334865,0.0068944886306374215,IL4/STAT6/TBX21/TGFB1,4
GO:0046337,phosphatidylethanolamine metabolic process,4/404,29/18805,0.13793103448275862,6.420279959030386,4.328269261211467,0.0032581734172540703,0.012193238958334865,0.0068944886306374215,CEPT1/ALOX15/PISD/PLAAT3,4
GO:0060142,regulation of syncytium formation by plasma membrane fusion,4/404,29/18805,0.13793103448275862,6.420279959030386,4.328269261211467,0.0032581734172540703,0.012193238958334865,0.0068944886306374215,RAPGEF3/CXCL10/IL4R/MAPK14,4
GO:0060479,lung cell differentiation,4/404,29/18805,0.13793103448275862,6.420279959030386,4.328269261211467,0.0032581734172540703,0.012193238958334865,0.0068944886306374215,CTNNB1/KLF2/THRB/KRAS,4
GO:0060487,lung epithelial cell differentiation,4/404,29/18805,0.13793103448275862,6.420279959030386,4.328269261211467,0.0032581734172540703,0.012193238958334865,0.0068944886306374215,CTNNB1/KLF2/THRB/KRAS,4
GO:0030279,negative regulation of ossification,5/404,47/18805,0.10638297872340426,4.951811670528755,4.019268262993981,0.0032631628395543757,0.012193238958334865,0.0068944886306374215,SMAD2/HIF1A/BCL2/TGFB1/ENPP1,5
GO:0031641,regulation of myelination,5/404,47/18805,0.10638297872340426,4.951811670528755,4.019268262993981,0.0032631628395543757,0.012193238958334865,0.0068944886306374215,CTNNB1/SIRT2/MTOR/TNF/TYMP,5
GO:0042771,intrinsic apoptotic signaling pathway in response to DNA damage by p53 class mediator,5/404,47/18805,0.10638297872340426,4.951811670528755,4.019268262993981,0.0032631628395543757,0.012193238958334865,0.0068944886306374215,TP53/BCL2/PML/CD74/MIF,5
GO:0042789,mRNA transcription by RNA polymerase II,5/404,47/18805,0.10638297872340426,4.951811670528755,4.019268262993981,0.0032631628395543757,0.012193238958334865,0.0068944886306374215,STAT3/ATF4/PPARG/THRB/EPAS1,5
GO:0044273,sulfur compound catabolic process,5/404,47/18805,0.10638297872340426,4.951811670528755,4.019268262993981,0.0032631628395543757,0.012193238958334865,0.0068944886306374215,MPST/GLB1/SGSH/IDUA/CHAC2,5
GO:0090278,negative regulation of peptide hormone secretion,5/404,47/18805,0.10638297872340426,4.951811670528755,4.019268262993981,0.0032631628395543757,0.012193238958334865,0.0068944886306374215,PRKN/FOXO1/PFKL/HADH/PPP3CA,5
GO:0032388,positive regulation of intracellular transport,9/404,140/18805,0.06428571428571428,2.9923090523338045,3.5059185323505093,0.003298945937701425,0.01231711712944025,0.006964533730646424,PRKN/RAPGEF3/IFNG/TGFB1/PRKACA/MAPK14/PTGS2/ATP2A1/PGAP1,9
GO:0016311,dephosphorylation,10/404,167/18805,0.059880239520958084,2.7872472876030114,3.4374652750619377,0.0033427342799155022,0.012460733995672279,0.007045739787116568,PLPP1/INPP5B/PIP4P2/MTM1/FBP1/SGPP2/IFNG/INPP5A/PTEN/PPP3CA,10
GO:0051147,regulation of muscle cell differentiation,10/404,167/18805,0.059880239520958084,2.7872472876030114,3.4374652750619377,0.0033427342799155022,0.012460733995672279,0.007045739787116568,MTOR/NFATC1/IGF1/PPARA/BCL2/RGS2/TGFB1/EDN1/MAPK14/CTH,10
GO:0009994,oocyte differentiation,6/404,68/18805,0.08823529411764706,4.107090856144438,3.8032377227215353,0.0033767458511356355,0.012557525079441656,0.007100468889767254,CTNNB1/SIRT2/IGF1/BCL2/EHMT2/EDN1,6
GO:0016445,somatic diversification of immunoglobulins,6/404,68/18805,0.08823529411764706,4.107090856144438,3.8032377227215353,0.0033767458511356355,0.012557525079441656,0.007100468889767254,IL10/IL4/STAT6/PCYT1A/TBX21/TGFB1,6
GO:0060675,ureteric bud morphogenesis,6/404,68/18805,0.08823529411764706,4.107090856144438,3.8032377227215353,0.0033767458511356355,0.012557525079441656,0.007100468889767254,CTNNB1/GATA3/BCL2/TGFB1/MYC/VEGFA,6
GO:0051924,regulation of calcium ion transport,13/404,253/18805,0.05138339920948617,2.391744609243533,3.302322866145882,0.003386310741570235,0.012583100707961778,0.00711493025484473,CTNNB1/ACE/CXCL10/BCL2/TRPC6/PRNP/TGFB1/PRKACA/PML/PTGS2/ATP2A1/PPP3CA/BAX,13
GO:0071706,tumor necrosis factor superfamily cytokine production,11/404,196/18805,0.05612244897959184,2.6123332996564965,3.3621449462512096,0.00351495668339524,0.013040433590853022,0.007373522444523339,POMC/IL10/IL4/IL23A/LPL/STAT3/CD274/IGF1/IFNG/TGFB1/MIF,11
GO:1903555,regulation of tumor necrosis factor superfamily cytokine production,11/404,196/18805,0.05612244897959184,2.6123332996564965,3.3621449462512096,0.00351495668339524,0.013040433590853022,0.007373522444523339,POMC/IL10/IL4/IL23A/LPL/STAT3/CD274/IGF1/IFNG/TGFB1/MIF,11
GO:0071559,response to transforming growth factor beta,15/404,315/18805,0.047619047619047616,2.2165252239509665,3.226287241245534,0.0035198870377632016,0.013048385677598822,0.007378018835666503,SMAD2/IL4/NFATC1/STAT3/TP53/PPARA/FOS/JUN/PPARG/FUT8/TGFB1/GCNT2/CTSK/EDN1/PML,15
GO:0032210,regulation of telomere maintenance via telomerase,5/404,48/18805,0.10416666666666667,4.848648927392739,3.955872788964608,0.0035795592174342325,0.01324706387807057,0.007490358518255241,CTNNB1/PTGES3/GCH1/TP53/PML,5
GO:0048066,developmental pigmentation,5/404,48/18805,0.10416666666666667,4.848648927392739,3.955872788964608,0.0035795592174342325,0.01324706387807057,0.007490358518255241,BCL2/DCT/MITF/ENPP1/BAX,5
GO:0002444,myeloid leukocyte mediated immunity,8/404,116/18805,0.06896551724137931,3.210139979515193,3.5379430221391917,0.003581969856821303,0.01324706387807057,0.007490358518255241,POMC/ACE/IL4R/SPI1/CTSG/ITGAM/ARG1/FCGR3B,8
GO:0072171,mesonephric tubule morphogenesis,6/404,69/18805,0.08695652173913043,4.047567800258286,3.757807890022737,0.003632827525242027,0.013424544966995399,0.007590712604148796,CTNNB1/GATA3/BCL2/TGFB1/MYC/VEGFA,6
GO:0055017,cardiac muscle tissue growth,7/404,92/18805,0.07608695652173914,3.541621825226001,3.6209975185919108,0.0036709007400214655,0.013437422127739927,0.007597993806350394,RUNX1/IGF1/PPARA/RGS2/EDN1/MAPK14/GLI1,7
GO:0001787,natural killer cell proliferation,3/404,15/18805,0.2,9.30940594059406,4.770317733343237,0.00369512380175941,0.013437422127739927,0.007597993806350394,IL23R/IL23A/IL18,3
GO:0002829,negative regulation of type 2 immune response,3/404,15/18805,0.2,9.30940594059406,4.770317733343237,0.00369512380175941,0.013437422127739927,0.007597993806350394,STAT6/TBX21/ARG1,3
GO:0009209,pyrimidine ribonucleoside triphosphate biosynthetic process,3/404,15/18805,0.2,9.30940594059406,4.770317733343237,0.00369512380175941,0.013437422127739927,0.007597993806350394,NME6/CTPS1/UCKL1,3
GO:0010889,regulation of triglyceride storage,3/404,15/18805,0.2,9.30940594059406,4.770317733343237,0.00369512380175941,0.013437422127739927,0.007597993806350394,LPL/PPARA/PPARG,3
GO:0017014,protein nitrosylation,3/404,15/18805,0.2,9.30940594059406,4.770317733343237,0.00369512380175941,0.013437422127739927,0.007597993806350394,ACE/S100A8/GAPDH,3
GO:0018119,peptidyl-cysteine S-nitrosylation,3/404,15/18805,0.2,9.30940594059406,4.770317733343237,0.00369512380175941,0.013437422127739927,0.007597993806350394,ACE/S100A8/GAPDH,3
GO:0033599,regulation of mammary gland epithelial cell proliferation,3/404,15/18805,0.2,9.30940594059406,4.770317733343237,0.00369512380175941,0.013437422127739927,0.007597993806350394,CCND1/GATA3/BAX,3
GO:0043201,response to L-leucine,3/404,15/18805,0.2,9.30940594059406,4.770317733343237,0.00369512380175941,0.013437422127739927,0.007597993806350394,MTOR/SESN3/PIK3CA,3
GO:0046007,negative regulation of activated T cell proliferation,3/404,15/18805,0.2,9.30940594059406,4.770317733343237,0.00369512380175941,0.013437422127739927,0.007597993806350394,CD274/PRNP/ARG1,3
GO:0061307,cardiac neural crest cell differentiation involved in heart development,3/404,15/18805,0.2,9.30940594059406,4.770317733343237,0.00369512380175941,0.013437422127739927,0.007597993806350394,MAPK1/JAG1/EDN1,3
GO:0061308,cardiac neural crest cell development involved in heart development,3/404,15/18805,0.2,9.30940594059406,4.770317733343237,0.00369512380175941,0.013437422127739927,0.007597993806350394,MAPK1/JAG1/EDN1,3
GO:1902166,negative regulation of intrinsic apoptotic signaling pathway in response to DNA damage by p53 class mediator,3/404,15/18805,0.2,9.30940594059406,4.770317733343237,0.00369512380175941,0.013437422127739927,0.007597993806350394,BCL2/CD74/MIF,3
GO:1905203,regulation of connective tissue replacement,3/404,15/18805,0.2,9.30940594059406,4.770317733343237,0.00369512380175941,0.013437422127739927,0.007597993806350394,RUNX1/PPARG/PPP3CA,3
GO:0032703,negative regulation of interleukin-2 production,4/404,30/18805,0.13333333333333333,6.206270627062707,4.2285598813126155,0.0036965825930220047,0.013437422127739927,0.007597993806350394,GATA3/TBX21/PRNP/PRKACA,4
GO:0046639,negative regulation of alpha-beta T cell differentiation,4/404,30/18805,0.13333333333333333,6.206270627062707,4.2285598813126155,0.0036965825930220047,0.013437422127739927,0.007597993806350394,RUNX1/STAT5A/TBX21/IL4R,4
GO:0060441,epithelial tube branching involved in lung morphogenesis,4/404,30/18805,0.13333333333333333,6.206270627062707,4.2285598813126155,0.0036965825930220047,0.013437422127739927,0.007597993806350394,CTNNB1/EXT1/TNF/KRAS,4
GO:0065005,protein-lipid complex assembly,4/404,30/18805,0.13333333333333333,6.206270627062707,4.2285598813126155,0.0036965825930220047,0.013437422127739927,0.007597993806350394,LPCAT3/SOAT1/PRKACA/LCAT,4
GO:1900017,positive regulation of cytokine production involved in inflammatory response,4/404,30/18805,0.13333333333333333,6.206270627062707,4.2285598813126155,0.0036965825930220047,0.013437422127739927,0.007597993806350394,STAT3/HIF1A/IRF3/TNF,4
GO:1902230,negative regulation of intrinsic apoptotic signaling pathway in response to DNA damage,4/404,30/18805,0.13333333333333333,6.206270627062707,4.2285598813126155,0.0036965825930220047,0.013437422127739927,0.007597993806350394,BCL2/BID/CD74/MIF,4
GO:2000108,positive regulation of leukocyte apoptotic process,4/404,30/18805,0.13333333333333333,6.206270627062707,4.2285598813126155,0.0036965825930220047,0.013437422127739927,0.007597993806350394,IL10/CD274/TP53/BAX,4
GO:0090596,sensory organ morphogenesis,14/404,286/18805,0.04895104895104895,2.2785259295160287,3.2283371379662658,0.003714047600186395,0.013490435115649886,0.0076279692249959456,CTNNB1/STAT3/ATF4/HIF1A/GATA3/MAPK1/RDH13/FASLG/BCL2/JAG1/EDN1/THRB/VEGFA/BAX,14
GO:0090257,regulation of muscle system process,13/404,256/18805,0.05078125,2.3637163521039604,3.25520895276798,0.003741505600869906,0.013579635056800697,0.007678406027081039,IGF1/PPARA/FOXO1/ABAT/PPARG/RGS2/ADA/EDN1/PRKACA/ACACB/PTGS2/ATP2A1/PPP3CA,13
GO:0010821,regulation of mitochondrion organization,8/404,117/18805,0.06837606837606838,3.182702885673183,3.509144337581603,0.0037747187443200095,0.013689568676147394,0.0077405663842511525,PRKN/IGF1/TP53/PPARG/PISD/BID/SQSTM1/BAX,8
GO:0016485,protein processing,12/404,227/18805,0.05286343612334802,2.4606359314345534,3.2805791509124966,0.0038168719919254752,0.013831729617798046,0.007820949209461114,RUNX1/ACE/MME/INPP5B/PRNP/PISD/PRKACA/RCE1/CTSG/ENPEP/ZMPSTE24/PGK1,12
GO:0051222,positive regulation of protein transport,13/404,257/18805,0.05058365758754864,2.354519012212505,3.2396509047392654,0.0038664013932775292,0.014000379987103937,0.007916310094104276,HIF1A/IGF1/RAPGEF3/ABAT/IFNG/PPARG/TGFB1/PRKACA/TNF/MAPK14/AACS/PTGS2/PRKCB,13
GO:0046888,negative regulation of hormone secretion,6/404,70/18805,0.08571428571428572,3.9897454031117396,3.713226739825164,0.003903050771969297,0.014097738242734399,0.007971359895788354,PRKN/FOXO1/PFKL/EDN1/HADH/PPP3CA,6
GO:0010453,regulation of cell fate commitment,5/404,49/18805,0.10204081632653061,4.7496969084663565,3.894208351656187,0.003917376645407401,0.014097738242734399,0.007971359895788354,IL23R/IL23A/STAT5A/TBX21/IL12RB1,5
GO:0030850,prostate gland development,5/404,49/18805,0.10204081632653061,4.7496969084663565,3.894208351656187,0.003917376645407401,0.014097738242734399,0.007971359895788354,CTNNB1/GLI1/CDKN1B/CYP7B1/ALOX15B,5
GO:0046189,phenol-containing compound biosynthetic process,5/404,49/18805,0.10204081632653061,4.7496969084663565,3.894208351656187,0.003917376645407401,0.014097738242734399,0.007971359895788354,ALDH2/GCH1/GATA3/DCT/NR4A2,5
GO:0048546,digestive tract morphogenesis,5/404,49/18805,0.10204081632653061,4.7496969084663565,3.894208351656187,0.003917376645407401,0.014097738242734399,0.007971359895788354,SMAD2/CTNNB1/HIF1A/BCL2/GLI1,5
GO:0061028,establishment of endothelial barrier,5/404,49/18805,0.10204081632653061,4.7496969084663565,3.894208351656187,0.003917376645407401,0.014097738242734399,0.007971359895788354,RAPGEF3/ICAM1/TNF/FASN/VEGFA,5
GO:1902003,regulation of amyloid-beta formation,5/404,49/18805,0.10204081632653061,4.7496969084663565,3.894208351656187,0.003917376645407401,0.014097738242734399,0.007971359895788354,IGF1/IFNG/PRNP/SP1/TNF,5
GO:1905314,semi-lunar valve development,5/404,49/18805,0.10204081632653061,4.7496969084663565,3.894208351656187,0.003917376645407401,0.014097738242734399,0.007971359895788354,SMAD2/NFATC1/GATA3/TGFB1/JAG1,5
GO:0048639,positive regulation of developmental growth,10/404,171/18805,0.05847953216374269,2.7220485206415375,3.351857020894165,0.003955151314263774,0.014222748428097535,0.008042045076702559,PRKN/IGF1/MTM1/BCL2/EDN1/PAFAH1B1/MAPK14/ACACB/GLI1/VEGFA,10
GO:0001678,intracellular glucose homeostasis,10/404,172/18805,0.05813953488372093,2.706222657149436,3.3308388946506353,0.004121317716435488,0.014808909860591678,0.008373481485507334,SMAD2/PPARGC1A/HIF1A/ACE/FOXO1/TGFB1/PRKACA/ICAM1/PIK3CA/PPP3CA,10
GO:0042475,odontogenesis of dentin-containing tooth,7/404,94/18805,0.07446808510638298,3.466268169370128,3.5518189201757244,0.004136032095018397,0.014839005570020028,0.00839049866422365,CTNNB1/PPARA/TGFB1/CSF3R/LEF1/PRKCB/BAX,7
GO:0050886,endocrine process,7/404,94/18805,0.07446808510638298,3.466268169370128,3.5518189201757244,0.004136032095018397,0.014839005570020028,0.00839049866422365,POMC/GATA3/ACE/PPARG/EDN1/CTSG/ENPEP,7
GO:0003298,physiological muscle hypertrophy,4/404,31/18805,0.12903225806451613,6.006068348770361,4.133275046374683,0.0041733258156724466,0.014927052306324214,0.008440283403494998,IGF1/PPARA/RGS2/EDN1,4
GO:0003301,physiological cardiac muscle hypertrophy,4/404,31/18805,0.12903225806451613,6.006068348770361,4.133275046374683,0.0041733258156724466,0.014927052306324214,0.008440283403494998,IGF1/PPARA/RGS2/EDN1,4
GO:0060964,regulation of miRNA-mediated gene silencing,4/404,31/18805,0.12903225806451613,6.006068348770361,4.133275046374683,0.0041733258156724466,0.014927052306324214,0.008440283403494998,STAT3/TP53/TGFB1/ZMPSTE24,4
GO:0061049,cell growth involved in cardiac muscle cell development,4/404,31/18805,0.12903225806451613,6.006068348770361,4.133275046374683,0.0041733258156724466,0.014927052306324214,0.008440283403494998,IGF1/PPARA/RGS2/EDN1,4
GO:0030225,macrophage differentiation,6/404,71/18805,0.08450704225352113,3.933551805884814,3.669465169396285,0.004187878311758366,0.01495625191125299,0.008456793893028457,GATA3/IFNG/TGFB1/GBA1/CEBPA/VEGFA,6
GO:0045600,positive regulation of fat cell differentiation,6/404,71/18805,0.08450704225352113,3.933551805884814,3.669465169396285,0.004187878311758366,0.01495625191125299,0.008456793893028457,LPL/CEBPB/PPARG/MAPK14/CEBPA/PTGS2,6
GO:0060759,regulation of response to cytokine stimulus,11/404,201/18805,0.05472636815920398,2.5473498842421556,3.2679731615759886,0.004250277504630716,0.015167529936494673,0.008576257962248276,PRKN/HIF1A/IRF3/PPARG/EXT1/EDN1/PAFAH1B1/CARD16/CD74/ARG1/AGPAT1,11
GO:0002347,response to tumor cell,5/404,50/18805,0.1,4.65470297029703,3.8341901332913517,0.004277397037980899,0.015194820130369173,0.008591688803228147,CD274/IL12A/TGFB1/IL4I1/SPI1,5
GO:0006024,glycosaminoglycan biosynthetic process,5/404,50/18805,0.1,4.65470297029703,3.8341901332913517,0.004277397037980899,0.015194820130369173,0.008591688803228147,NFKB1/EXT1/TGFB1/GCNT2/HEXA,5
GO:0035601,protein deacylation,5/404,50/18805,0.1,4.65470297029703,3.8341901332913517,0.004277397037980899,0.015194820130369173,0.008591688803228147,SIRT2/IFNG/LYPLA1/PPT1/NNMT,5
GO:0046636,negative regulation of alpha-beta T cell activation,5/404,50/18805,0.1,4.65470297029703,3.8341901332913517,0.004277397037980899,0.015194820130369173,0.008591688803228147,RUNX1/CD274/STAT5A/TBX21/IL4R,5
GO:0046686,response to cadmium ion,5/404,50/18805,0.1,4.65470297029703,3.8341901332913517,0.004277397037980899,0.015194820130369173,0.008591688803228147,DTYMK/HMOX1/PRNP/HAAO/CDKN1B,5
GO:0048538,thymus development,5/404,50/18805,0.1,4.65470297029703,3.8341901332913517,0.004277397037980899,0.015194820130369173,0.008591688803228147,CTNNB1/GATA3/MAPK1/BCL2/ZMPSTE24,5
GO:0050921,positive regulation of chemotaxis,9/404,146/18805,0.06164383561643835,2.869337447443374,3.359812509385813,0.004352285175301162,0.015449127513843851,0.008735483193713277,IL23A/CXCL8/CXCL10/MAPK1/IL12A/TGFB1/EDN1/CD74/VEGFA,9
GO:0097006,regulation of plasma lipoprotein particle levels,7/404,95/18805,0.07368421052631578,3.4297811360083372,3.5179296960761297,0.004384683597914331,0.015552339852602196,0.00879384310108018,LPL/LPCAT3/HMOX1/NCEH1/SOAT1/PRKACA/LCAT,7
GO:1902106,negative regulation of leukocyte differentiation,8/404,120/18805,0.06666666666666667,3.1031353135313533,3.42457260907914,0.004401347307814142,0.01559962762693854,0.008820581281447522,CTNNB1/IL4/RUNX1/STAT5A/TBX21/IL4R/MYC/CD74,8
GO:0002756,MyD88-independent toll-like receptor signaling pathway,3/404,16/18805,0.1875,8.727568069306932,4.581905086074689,0.0044760278203855915,0.01574512566119109,0.0089028510168609,CD274/IRF3/SARM1,3
GO:0006555,methionine metabolic process,3/404,16/18805,0.1875,8.727568069306932,4.581905086074689,0.0044760278203855915,0.01574512566119109,0.0089028510168609,GNMT/MTHFD1/MTR,3
GO:0006750,glutathione biosynthetic process,3/404,16/18805,0.1875,8.727568069306932,4.581905086074689,0.0044760278203855915,0.01574512566119109,0.0089028510168609,HAGH/NFE2L2/CHAC2,3
GO:0009084,glutamine family amino acid biosynthetic process,3/404,16/18805,0.1875,8.727568069306932,4.581905086074689,0.0044760278203855915,0.01574512566119109,0.0089028510168609,GLS2/OAT/GLUL,3
GO:0018146,keratan sulfate proteoglycan biosynthetic process,3/404,16/18805,0.1875,8.727568069306932,4.581905086074689,0.0044760278203855915,0.01574512566119109,0.0089028510168609,B4GAT1/B4GALT4/ST3GAL3,3
GO:0042415,norepinephrine metabolic process,3/404,16/18805,0.1875,8.727568069306932,4.581905086074689,0.0044760278203855915,0.01574512566119109,0.0089028510168609,PRKN/GATA3/EPAS1,3
GO:0046036,CTP metabolic process,3/404,16/18805,0.1875,8.727568069306932,4.581905086074689,0.0044760278203855915,0.01574512566119109,0.0089028510168609,NME6/CTPS1/UCKL1,3
GO:0046325,negative regulation of D-glucose import,3/404,16/18805,0.1875,8.727568069306932,4.581905086074689,0.0044760278203855915,0.01574512566119109,0.0089028510168609,ACE/TNF/ENPP1,3
GO:0070942,neutrophil mediated cytotoxicity,3/404,16/18805,0.1875,8.727568069306932,4.581905086074689,0.0044760278203855915,0.01574512566119109,0.0089028510168609,POMC/CTSG/ARG1,3
GO:2000696,regulation of epithelial cell differentiation involved in kidney development,3/404,16/18805,0.1875,8.727568069306932,4.581905086074689,0.0044760278203855915,0.01574512566119109,0.0089028510168609,CTNNB1/STAT1/GATA3,3
GO:0003158,endothelium development,9/404,147/18805,0.061224489795918366,2.849818145079814,3.3361859521992034,0.0045507820921885135,0.01599606738410407,0.009044742343807581,CTNNB1/RAPGEF3/CXCL10/JAG1/EDN1/ICAM1/TNF/FASN/VEGFA,9
GO:0040013,negative regulation of locomotion,18/404,421/18805,0.04275534441805225,1.9901342865878033,3.0444597238928126,0.004591091600085167,0.016125649566090583,0.009118012693342437,IL4/STAT3/HMOX1/GATA3/BCL2/CYP1B1/PPARG/ADA/MITF/NFE2L2/TGFB1/JAG1/PTEN/TNF/ST6GAL1/CD74/MIF/ALOX15B,18
GO:0015908,fatty acid transport,8/404,121/18805,0.06611570247933884,3.077489567138532,3.396969898598031,0.004627065351001682,0.0162398200700074,0.009182568734924037,PPARA/ACE/PPARG/EDN1/LYPLA1/PTGS2/CPT2/MIF,8
GO:0000423,mitophagy,7/404,96/18805,0.07291666666666667,3.3940542491749177,3.484491483987445,0.004644466398910399,0.016276490778217433,0.0092033036505355,PRKN/HIF1A/TP53/BNIP3L/GBA1/CTSK/SQSTM1,7
GO:0016239,positive regulation of macroautophagy,7/404,96/18805,0.07291666666666667,3.3940542491749177,3.484491483987445,0.004644466398910399,0.016276490778217433,0.0092033036505355,IL4/PRKN/HIF1A/HMOX1/BNIP3L/SESN3/GBA1,7
GO:0071897,DNA biosynthetic process,10/404,175/18805,0.05714285714285714,2.6598302687411595,3.2686721909694016,0.004653113589845588,0.016277335145588042,0.00920378108571549,CTNNB1/NFATC1/PTGES3/GCH1/TP53/RRM2B/CYP1B1/TNF/PML/VEGFA,10
GO:1903146,regulation of autophagy of mitochondrion,5/404,51/18805,0.09803921568627451,4.563434284604931,3.7757391014153523,0.0046603983434924095,0.016277335145588042,0.00920378108571549,PRKN/HIF1A/TP53/BNIP3L/GBA1,5
GO:0001562,response to protozoan,4/404,32/18805,0.125,5.818378712871287,4.042073177798407,0.00468990284310087,0.016277335145588042,0.00920378108571549,IRF4/IL10/IL4R/ARG1,4
GO:0002710,negative regulation of T cell mediated immunity,4/404,32/18805,0.125,5.818378712871287,4.042073177798407,0.00468990284310087,0.016277335145588042,0.00920378108571549,CD274/TBX21/IL4I1/ARG1,4
GO:0003299,muscle hypertrophy in response to stress,4/404,32/18805,0.125,5.818378712871287,4.042073177798407,0.00468990284310087,0.016277335145588042,0.00920378108571549,FOXO1/PPARG/ACACB/PPP3CA,4
GO:0006026,aminoglycan catabolic process,4/404,32/18805,0.125,5.818378712871287,4.042073177798407,0.00468990284310087,0.016277335145588042,0.00920378108571549,TGFB1/HEXA/SGSH/IDUA,4
GO:0014887,cardiac muscle adaptation,4/404,32/18805,0.125,5.818378712871287,4.042073177798407,0.00468990284310087,0.016277335145588042,0.00920378108571549,FOXO1/PPARG/ACACB/PPP3CA,4
GO:0014898,cardiac muscle hypertrophy in response to stress,4/404,32/18805,0.125,5.818378712871287,4.042073177798407,0.00468990284310087,0.016277335145588042,0.00920378108571549,FOXO1/PPARG/ACACB/PPP3CA,4
GO:0019082,viral protein processing,4/404,32/18805,0.125,5.818378712871287,4.042073177798407,0.00468990284310087,0.016277335145588042,0.00920378108571549,FUT8/ST3GAL3/ST6GAL1/ST6GALNAC3,4
GO:0034250,positive regulation of amide metabolic process,4/404,32/18805,0.125,5.818378712871287,4.042073177798407,0.00468990284310087,0.016277335145588042,0.00920378108571549,IFNG/NFE2L2/SP1/TNF,4
GO:0043516,"regulation of DNA damage response, signal transduction by p53 class mediator",4/404,32/18805,0.125,5.818378712871287,4.042073177798407,0.00468990284310087,0.016277335145588042,0.00920378108571549,TP53/CD74/ZMPSTE24/MIF,4
GO:0045987,positive regulation of smooth muscle contraction,4/404,32/18805,0.125,5.818378712871287,4.042073177798407,0.00468990284310087,0.016277335145588042,0.00920378108571549,ABAT/ADA/EDN1/PTGS2,4
GO:1900368,regulation of post-transcriptional gene silencing by regulatory ncRNA,4/404,32/18805,0.125,5.818378712871287,4.042073177798407,0.00468990284310087,0.016277335145588042,0.00920378108571549,STAT3/TP53/TGFB1/ZMPSTE24,4
GO:0032835,glomerulus development,6/404,73/18805,0.0821917808219178,3.8257832632578324,3.5842912759460686,0.0048032032716116115,0.016658220531618938,0.009419147156415755,BCL2/EXT1/JAG1/EDN1/ENPEP/PPP3CA,6
GO:0050905,neuromuscular process,10/404,176/18805,0.056818181818181816,2.644717596759676,3.2482391214675452,0.0048418916482631125,0.01677996794757061,0.009487987452087522,MTOR/PRKN/GCH1/GBA1/PAFAH1B1/PTEN/TNF/HEXA/ZMPSTE24/ATP2A1,10
GO:0050769,positive regulation of neurogenesis,12/404,234/18805,0.05128205128205128,2.3870271642548873,3.16351823002755,0.004855393626538548,0.0168143143191224,0.009507408105531337,CTNNB1/MTOR/HIF1A/ACE/MME/IFNG/DCT/TGFB1/PAFAH1B1/TNF/VEGFA/KRAS,12
GO:0033555,multicellular organismal response to stress,7/404,97/18805,0.07216494845360824,3.359063999183423,3.451493030041298,0.004915688029959422,0.01699796998247416,0.009611253514225256,MTOR/GCH1/BCL2/EXT1/NR4A2/PTEN/PPP3CA,7
GO:0051100,negative regulation of binding,7/404,97/18805,0.07216494845360824,3.359063999183423,3.451493030041298,0.004915688029959422,0.01699796998247416,0.009611253514225256,IL10/MAPK8/JUN/CARD16/PER2/LEF1/BAX,7
GO:0031334,positive regulation of protein-containing complex assembly,11/404,205/18805,0.05365853658536585,2.4976454962569425,3.194659487676635,0.004922607915769032,0.01700933598644325,0.009617680254930368,MTOR/MAPK8/TP53/ALOX15/IFNG/TGFB1/BID/TNF/CDKN1B/VEGFA/BAX,11
GO:0034614,cellular response to reactive oxygen species,9/404,149/18805,0.06040268456375839,2.8115655525284073,3.2895236466845814,0.0049688788638103136,0.01715655666693207,0.009700924035462615,KLF2/MAPK8/GCH1/PDK2/FOS/STAT6/CYP1B1/NFE2L2/EDN1,9
GO:0032635,interleukin-6 production,10/404,177/18805,0.05649717514124294,2.6297756894333504,3.227947369218751,0.005036635581266578,0.01736489528092056,0.009818726057581153,KLF2/IL10/LPL/STAT3/CEBPB/IFNG/TGFB1/GBA1/TNF/CD74,10
GO:0032675,regulation of interleukin-6 production,10/404,177/18805,0.05649717514124294,2.6297756894333504,3.227947369218751,0.005036635581266578,0.01736489528092056,0.009818726057581153,KLF2/IL10/LPL/STAT3/CEBPB/IFNG/TGFB1/GBA1/TNF/CD74,10
GO:0002833,positive regulation of response to biotic stimulus,18/404,425/18805,0.042352941176470586,1.97140361094933,3.001349121576852,0.005055287916497732,0.01741637823770595,0.009847836342505557,SIRT2/POMC/IRF4/MAPK8/CD274/TRIM5/IRF3/SARM1/S100A8/IL12A/TKFC/TNF/SQSTM1/NAGK/PPT1/SPI1/MIF/ARG1,18
GO:0042572,retinol metabolic process,5/404,52/18805,0.09615384615384616,4.475675932977913,3.7187815089053484,0.005067153483497545,0.01743160368092249,0.009856445346684967,RDH13/RETSAT/CYP1B1/AKR1B1/CEL,5
GO:0043457,regulation of cellular respiration,5/404,52/18805,0.09615384615384616,4.475675932977913,3.7187815089053484,0.005067153483497545,0.01743160368092249,0.009856445346684967,IL4/HIF1A/IFNG/TNF/PIK3CA,5
GO:0046942,carboxylic acid transport,16/404,360/18805,0.044444444444444446,2.0687568756875687,3.0337929198886435,0.005101012586571546,0.01753519892094565,0.009915021759971743,PPARA/ACE/ABAT/PPARG/RGS2/EDN1/TNF/LYPLA1/ACACB/PTGS2/KMO/PER2/CPT2/MIF/SLC25A21/SLC38A2,16
GO:1903532,positive regulation of secretion by cell,14/404,297/18805,0.04713804713804714,2.1941360802746943,3.073600307331648,0.005166231040417262,0.01774636370596744,0.010034421799165477,HIF1A/IGF1/ABAT/IFNG/PPARG/IL4R/TGFB1/EDN1/PRKACA/AACS/KMO/ITGAM/MIF/PRKCB,14
GO:0014074,response to purine-containing compound,9/404,150/18805,0.06,2.7928217821782177,3.2664815843133117,0.0051888049351273505,0.01781083922746793,0.010070878539778737,STAT1/FOS/RAPGEF3/FBP1/CYP1B1/ADA/PFKFB1/PTGS2/ENPP1,9
GO:0006022,aminoglycan metabolic process,7/404,98/18805,0.07142857142857142,3.3247878359264496,3.4189234771183106,0.005198657360089951,0.017831585172118056,0.0100826090307509,NFKB1/EXT1/TGFB1/GCNT2/HEXA/SGSH/IDUA,7
GO:0015849,organic acid transport,16/404,361/18805,0.0443213296398892,2.0630262472230605,3.021795869090651,0.00523581456409793,0.017921280232178375,0.010133325790581762,PPARA/ACE/ABAT/PPARG/RGS2/EDN1/TNF/LYPLA1/ACACB/PTGS2/KMO/PER2/CPT2/MIF/SLC25A21/SLC38A2,16
GO:0045540,regulation of cholesterol biosynthetic process,4/404,33/18805,0.12121212121212122,5.642064206420642,3.954648892747148,0.005247773429798494,0.017921280232178375,0.010133325790581762,LPCAT3/GNAI1/MAPK1/PRKACA,4
GO:0045648,positive regulation of erythrocyte differentiation,4/404,33/18805,0.12121212121212122,5.642064206420642,3.954648892747148,0.005247773429798494,0.017921280232178375,0.010133325790581762,STAT3/HIF1A/STAT1/MAPK14,4
GO:0060147,regulation of post-transcriptional gene silencing,4/404,33/18805,0.12121212121212122,5.642064206420642,3.954648892747148,0.005247773429798494,0.017921280232178375,0.010133325790581762,STAT3/TP53/TGFB1/ZMPSTE24,4
GO:0090322,regulation of superoxide metabolic process,4/404,33/18805,0.12121212121212122,5.642064206420642,3.954648892747148,0.005247773429798494,0.017921280232178375,0.010133325790581762,GCH1/NFE2L2/TGFB1/ITGAM,4
GO:0106118,regulation of sterol biosynthetic process,4/404,33/18805,0.12121212121212122,5.642064206420642,3.954648892747148,0.005247773429798494,0.017921280232178375,0.010133325790581762,LPCAT3/GNAI1/MAPK1/PRKACA,4
GO:0000097,sulfur amino acid biosynthetic process,3/404,17/18805,0.17647058823529413,8.214181712288877,4.409266546047851,0.005349442392407086,0.018083818975631754,0.010225230945775278,MTHFD1/CTH/MTR,3
GO:0006577,amino-acid betaine metabolic process,3/404,17/18805,0.17647058823529413,8.214181712288877,4.409266546047851,0.005349442392407086,0.018083818975631754,0.010225230945775278,SHMT1/ACADM/CPT2,3
GO:0010042,response to manganese ion,3/404,17/18805,0.17647058823529413,8.214181712288877,4.409266546047851,0.005349442392407086,0.018083818975631754,0.010225230945775278,ATF4/PRKN/PTGS2,3
GO:0010455,positive regulation of cell fate commitment,3/404,17/18805,0.17647058823529413,8.214181712288877,4.409266546047851,0.005349442392407086,0.018083818975631754,0.010225230945775278,IL23R/IL23A/IL12RB1,3
GO:0010958,regulation of amino acid import across plasma membrane,3/404,17/18805,0.17647058823529413,8.214181712288877,4.409266546047851,0.005349442392407086,0.018083818975631754,0.010225230945775278,RGS2/TNF/PER2,3
GO:0032604,granulocyte macrophage colony-stimulating factor production,3/404,17/18805,0.17647058823529413,8.214181712288877,4.409266546047851,0.005349442392407086,0.018083818975631754,0.010225230945775278,IL23R/IL23A/IL18,3
GO:0032645,regulation of granulocyte macrophage colony-stimulating factor production,3/404,17/18805,0.17647058823529413,8.214181712288877,4.409266546047851,0.005349442392407086,0.018083818975631754,0.010225230945775278,IL23R/IL23A/IL18,3
GO:0043649,dicarboxylic acid catabolic process,3/404,17/18805,0.17647058823529413,8.214181712288877,4.409266546047851,0.005349442392407086,0.018083818975631754,0.010225230945775278,ACSF3/QPRT/GLUL,3
GO:0045542,positive regulation of cholesterol biosynthetic process,3/404,17/18805,0.17647058823529413,8.214181712288877,4.409266546047851,0.005349442392407086,0.018083818975631754,0.010225230945775278,GNAI1/MAPK1/PRKACA,3
GO:0050872,white fat cell differentiation,3/404,17/18805,0.17647058823529413,8.214181712288877,4.409266546047851,0.005349442392407086,0.018083818975631754,0.010225230945775278,PPARG/CEBPA/PER2,3
GO:0106120,positive regulation of sterol biosynthetic process,3/404,17/18805,0.17647058823529413,8.214181712288877,4.409266546047851,0.005349442392407086,0.018083818975631754,0.010225230945775278,GNAI1/MAPK1/PRKACA,3
GO:0170043,non-proteinogenic amino acid biosynthetic process,3/404,17/18805,0.17647058823529413,8.214181712288877,4.409266546047851,0.005349442392407086,0.018083818975631754,0.010225230945775278,ABAT/DPYD/UPB1,3
GO:1902165,regulation of intrinsic apoptotic signaling pathway in response to DNA damage by p53 class mediator,3/404,17/18805,0.17647058823529413,8.214181712288877,4.409266546047851,0.005349442392407086,0.018083818975631754,0.010225230945775278,BCL2/CD74/MIF,3
GO:1903789,regulation of amino acid transmembrane transport,3/404,17/18805,0.17647058823529413,8.214181712288877,4.409266546047851,0.005349442392407086,0.018083818975631754,0.010225230945775278,RGS2/TNF/PER2,3
GO:0008544,epidermis development,17/404,395/18805,0.043037974683544304,2.0032898859506205,2.986023208522044,0.005431444085184147,0.018347778648508065,0.010374483082128148,CTNNB1/PPARA/ALOX12/BCL2/IL18/DCT/PLOD1/EXT1/GBA1/JAG1/PAFAH1B1/TNF/GLI1/ZMPSTE24/UGCG/PPP3CA/ALOX15B,17
GO:0003170,heart valve development,6/404,75/18805,0.08,3.723762376237624,3.5020799037835966,0.005482522581296596,0.018427258238069393,0.010419423653576863,SMAD2/MTOR/NFATC1/GATA3/TGFB1/JAG1,6
GO:0032206,positive regulation of telomere maintenance,6/404,75/18805,0.08,3.723762376237624,3.5020799037835966,0.005482522581296596,0.018427258238069393,0.010419423653576863,CTNNB1/PTGES3/GCH1/MAPK1/PML/MYC,6
GO:0071479,cellular response to ionizing radiation,6/404,75/18805,0.08,3.723762376237624,3.5020799037835966,0.005482522581296596,0.018427258238069393,0.010419423653576863,TP53/GATA3/TGFB1/TNF/MAPK14/ZMPSTE24,6
GO:0071496,cellular response to external stimulus,6/404,75/18805,0.08,3.723762376237624,3.5020799037835966,0.005482522581296596,0.018427258238069393,0.010419423653576863,NFKB1/MAPK8/CDA/TGFB1/PTGS2/SLC38A2,6
GO:0090559,regulation of membrane permeability,6/404,75/18805,0.08,3.723762376237624,3.5020799037835966,0.005482522581296596,0.018427258238069393,0.010419423653576863,MTOR/TP53/BNIP3L/BCL2/BID/BAX,6
GO:1904888,cranial skeletal system development,6/404,75/18805,0.08,3.723762376237624,3.5020799037835966,0.005482522581296596,0.018427258238069393,0.010419423653576863,SMAD2/CTNNB1/EXT1/MTHFD1/TGFB1/MTHFD1L,6
GO:2000379,positive regulation of reactive oxygen species metabolic process,6/404,75/18805,0.08,3.723762376237624,3.5020799037835966,0.005482522581296596,0.018427258238069393,0.010419423653576863,TP53/CYP1B1/NFE2L2/TGFB1/MAPK14/ITGAM,6
GO:0098869,cellular oxidant detoxification,7/404,99/18805,0.0707070707070707,3.2912041204120412,3.386772346925528,0.005493684394029595,0.01842780679478099,0.010419733826946243,GCH1/GPX4/GSTO2/NFE2L2/PTGS2/TXNRD2/PTGS1,7
GO:0051403,stress-activated MAPK cascade,5/404,53/18805,0.09433962264150944,4.391229217261349,3.663248445909228,0.005498429323432089,0.01842780679478099,0.010419733826946243,MAPK8/MAPK1/FOXO1/MAPK14/MYC,5
GO:1904035,regulation of epithelial cell apoptotic process,5/404,53/18805,0.09433962264150944,4.391229217261349,3.663248445909228,0.005498429323432089,0.01842780679478099,0.010419733826946243,HMOX1/PPARA/BCL2/CDKN1B/BAX,5
GO:1904707,positive regulation of vascular associated smooth muscle cell proliferation,5/404,53/18805,0.09433962264150944,4.391229217261349,3.663248445909228,0.005498429323432089,0.01842780679478099,0.010419733826946243,IL10/IGF1/JUN/EDN1/TNF,5
GO:0042692,muscle cell differentiation,18/404,429/18805,0.04195804195804196,1.9530222252994531,2.9587023388225533,0.0055573326262506285,0.018611896535125495,0.010523824678126898,CTNNB1/MTOR/NFATC1/IGF1/PPARA/CXCL10/BCL2/RGS2/IL4R/TGFB1/EDN1/MAPK14/CTH/ZMPSTE24/ACADM/VEGFA/PPP3CA/KRAS,18
GO:1990748,cellular detoxification,8/404,125/18805,0.064,2.979009900990099,3.2893465317271726,0.005619953538369236,0.018808164736701046,0.010634801662088432,GCH1/GPX4/GSTO2/LANCL1/NFE2L2/PTGS2/TXNRD2/PTGS1,8
GO:1903522,regulation of blood circulation,13/404,269/18805,0.048327137546468404,2.2494847068349957,3.0583991595956497,0.0056458998190776774,0.018881502109229776,0.01067626920675215,GCH1/ACE/RGS2/ADA/EDN1/PRKACA/THRB/TNF/PTGS2/ZMPSTE24/PER2/EPAS1/ATP2A1,13
GO:0030162,regulation of proteolysis,18/404,430/18805,0.04186046511627907,1.9484803131475936,2.948111915451385,0.005689017865057817,0.019012121087937688,0.010750125797828929,SIRT2/IL10/RUNX1/STAT3/PRKN/TP53/INPP5B/MTM1/IFNG/PRNP/NFE2L2/GBA1/PRKACA/PTEN/TNF/PML/CEBPA/GAPDH,18
GO:0001657,ureteric bud development,7/404,100/18805,0.07,3.258292079207921,3.3550295230565306,0.005801080069774883,0.01937279378508274,0.010954062899229547,SMAD2/CTNNB1/GATA3/BCL2/TGFB1/MYC/VEGFA,7
GO:0002704,negative regulation of leukocyte mediated immunity,6/404,76/18805,0.07894736842105263,3.6747655028660757,3.462025846104208,0.005847343115201515,0.019392350117291908,0.010965120741246242,CD274/TBX21/TGFB1/IL4I1/SPI1/ARG1,6
GO:0050709,negative regulation of protein secretion,6/404,76/18805,0.07894736842105263,3.6747655028660757,3.462025846104208,0.005847343115201515,0.019392350117291908,0.010965120741246242,PRKN/FOXO1/IL12A/PFKL/HADH/PPP3CA,6
GO:0002418,immune response to tumor cell,4/404,34/18805,0.11764705882352941,5.476121141525917,3.870728200411342,0.005848355054595509,0.019392350117291908,0.010965120741246242,CD274/IL12A/TGFB1/IL4I1,4
GO:0006099,tricarboxylic acid cycle,4/404,34/18805,0.11764705882352941,5.476121141525917,3.870728200411342,0.005848355054595509,0.019392350117291908,0.010965120741246242,DLAT/PDHA1/CS/OGDH,4
GO:0006536,glutamate metabolic process,4/404,34/18805,0.11764705882352941,5.476121141525917,3.870728200411342,0.005848355054595509,0.019392350117291908,0.010965120741246242,GLS2/OAT/ALDH4A1/GLUL,4
GO:0032107,regulation of response to nutrient levels,4/404,34/18805,0.11764705882352941,5.476121141525917,3.870728200411342,0.005848355054595509,0.019392350117291908,0.010965120741246242,PRKAG2/PPARA/BCL2/BAX,4
GO:0051873,killing by host of symbiont cells,4/404,34/18805,0.11764705882352941,5.476121141525917,3.870728200411342,0.005848355054595509,0.019392350117291908,0.010965120741246242,POMC/GAPDH/CTSG/ARG1,4
GO:0060055,angiogenesis involved in wound healing,4/404,34/18805,0.11764705882352941,5.476121141525917,3.870728200411342,0.005848355054595509,0.019392350117291908,0.010965120741246242,B4GALT1/ALOX5/TNF/VEGFA,4
GO:0060966,regulation of gene silencing by regulatory ncRNA,4/404,34/18805,0.11764705882352941,5.476121141525917,3.870728200411342,0.005848355054595509,0.019392350117291908,0.010965120741246242,STAT3/TP53/TGFB1/ZMPSTE24,4
GO:2000677,regulation of transcription regulatory region DNA binding,4/404,34/18805,0.11764705882352941,5.476121141525917,3.870728200411342,0.005848355054595509,0.019392350117291908,0.010965120741246242,IGF1/GATA3/IFNG/PER2,4
GO:0031929,TOR signaling,10/404,181/18805,0.055248618784530384,2.5716590996116184,3.1481560270198483,0.00587782677938553,0.01946502679685287,0.011006214706734631,MTOR/HIF1A/GATA3/MTM1/SESN3/GBA1/PRKACA/RPS6KA5/ZMPSTE24/PIK3CA,10
GO:0051260,protein homooligomerization,11/404,210/18805,0.05238095238095238,2.438177746346063,3.105411890575234,0.005878587759664664,0.01946502679685287,0.011006214706734631,GNMT/HPRT1/PRNP/ACACA/ALDOA/SHMT1/ACACB/CTH/UPB1/CBR4/MIF,11
GO:0071331,cellular response to hexose stimulus,9/404,153/18805,0.058823529411764705,2.7380605707629586,3.1984753683859797,0.005894074384354169,0.019502513263283547,0.011027410880900678,SMAD2/HIF1A/PPARA/ACE/TGFB1/PRKACA/ICAM1/PIK3CA/PPP3CA,9
GO:0010559,regulation of glycoprotein biosynthetic process,5/404,54/18805,0.09259259259259259,4.309910157682435,3.609075437450755,0.005954985675502152,0.019620860614145724,0.011094328659496954,CTNNB1/IGF1/BCL2/POMT1/SOAT1,5
GO:0045581,negative regulation of T cell differentiation,5/404,54/18805,0.09259259259259259,4.309910157682435,3.609075437450755,0.005954985675502152,0.019620860614145724,0.011094328659496954,RUNX1/STAT5A/TBX21/IL4R/CD74,5
GO:0046622,positive regulation of organ growth,5/404,54/18805,0.09259259259259259,4.309910157682435,3.609075437450755,0.005954985675502152,0.019620860614145724,0.011094328659496954,IGF1/EDN1/MAPK14/ACACB/GLI1,5
GO:0071622,regulation of granulocyte chemotaxis,5/404,54/18805,0.09259259259259259,4.309910157682435,3.609075437450755,0.005954985675502152,0.019620860614145724,0.011094328659496954,IL23A/CXCL8/MAPK1/EDN1/CD74,5
GO:0071827,plasma lipoprotein particle organization,5/404,54/18805,0.09259259259259259,4.309910157682435,3.609075437450755,0.005954985675502152,0.019620860614145724,0.011094328659496954,LPL/LPCAT3/SOAT1/PRKACA/LCAT,5
GO:2000772,regulation of cellular senescence,5/404,54/18805,0.09259259259259259,4.309910157682435,3.609075437450755,0.005954985675502152,0.019620860614145724,0.011094328659496954,GCH1/TP53/PTEN/ZMPSTE24/MIF,5
GO:0006352,DNA-templated transcription initiation,11/404,211/18805,0.052132701421800945,2.4266224015766507,3.0878695491424715,0.0060862200591614785,0.0200250754160183,0.011322886007168782,PPARGC1A/NFKB1/TP53/FOXO1/JUN/MITF/CEBPA/MYC/SPI1/CDK4/ZMPSTE24,11
GO:0044703,multi-organism reproductive process,11/404,211/18805,0.052132701421800945,2.4266224015766507,3.0878695491424715,0.0060862200591614785,0.0200250754160183,0.011322886007168782,FOS/ACE/BCL2/PLA2G4B/RGS2/TGFB1/EDN1/UMPS/PTGS2/VEGFA/SLC38A2,11
GO:0007596,blood coagulation,12/404,241/18805,0.04979253112033195,2.3176944250441642,3.050580859977399,0.0061082138596891605,0.020083326749343152,0.011355823371613128,DGKK/ALOX12/NFE2L2/EDN1/ITPK1/MAPK14/GLA/CTSG/C1GALT1C1/VAV3/PIK3CA/AK3,12
GO:0072163,mesonephric epithelium development,7/404,101/18805,0.06930693069306931,3.226031761592001,3.323685234971106,0.006121156055348467,0.020097652630534025,0.011363923731602122,SMAD2/CTNNB1/GATA3/BCL2/TGFB1/MYC/VEGFA,7
GO:0072164,mesonephric tubule development,7/404,101/18805,0.06930693069306931,3.226031761592001,3.323685234971106,0.006121156055348467,0.020097652630534025,0.011363923731602122,SMAD2/CTNNB1/GATA3/BCL2/TGFB1/MYC/VEGFA,7
GO:1903531,negative regulation of secretion by cell,9/404,154/18805,0.05844155844155844,2.720280956667095,3.1761702407597623,0.006144883965235901,0.020161420269961098,0.01139998021065046,PRKN/FOXO1/ABAT/IL12A/PFKL/EDN1/SPI1/HADH/PPP3CA,9
GO:0006801,superoxide metabolic process,6/404,77/18805,0.07792207792207792,3.627041275556127,3.4226433745078744,0.006229556670990823,0.020424919001105764,0.011548971714242903,GCH1/ALOX12/NFE2L2/TGFB1/EDN1/ITGAM,6
GO:0001991,regulation of systemic arterial blood pressure by circulatory renin-angiotensin,3/404,18/18805,0.16666666666666666,7.757838283828383,4.250210313788541,0.006318185041998719,0.020571448099191935,0.011631824449620657,ACE/CTSG/ENPEP,3
GO:0006103,2-oxoglutarate metabolic process,3/404,18/18805,0.16666666666666666,7.757838283828383,4.250210313788541,0.006318185041998719,0.020571448099191935,0.011631824449620657,DLD/KYAT3/OGDH,3
GO:0006595,polyamine metabolic process,3/404,18/18805,0.16666666666666666,7.757838283828383,4.250210313788541,0.006318185041998719,0.020571448099191935,0.011631824449620657,AMD1/SMOX/AOC1,3
GO:0019184,nonribosomal peptide biosynthetic process,3/404,18/18805,0.16666666666666666,7.757838283828383,4.250210313788541,0.006318185041998719,0.020571448099191935,0.011631824449620657,HAGH/NFE2L2/CHAC2,3
GO:0031649,heat generation,3/404,18/18805,0.16666666666666666,7.757838283828383,4.250210313788541,0.006318185041998719,0.020571448099191935,0.011631824449620657,ABAT/TNF/PTGS2,3
GO:0043923,positive regulation by host of viral transcription,3/404,18/18805,0.16666666666666666,7.757838283828383,4.250210313788541,0.006318185041998719,0.020571448099191935,0.011631824449620657,JUN/SP1/LEF1,3
GO:0045064,T-helper 2 cell differentiation,3/404,18/18805,0.16666666666666666,7.757838283828383,4.250210313788541,0.006318185041998719,0.020571448099191935,0.011631824449620657,GATA3/IL18/IL4R,3
GO:0046184,aldehyde biosynthetic process,3/404,18/18805,0.16666666666666666,7.757838283828383,4.250210313788541,0.006318185041998719,0.020571448099191935,0.011631824449620657,TPI1/PNPO/TKT,3
GO:0097396,response to interleukin-17,3/404,18/18805,0.16666666666666666,7.757838283828383,4.250210313788541,0.006318185041998719,0.020571448099191935,0.011631824449620657,NFKB1/STAT3/CXCL10,3
GO:0097398,cellular response to interleukin-17,3/404,18/18805,0.16666666666666666,7.757838283828383,4.250210313788541,0.006318185041998719,0.020571448099191935,0.011631824449620657,NFKB1/STAT3/CXCL10,3
GO:0071326,cellular response to monosaccharide stimulus,9/404,155/18805,0.05806451612903226,2.7027307569466625,3.1540422240658375,0.006403833713099425,0.02083582310266262,0.011781311428583489,SMAD2/HIF1A/PPARA/ACE/TGFB1/PRKACA/ICAM1/PIK3CA/PPP3CA,9
GO:0060425,lung morphogenesis,5/404,55/18805,0.09090909090909091,4.231548154815481,3.5562020812941952,0.0064375743346160785,0.020931057662967,0.011835160417806608,CTNNB1/MAPK1/EXT1/TNF/KRAS,5
GO:0032633,interleukin-4 production,4/404,35/18805,0.11428571428571428,5.319660537482319,3.790064456401575,0.006493020884334519,0.021009207864861244,0.011879349306442598,IRF4/GATA3/CEBPB/LEF1,4
GO:0032673,regulation of interleukin-4 production,4/404,35/18805,0.11428571428571428,5.319660537482319,3.790064456401575,0.006493020884334519,0.021009207864861244,0.011879349306442598,IRF4/GATA3/CEBPB/LEF1,4
GO:0046320,regulation of fatty acid oxidation,4/404,35/18805,0.11428571428571428,5.319660537482319,3.790064456401575,0.006493020884334519,0.021009207864861244,0.011879349306442598,PPARGC1A/PRKAG2/PPARA/ACACB,4
GO:0048384,retinoic acid receptor signaling pathway,4/404,35/18805,0.11428571428571428,5.319660537482319,3.790064456401575,0.006493020884334519,0.021009207864861244,0.011879349306442598,KLF2/PPARG/THRB/PML,4
GO:0061436,establishment of skin barrier,4/404,35/18805,0.11428571428571428,5.319660537482319,3.790064456401575,0.006493020884334519,0.021009207864861244,0.011879349306442598,ALOX12/IL18/GBA1/UGCG,4
GO:0090022,regulation of neutrophil chemotaxis,4/404,35/18805,0.11428571428571428,5.319660537482319,3.790064456401575,0.006493020884334519,0.021009207864861244,0.011879349306442598,IL23A/CXCL8/EDN1/CD74,4
GO:0090050,positive regulation of cell migration involved in sprouting angiogenesis,4/404,35/18805,0.11428571428571428,5.319660537482319,3.790064456401575,0.006493020884334519,0.021009207864861244,0.011879349306442598,HMOX1/PIK3C2A/PTGS2/VEGFA,4
GO:0001667,ameboidal-type cell migration,12/404,243/18805,0.04938271604938271,2.298618750763965,3.0190305876057537,0.00650955792632187,0.021048170035247924,0.011901379895826915,MTOR/IL4/HIF1A/IFNG/FUT8/TGFB1/EDN1/PAFAH1B1/PTEN/PML/VEGFA/SGPL1,12
GO:2000146,negative regulation of cell motility,17/404,403/18805,0.04218362282878412,1.9635223447903103,2.89718942789791,0.006591434343948732,0.021298202621371956,0.012042757164673321,IL4/STAT3/HMOX1/GATA3/BCL2/CYP1B1/PPARG/ADA/MITF/NFE2L2/TGFB1/JAG1/PTEN/TNF/CD74/MIF/ALOX15B,17
GO:0032729,positive regulation of type II interferon production,6/404,78/18805,0.07692307692307693,3.5805407463823307,3.3839115921017613,0.006629626111561528,0.02137734810904344,0.012087508823095,IL23R/IL23A/IL12A/IL18/IL12RB1/TNF,6
GO:0050853,B cell receptor signaling pathway,6/404,78/18805,0.07692307692307693,3.5805407463823307,3.3839115921017613,0.006629626111561528,0.02137734810904344,0.012087508823095,NFKB1/MAPK1/BCL2/VAV3/PRKCB/BAX,6
GO:0072078,nephron tubule morphogenesis,6/404,78/18805,0.07692307692307693,3.5805407463823307,3.3839115921017613,0.006629626111561528,0.02137734810904344,0.012087508823095,CTNNB1/GATA3/BCL2/TGFB1/MYC/VEGFA,6
GO:0042327,positive regulation of phosphorylation,18/404,437/18805,0.041189931350114416,1.917268958017083,2.874759850293681,0.006683963862107552,0.021537728012654894,0.012178193293875102,CCND1/PRKAG2/MTOR/IGF1/TP53/MAPK1/IL12A/IFNG/IL18/PRNP/TGFB1/EDN1/TNF/CD74/TGFA/MIF/VEGFA/KRAS,18
GO:0008016,regulation of heart contraction,11/404,214/18805,0.0514018691588785,2.3926043305265106,3.0358362590713552,0.006743880701794163,0.021715852438652185,0.012278911145306829,GCH1/ACE/RGS2/ADA/EDN1/PRKACA/THRB/TNF/ZMPSTE24/EPAS1/ATP2A1,11
GO:0002768,immune response-regulating cell surface receptor signaling pathway,16/404,372/18805,0.043010752688172046,2.002022782923454,2.892318701569051,0.006919072875251256,0.022264672991014697,0.01258923369958901,NFKB1/MAPK8/GATA3/MAPK1/IRF3/BCL2/IFNG/ADA/PRNP/SQSTM1/ITGAM/VAV3/PIK3CA/FCGR3B/PRKCB/BAX,16
GO:0032368,regulation of lipid transport,9/404,157/18805,0.05732484076433121,2.668301065775368,3.1103066888715922,0.006946832057891485,0.022338645394950504,0.01263106031347389,POMC/NFKB1/PRKN/LPCAT3/PPARA/FASLG/PPARG/EDN1/MIF,9
GO:0015718,monocarboxylic acid transport,10/404,186/18805,0.053763440860215055,2.502528478654317,3.0513786244620618,0.007079063584276032,0.022732630796694363,0.012853833596458178,PPARA/ACE/PPARG/EDN1/TNF/LYPLA1/ACACB/PTGS2/CPT2/MIF,10
GO:0055088,lipid homeostasis,10/404,186/18805,0.053763440860215055,2.502528478654317,3.0513786244620618,0.007079063584276032,0.022732630796694363,0.012853833596458178,LPL/IL18/PPARG/ACACA/TGFB1/SOAT1/CEBPA/ACOX1/CYP7B1/LCAT,10
GO:0050817,coagulation,12/404,246/18805,0.04878048780487805,2.270586814779039,2.9722798894981644,0.0071503437394552175,0.02294579121873155,0.01297436203941407,DGKK/ALOX12/NFE2L2/EDN1/ITPK1/MAPK14/GLA/CTSG/C1GALT1C1/VAV3/PIK3CA/AK3,12
GO:0001569,branching involved in blood vessel morphogenesis,4/404,36/18805,0.1111111111111111,5.171892189218922,3.712434937688991,0.007183097960837411,0.022972175309180845,0.012989280537464834,CTNNB1/EDN1/LEF1/VEGFA,4
GO:0002067,glandular epithelial cell differentiation,4/404,36/18805,0.1111111111111111,5.171892189218922,3.712434937688991,0.007183097960837411,0.022972175309180845,0.012989280537464834,CTNNB1/HIF1A/EXT1/FASN,4
GO:1902624,positive regulation of neutrophil migration,4/404,36/18805,0.1111111111111111,5.171892189218922,3.712434937688991,0.007183097960837411,0.022972175309180845,0.012989280537464834,IL23A/CXCL8/EDN1/CD74,4
GO:1905332,positive regulation of morphogenesis of an epithelium,4/404,36/18805,0.1111111111111111,5.171892189218922,3.712434937688991,0.007183097960837411,0.022972175309180845,0.012989280537464834,CTNNB1/GATA3/TGFB1/VEGFA,4
GO:2000352,negative regulation of endothelial cell apoptotic process,4/404,36/18805,0.1111111111111111,5.171892189218922,3.712434937688991,0.007183097960837411,0.022972175309180845,0.012989280537464834,IL4/GATA3/NFE2L2/ICAM1,4
GO:0003018,vascular process in circulatory system,13/404,278/18805,0.046762589928057555,2.1766596623691146,2.9286387459542853,0.007368687352564502,0.023425094306168574,0.013245376959916807,KLF2/GCH1/ACE/RGS2/EXT1/TGFB1/EDN1/TNF/PIK3C2A/PTGS2/PER2/VEGFA/SLC38A2,13
GO:0006684,sphingomyelin metabolic process,3/404,19/18805,0.15789473684210525,7.3495310057321515,4.1029514771312074,0.007384758478407692,0.023425094306168574,0.013245376959916807,SAMD8/PEMT/SGMS2,3
GO:0010885,regulation of cholesterol storage,3/404,19/18805,0.15789473684210525,7.3495310057321515,4.1029514771312074,0.007384758478407692,0.023425094306168574,0.013245376959916807,LPL/PPARA/PPARG,3
GO:0031053,primary miRNA processing,3/404,19/18805,0.15789473684210525,7.3495310057321515,4.1029514771312074,0.007384758478407692,0.023425094306168574,0.013245376959916807,SMAD2/STAT3/TGFB1,3
GO:0032310,prostaglandin secretion,3/404,19/18805,0.15789473684210525,7.3495310057321515,4.1029514771312074,0.007384758478407692,0.023425094306168574,0.013245376959916807,EDN1/PTGS2/MIF,3
GO:0042481,regulation of odontogenesis,3/404,19/18805,0.15789473684210525,7.3495310057321515,4.1029514771312074,0.007384758478407692,0.023425094306168574,0.013245376959916807,TGFB1/EDN1/PRKCB,3
GO:0060231,mesenchymal to epithelial transition,3/404,19/18805,0.15789473684210525,7.3495310057321515,4.1029514771312074,0.007384758478407692,0.023425094306168574,0.013245376959916807,CTNNB1/STAT1/GATA3,3
GO:0060438,trachea development,3/404,19/18805,0.15789473684210525,7.3495310057321515,4.1029514771312074,0.007384758478407692,0.023425094306168574,0.013245376959916807,CTNNB1/MAPK1/LEF1,3
GO:0060965,negative regulation of miRNA-mediated gene silencing,3/404,19/18805,0.15789473684210525,7.3495310057321515,4.1029514771312074,0.007384758478407692,0.023425094306168574,0.013245376959916807,STAT3/TP53/ZMPSTE24,3
GO:1902170,cellular response to reactive nitrogen species,3/404,19/18805,0.15789473684210525,7.3495310057321515,4.1029514771312074,0.007384758478407692,0.023425094306168574,0.013245376959916807,STAT6/FOXO1/MTR,3
GO:1905288,vascular associated smooth muscle cell apoptotic process,3/404,19/18805,0.15789473684210525,7.3495310057321515,4.1029514771312074,0.007384758478407692,0.023425094306168574,0.013245376959916807,ATF4/IGF1/PPARG,3
GO:1905459,regulation of vascular associated smooth muscle cell apoptotic process,3/404,19/18805,0.15789473684210525,7.3495310057321515,4.1029514771312074,0.007384758478407692,0.023425094306168574,0.013245376959916807,ATF4/IGF1/PPARG,3
GO:0032612,interleukin-1 production,8/404,131/18805,0.061068702290076333,2.8425666994180334,3.135705586052561,0.0074037459930369615,0.023453544478619116,0.013261463693816653,IL10/LPL/STAT3/IGF1/IFNG/TNF/PML/CARD16,8
GO:0032652,regulation of interleukin-1 production,8/404,131/18805,0.061068702290076333,2.8425666994180334,3.135705586052561,0.0074037459930369615,0.023453544478619116,0.013261463693816653,IL10/LPL/STAT3/IGF1/IFNG/TNF/PML/CARD16,8
GO:0050920,regulation of chemotaxis,11/404,217/18805,0.05069124423963134,2.359526851302642,2.9846706552528186,0.007455933188607821,0.023595420187710936,0.013341685238448035,IL23A/CXCL8/CXCL10/MAPK1/IL12A/TGFB1/EDN1/ST6GAL1/CD74/MIF/VEGFA,11
GO:0002886,regulation of myeloid leukocyte mediated immunity,5/404,57/18805,0.08771929824561403,4.083072780962307,3.454131152820807,0.007483810119340183,0.023595420187710936,0.013341685238448035,POMC/IL4R/SPI1/ITGAM/ARG1,5
GO:0014888,striated muscle adaptation,5/404,57/18805,0.08771929824561403,4.083072780962307,3.454131152820807,0.007483810119340183,0.023595420187710936,0.013341685238448035,NFATC1/FOXO1/PPARG/ACACB/PPP3CA,5
GO:0034205,amyloid-beta formation,5/404,57/18805,0.08771929824561403,4.083072780962307,3.454131152820807,0.007483810119340183,0.023595420187710936,0.013341685238448035,IGF1/IFNG/PRNP/SP1/TNF,5
GO:0071825,protein-lipid complex organization,5/404,57/18805,0.08771929824561403,4.083072780962307,3.454131152820807,0.007483810119340183,0.023595420187710936,0.013341685238448035,LPL/LPCAT3/SOAT1/PRKACA/LCAT,5
GO:1902991,regulation of amyloid precursor protein catabolic process,5/404,57/18805,0.08771929824561403,4.083072780962307,3.454131152820807,0.007483810119340183,0.023595420187710936,0.013341685238448035,IGF1/IFNG/PRNP/SP1/TNF,5
GO:1904356,regulation of telomere maintenance via telomere lengthening,5/404,57/18805,0.08771929824561403,4.083072780962307,3.454131152820807,0.007483810119340183,0.023595420187710936,0.013341685238448035,CTNNB1/PTGES3/GCH1/TP53/PML,5
GO:0001823,mesonephros development,7/404,105/18805,0.06666666666666667,3.1031353135313533,3.2021093082488226,0.007534510585666029,0.023739285708000234,0.013423031892718046,SMAD2/CTNNB1/GATA3/BCL2/TGFB1/MYC/VEGFA,7
GO:0007599,hemostasis,12/404,248/18805,0.04838709677419355,2.252275630788885,2.941487295696469,0.0076044161248522415,0.02394342723373113,0.013538460732667958,DGKK/ALOX12/NFE2L2/EDN1/ITPK1/MAPK14/GLA/CTSG/C1GALT1C1/VAV3/PIK3CA/AK3,12
GO:0021537,telencephalon development,13/404,280/18805,0.04642857142857143,2.1611120933521923,2.9004751360964622,0.00780281717572685,0.02455160619405451,0.013882346630555339,CTNNB1/HIF1A/FOS/HPRT1/EXT1/PAFAH1B1/POMGNT1/PTEN/ATIC/OGDH/LEF1/BAX/SLC38A2,13
GO:0008340,determination of adult lifespan,4/404,37/18805,0.10810810810810811,5.032111319240032,3.637637928553235,0.00791986559905797,0.024812014444490726,0.014029590667032573,TP53/GBA1/ZMPSTE24/SGSH,4
GO:0010614,negative regulation of cardiac muscle hypertrophy,4/404,37/18805,0.10810810810810811,5.032111319240032,3.637637928553235,0.00791986559905797,0.024812014444490726,0.014029590667032573,PPARA/FOXO1/PPARG/RGS2,4
GO:0021955,central nervous system neuron axonogenesis,4/404,37/18805,0.10810810810810811,5.032111319240032,3.637637928553235,0.00791986559905797,0.024812014444490726,0.014029590667032573,PAFAH1B1/NR4A2/PTEN/B4GALT6,4
GO:0071425,hematopoietic stem cell proliferation,4/404,37/18805,0.10810810810810811,5.032111319240032,3.637637928553235,0.00791986559905797,0.024812014444490726,0.014029590667032573,RUNX1/ACE/GBA1/CEBPA,4
GO:0002027,regulation of heart rate,7/404,106/18805,0.0660377358490566,3.073860452082944,3.172622228943928,0.00792267441147237,0.024812014444490726,0.014029590667032573,GCH1/ACE/ADA/EDN1/PRKACA/TNF/EPAS1,7
GO:0002312,B cell activation involved in immune response,7/404,106/18805,0.0660377358490566,3.073860452082944,3.172622228943928,0.00792267441147237,0.024812014444490726,0.014029590667032573,IL10/IL4/STAT6/PCYT1A/ADA/TBX21/TGFB1,7
GO:1905477,positive regulation of protein localization to membrane,7/404,106/18805,0.0660377358490566,3.073860452082944,3.172622228943928,0.00792267441147237,0.024812014444490726,0.014029590667032573,PRKN/IFNG/PRNP/TNF/SQSTM1/ITGAM/PIK3CA,7
GO:0006023,aminoglycan biosynthetic process,5/404,58/18805,0.08620689655172414,4.012674974393992,3.404830354762506,0.008048912547049362,0.02515688153890862,0.014224590721543917,NFKB1/EXT1/TGFB1/GCNT2/HEXA,5
GO:0010656,negative regulation of muscle cell apoptotic process,5/404,58/18805,0.08620689655172414,4.012674974393992,3.404830354762506,0.008048912547049362,0.02515688153890862,0.014224590721543917,IGF1/GCH1/ALOX12/NFE2L2/EDN1,5
GO:0098732,macromolecule deacylation,5/404,58/18805,0.08620689655172414,4.012674974393992,3.404830354762506,0.008048912547049362,0.02515688153890862,0.014224590721543917,SIRT2/IFNG/LYPLA1/PPT1/NNMT,5
GO:0051897,positive regulation of phosphatidylinositol 3-kinase/protein kinase B signal transduction,10/404,190/18805,0.05263157894736842,2.449843668577384,2.9761961304611284,0.008170205384195982,0.025518947037228543,0.014429315361997751,MTOR/IGF1/GATA3/IL18/TGFB1/GCNT2/TNF/VAV3/PIK3CA/VEGFA,10
GO:0044403,biological process involved in symbiotic interaction,11/404,220/18805,0.05,2.327351485148515,2.9343444261916,0.008225303049855798,0.02567391258628323,0.014516938365184095,POMC/CXCL8/PPARA/TRIM5/ICAM1/GAPDH/CTSG/CD74/ARG1/PIKFYVE/ANPEP,11
GO:0048738,cardiac muscle tissue development,12/404,251/18805,0.04780876494023904,2.2253560017356318,2.8958459700661843,0.008327645752412778,0.025976040914588026,0.01468777240949412,MTOR/RUNX1/IGF1/PPARA/RGS2/TGFB1/EDN1/MAPK14/GLI1/ZMPSTE24/ACADM/VEGFA,12
GO:0072175,epithelial tube formation,8/404,134/18805,0.05970149253731343,2.7789271464459877,3.0621175837073147,0.00844130147677864,0.026236890855365316,0.014835266193314548,CTNNB1/HIF1A/GATA3/MTHFD1/TGFB1/PRKACA/MTHFD1L/VEGFA,8
GO:0032640,tumor necrosis factor production,10/404,191/18805,0.05235602094240838,2.4370172619356176,2.957698526973926,0.008462191680533282,0.026236890855365316,0.014835266193314548,POMC/IL10/IL4/IL23A/LPL/STAT3/IGF1/IFNG/TGFB1/MIF,10
GO:0032680,regulation of tumor necrosis factor production,10/404,191/18805,0.05235602094240838,2.4370172619356176,2.957698526973926,0.008462191680533282,0.026236890855365316,0.014835266193314548,POMC/IL10/IL4/IL23A/LPL/STAT3/IGF1/IFNG/TGFB1/MIF,10
GO:0010876,lipid localization,19/404,482/18805,0.03941908713692946,1.8348414198266298,2.751213586245214,0.008482904391644133,0.026236890855365316,0.014835266193314548,POMC/NFKB1/LPL/PRKN/LPCAT3/PPARA/ACE/FASLG/PPARG/EDN1/SOAT1/TNF/LYPLA1/ACACB/PTGS2/CPT2/LCAT/MIF/SLC25A21,19
GO:0045088,regulation of innate immune response,19/404,482/18805,0.03941908713692946,1.8348414198266298,2.751213586245214,0.008482904391644133,0.026236890855365316,0.014835266193314548,SIRT2/IRF4/MAPK8/CD274/TRIM5/IRF3/SARM1/S100A8/IL12A/PPARG/TKFC/NFE2L2/TGFB1/TNF/SQSTM1/NAGK/PPT1/SPI1/ARG1,19
GO:0001934,positive regulation of protein phosphorylation,17/404,414/18805,0.04106280193236715,1.91135146123308,2.778295808770628,0.008506196129687954,0.026236890855365316,0.014835266193314548,CCND1/PRKAG2/MTOR/IGF1/TP53/MAPK1/IL12A/IFNG/IL18/PRNP/TGFB1/EDN1/TNF/CD74/TGFA/VEGFA/KRAS,17
GO:0002524,hypersensitivity,3/404,20/18805,0.15,6.982054455445544,3.966019556942795,0.008551365964392882,0.026236890855365316,0.014835266193314548,GATA3/EXT1/FCGR3B,3
GO:0003184,pulmonary valve morphogenesis,3/404,20/18805,0.15,6.982054455445544,3.966019556942795,0.008551365964392882,0.026236890855365316,0.014835266193314548,SMAD2/NFATC1/JAG1,3
GO:0007096,regulation of exit from mitosis,3/404,20/18805,0.15,6.982054455445544,3.966019556942795,0.008551365964392882,0.026236890855365316,0.014835266193314548,SIRT2/TGFB1/CDKN1B,3
GO:0010522,regulation of calcium ion transport into cytosol,3/404,20/18805,0.15,6.982054455445544,3.966019556942795,0.008551365964392882,0.026236890855365316,0.014835266193314548,BCL2/PML/BAX,3
GO:0043011,myeloid dendritic cell differentiation,3/404,20/18805,0.15,6.982054455445544,3.966019556942795,0.008551365964392882,0.026236890855365316,0.014835266193314548,IRF4/IL4/TGFB1,3
GO:0043129,surfactant homeostasis,3/404,20/18805,0.15,6.982054455445544,3.966019556942795,0.008551365964392882,0.026236890855365316,0.014835266193314548,TGFB1/EPAS1/VEGFA,3
GO:0043651,linoleic acid metabolic process,3/404,20/18805,0.15,6.982054455445544,3.966019556942795,0.008551365964392882,0.026236890855365316,0.014835266193314548,ALOX12/ALOX15/ALOX15B,3
GO:0048643,positive regulation of skeletal muscle tissue development,3/404,20/18805,0.15,6.982054455445544,3.966019556942795,0.008551365964392882,0.026236890855365316,0.014835266193314548,CTNNB1/MTM1/BCL2,3
GO:0060149,negative regulation of post-transcriptional gene silencing,3/404,20/18805,0.15,6.982054455445544,3.966019556942795,0.008551365964392882,0.026236890855365316,0.014835266193314548,STAT3/TP53/ZMPSTE24,3
GO:0060967,negative regulation of gene silencing by regulatory ncRNA,3/404,20/18805,0.15,6.982054455445544,3.966019556942795,0.008551365964392882,0.026236890855365316,0.014835266193314548,STAT3/TP53/ZMPSTE24,3
GO:0061298,retina vasculature development in camera-type eye,3/404,20/18805,0.15,6.982054455445544,3.966019556942795,0.008551365964392882,0.026236890855365316,0.014835266193314548,HIF1A/CYP1B1/TGFB1,3
GO:0070886,positive regulation of calcineurin-NFAT signaling cascade,3/404,20/18805,0.15,6.982054455445544,3.966019556942795,0.008551365964392882,0.026236890855365316,0.014835266193314548,IGF1/TNF/PPP3CA,3
GO:0098761,cellular response to interleukin-7,3/404,20/18805,0.15,6.982054455445544,3.966019556942795,0.008551365964392882,0.026236890855365316,0.014835266193314548,STAT5A/STAT1/ATIC,3
GO:0106058,positive regulation of calcineurin-mediated signaling,3/404,20/18805,0.15,6.982054455445544,3.966019556942795,0.008551365964392882,0.026236890855365316,0.014835266193314548,IGF1/TNF/PPP3CA,3
GO:1900221,regulation of amyloid-beta clearance,3/404,20/18805,0.15,6.982054455445544,3.966019556942795,0.008551365964392882,0.026236890855365316,0.014835266193314548,IL4/IFNG/TNF,3
GO:1900369,negative regulation of post-transcriptional gene silencing by regulatory ncRNA,3/404,20/18805,0.15,6.982054455445544,3.966019556942795,0.008551365964392882,0.026236890855365316,0.014835266193314548,STAT3/TP53/ZMPSTE24,3
GO:1901739,regulation of myoblast fusion,3/404,20/18805,0.15,6.982054455445544,3.966019556942795,0.008551365964392882,0.026236890855365316,0.014835266193314548,CXCL10/IL4R/MAPK14,3
GO:2000318,positive regulation of T-helper 17 type immune response,3/404,20/18805,0.15,6.982054455445544,3.966019556942795,0.008551365964392882,0.026236890855365316,0.014835266193314548,IL23R/IL23A/IL12RB1,3
GO:2000679,positive regulation of transcription regulatory region DNA binding,3/404,20/18805,0.15,6.982054455445544,3.966019556942795,0.008551365964392882,0.026236890855365316,0.014835266193314548,IGF1/GATA3/IFNG,3
GO:0001913,T cell mediated cytotoxicity,5/404,59/18805,0.0847457627118644,3.944663534150025,3.356622248288074,0.00864295619840815,0.02646587372200586,0.014964741206152283,IL23R/IL23A/IL12A/HPRT1/IL12RB1,5
GO:0042158,lipoprotein biosynthetic process,5/404,59/18805,0.0847457627118644,3.944663534150025,3.356622248288074,0.00864295619840815,0.02646587372200586,0.014964741206152283,GBA1/GLUL/PIK3C3/UGCG/LCAT,5
GO:0046902,regulation of mitochondrial membrane permeability,5/404,59/18805,0.0847457627118644,3.944663534150025,3.356622248288074,0.00864295619840815,0.02646587372200586,0.014964741206152283,TP53/BNIP3L/BCL2/BID/BAX,5
GO:0001916,positive regulation of T cell mediated cytotoxicity,4/404,38/18805,0.10526315789473684,4.899687337154768,3.5654902297312923,0.008704553984822411,0.02656761522616593,0.01502226945160802,IL23R/IL23A/IL12A/IL12RB1,4
GO:0001990,regulation of systemic arterial blood pressure by hormone,4/404,38/18805,0.10526315789473684,4.899687337154768,3.5654902297312923,0.008704553984822411,0.02656761522616593,0.01502226945160802,ACE/EDN1/CTSG/ENPEP,4
GO:0055023,positive regulation of cardiac muscle tissue growth,4/404,38/18805,0.10526315789473684,4.899687337154768,3.5654902297312923,0.008704553984822411,0.02656761522616593,0.01502226945160802,IGF1/EDN1/MAPK14/GLI1,4
GO:0070306,lens fiber cell differentiation,4/404,38/18805,0.10526315789473684,4.899687337154768,3.5654902297312923,0.008704553984822411,0.02656761522616593,0.01502226945160802,ATF4/TGFB1/CDKN1B/PLAAT3,4
GO:1902229,regulation of intrinsic apoptotic signaling pathway in response to DNA damage,4/404,38/18805,0.10526315789473684,4.899687337154768,3.5654902297312923,0.008704553984822411,0.02656761522616593,0.01502226945160802,BCL2/BID/CD74/MIF,4
GO:0001938,positive regulation of endothelial cell proliferation,7/404,108/18805,0.06481481481481481,3.0169371103777043,3.1146794799460893,0.008742975800777802,0.026667500129799133,0.015078747909450489,IL10/STAT3/HIF1A/STAT5A/HMOX1/SP1/VEGFA,7
GO:0061333,renal tubule morphogenesis,6/404,83/18805,0.07228915662650602,3.364845520696648,3.199342928500618,0.008913872159860548,0.027171060841449927,0.015363478948772807,CTNNB1/GATA3/BCL2/TGFB1/MYC/VEGFA,6
GO:0042476,odontogenesis,8/404,136/18805,0.058823529411764705,2.7380605707629586,3.0141782025991195,0.009191107313232421,0.027997894886502405,0.015831000166270277,CTNNB1/PPARA/TGFB1/EDN1/CSF3R/LEF1/PRKCB/BAX,8
GO:1903018,regulation of glycoprotein metabolic process,5/404,60/18805,0.08333333333333333,3.8789191419141913,3.3094624764004297,0.009266639518405943,0.02820962693444514,0.01595072095598587,CTNNB1/IGF1/BCL2/POMT1/SOAT1,5
GO:0008344,adult locomotory behavior,6/404,84/18805,0.07142857142857142,3.3247878359264496,3.1641243077818526,0.009430675211550735,0.028690332255023095,0.016222528748709074,PRKN/PAFAH1B1/NR4A2/HEXA/PPT1/ZMPSTE24,6
GO:0006516,glycoprotein catabolic process,4/404,39/18805,0.10256410256410256,4.7740543285097745,3.495825019931131,0.009538342961050808,0.028905192067080834,0.016344018086896808,HEXA/GLB1/SGSH/IDUA,4
GO:0014741,negative regulation of muscle hypertrophy,4/404,39/18805,0.10256410256410256,4.7740543285097745,3.495825019931131,0.009538342961050808,0.028905192067080834,0.016344018086896808,PPARA/FOXO1/PPARG/RGS2,4
GO:0032350,regulation of hormone metabolic process,4/404,39/18805,0.10256410256410256,4.7740543285097745,3.495825019931131,0.009538342961050808,0.028905192067080834,0.016344018086896808,NFKB1/HIF1A/GATA3/ZMPSTE24,4
GO:0033280,response to vitamin D,4/404,39/18805,0.10256410256410256,4.7740543285097745,3.495825019931131,0.009538342961050808,0.028905192067080834,0.016344018086896808,CXCL10/TGFB1/PTGS2/PRKCB,4
GO:0045823,positive regulation of heart contraction,4/404,39/18805,0.10256410256410256,4.7740543285097745,3.495825019931131,0.009538342961050808,0.028905192067080834,0.016344018086896808,GCH1/RGS2/ADA/EDN1,4
GO:0140448,signaling receptor ligand precursor processing,4/404,39/18805,0.10256410256410256,4.7740543285097745,3.495825019931131,0.009538342961050808,0.028905192067080834,0.016344018086896808,ACE/MME/CTSG/ENPEP,4
GO:0048863,stem cell differentiation,12/404,256/18805,0.046875,2.181892017326733,2.8211918630082518,0.00965143430844393,0.0292289879897377,0.016527103755522903,CTNNB1/STAT3/HIF1A/TP53/ACE/MAPK1/BCL2/EXT1/NFE2L2/JAG1/EDN1/MAPK14,12
GO:0051091,positive regulation of DNA-binding transcription factor activity,10/404,195/18805,0.05128205128205128,2.3870271642548873,2.884856245828845,0.009711035815217935,0.02939047814276042,0.016618416000594095,PPARGC1A/IL10/TRIM5/S100A8/IL18/EDN1/PTEN/TNF/RPS6KA5/CARD16,10
GO:0002523,leukocyte migration involved in inflammatory response,3/404,21/18805,0.14285714285714285,6.649575671852899,3.8381905232513938,0.009819926105306239,0.029529154800927302,0.0166968286886693,S100A8/ALOX5/TNF,3
GO:0032495,response to muramyl dipeptide,3/404,21/18805,0.14285714285714285,6.649575671852899,3.8381905232513938,0.009819926105306239,0.029529154800927302,0.0166968286886693,JAG1/MAPK14/NAGK,3
GO:0033033,negative regulation of myeloid cell apoptotic process,3/404,21/18805,0.14285714285714285,6.649575671852899,3.8381905232513938,0.009819926105306239,0.029529154800927302,0.0166968286886693,BCL2/ST6GAL1/MIF,3
GO:0038166,angiotensin-activated signaling pathway,3/404,21/18805,0.14285714285714285,6.649575671852899,3.8381905232513938,0.009819926105306239,0.029529154800927302,0.0166968286886693,ACE/AHCYL1/PPP3CA,3
GO:0042359,vitamin D metabolic process,3/404,21/18805,0.14285714285714285,6.649575671852899,3.8381905232513938,0.009819926105306239,0.029529154800927302,0.0166968286886693,NFKB1/IFNG/TNF,3
GO:0045623,negative regulation of T-helper cell differentiation,3/404,21/18805,0.14285714285714285,6.649575671852899,3.8381905232513938,0.009819926105306239,0.029529154800927302,0.0166968286886693,STAT5A/TBX21/IL4R,3
GO:0090200,positive regulation of release of cytochrome c from mitochondria,3/404,21/18805,0.14285714285714285,6.649575671852899,3.8381905232513938,0.009819926105306239,0.029529154800927302,0.0166968286886693,TP53/BID/BAX,3
GO:0090713,immunological memory process,3/404,21/18805,0.14285714285714285,6.649575671852899,3.8381905232513938,0.009819926105306239,0.029529154800927302,0.0166968286886693,IL23R/IL23A/IL12RB1,3
GO:0098760,response to interleukin-7,3/404,21/18805,0.14285714285714285,6.649575671852899,3.8381905232513938,0.009819926105306239,0.029529154800927302,0.0166968286886693,STAT5A/STAT1/ATIC,3
GO:2000269,regulation of fibroblast apoptotic process,3/404,21/18805,0.14285714285714285,6.649575671852899,3.8381905232513938,0.009819926105306239,0.029529154800927302,0.0166968286886693,TP53/BID/PIK3CA,3
GO:0001658,branching involved in ureteric bud morphogenesis,5/404,61/18805,0.08196721311475409,3.8153303035221553,3.2633092038755787,0.009920647874272994,0.02979376096686732,0.01684644637506943,CTNNB1/BCL2/TGFB1/MYC/VEGFA,5
GO:1902930,regulation of alcohol biosynthetic process,5/404,61/18805,0.08196721311475409,3.8153303035221553,3.2633092038755787,0.009920647874272994,0.02979376096686732,0.01684644637506943,NFKB1/LPCAT3/GNAI1/MAPK1/PRKACA,5
GO:0051607,defense response to virus,14/404,321/18805,0.04361370716510903,2.0300885228709786,2.758189975822126,0.009929394447822919,0.02980091333635058,0.01685049057778316,IL23R/IL23A/STAT1/BNIP3L/CXCL10/TRIM5/IRF3/BCL2/IFNG/IL12RB1/TNF/PML/IRF9/ZMPSTE24,14
GO:0002720,positive regulation of cytokine production involved in immune response,6/404,85/18805,0.07058823529411765,3.2856726849155504,3.1294330876100815,0.009968504938104354,0.029899128840617926,0.016906025098170845,IL4/GATA3/IL18/TBX21/CD74/MIF,6
GO:0002526,acute inflammatory response,7/404,111/18805,0.06306306306306306,2.935398269556685,3.0302315090436482,0.010088013579150004,0.030199539371854423,0.017075887839253102,B4GALT1/GATA3/CEBPB/EXT1/TNF/PTGS2/FCGR3B,7
GO:0032611,interleukin-1 beta production,7/404,111/18805,0.06306306306306306,2.935398269556685,3.0302315090436482,0.010088013579150004,0.030199539371854423,0.017075887839253102,LPL/STAT3/IGF1/IFNG/TNF/PML/CARD16,7
GO:0032651,regulation of interleukin-1 beta production,7/404,111/18805,0.06306306306306306,2.935398269556685,3.0302315090436482,0.010088013579150004,0.030199539371854423,0.017075887839253102,LPL/STAT3/IGF1/IFNG/TNF/PML/CARD16,7
GO:0030336,negative regulation of cell migration,16/404,388/18805,0.041237113402061855,1.9194651423905276,2.711669643739804,0.010119083479076406,0.03027319415273849,0.017117534857828933,IL4/STAT3/HMOX1/BCL2/CYP1B1/PPARG/ADA/MITF/NFE2L2/TGFB1/JAG1/PTEN/TNF/CD74/MIF/ALOX15B,16
GO:0006606,protein import into nucleus,9/404,167/18805,0.05389221556886228,2.508522558842711,2.901385806339079,0.010208427852392234,0.030520982889463883,0.017257643374851427,STAT3/TP53/IFNG/TGFB1/SQSTM1/MAPK14/PML/PTGS2/PPP3CA,9
GO:0032885,regulation of polysaccharide biosynthetic process,4/404,40/18805,0.1,4.65470297029703,3.428490012219264,0.010422360991826045,0.031061422128408366,0.017563226838046505,NFKB1/IGF1/TGFB1/ENPP1,4
GO:0048873,homeostasis of number of cells within a tissue,4/404,40/18805,0.1,4.65470297029703,3.428490012219264,0.010422360991826045,0.031061422128408366,0.017563226838046505,BCL2/VEGFA/BAX/KRAS,4
GO:0051702,biological process involved in interaction with symbiont,4/404,40/18805,0.1,4.65470297029703,3.428490012219264,0.010422360991826045,0.031061422128408366,0.017563226838046505,POMC/GAPDH/CTSG/ARG1,4
GO:0070873,regulation of glycogen metabolic process,4/404,40/18805,0.1,4.65470297029703,3.428490012219264,0.010422360991826045,0.031061422128408366,0.017563226838046505,POMC/IGF1/KHK/ENPP1,4
GO:1903524,positive regulation of blood circulation,4/404,40/18805,0.1,4.65470297029703,3.428490012219264,0.010422360991826045,0.031061422128408366,0.017563226838046505,GCH1/RGS2/ADA/EDN1,4
GO:0045927,positive regulation of growth,12/404,259/18805,0.04633204633204633,2.156619136817157,2.77721958407679,0.01052081513865505,0.03133489597912401,0.01771785862710423,MTOR/PRKN/IGF1/MTM1/S100A8/BCL2/EDN1/PAFAH1B1/MAPK14/ACACB/GLI1/VEGFA,12
GO:0014013,regulation of gliogenesis,7/404,112/18805,0.0625,2.9091893564356437,3.0027114777288424,0.010568147809453721,0.0314358755043598,0.017774956022721937,CTNNB1/SIRT2/MTOR/TP53/TGFB1/TNF/KRAS,7
GO:0032204,regulation of telomere maintenance,7/404,112/18805,0.0625,2.9091893564356437,3.0027114777288424,0.010568147809453721,0.0314358755043598,0.017774956022721937,CTNNB1/PTGES3/GCH1/TP53/MAPK1/PML/MYC,7
GO:0007004,telomere maintenance via telomerase,5/404,62/18805,0.08064516129032258,3.7537927179814754,3.2181229348529374,0.010605652835478107,0.03148742332004344,0.017804102981161727,CTNNB1/PTGES3/GCH1/TP53/PML,5
GO:0046173,polyol biosynthetic process,5/404,62/18805,0.08064516129032258,3.7537927179814754,3.2181229348529374,0.010605652835478107,0.03148742332004344,0.017804102981161727,GCH1/ACER3/IMPA1/GBA1/IPMK,5
GO:0051785,positive regulation of nuclear division,5/404,62/18805,0.08064516129032258,3.7537927179814754,3.2181229348529374,0.010605652835478107,0.03148742332004344,0.017804102981161727,SIRT2/IGF1/EDN1/TNF/TGFA,5
GO:0018108,peptidyl-tyrosine phosphorylation,10/404,198/18805,0.050505050505050504,2.3508600860086006,2.8313911951794157,0.010736461856625764,0.03185558581287822,0.018012275077989328,MTOR/IGF1/TP53/IL12A/IFNG/IL18/PRNP/TGFB1/TGFA/VEGFA,10
GO:0030168,platelet activation,8/404,140/18805,0.05714285714285714,2.6598302687411595,2.9208468901545532,0.010838327915527503,0.03213746124160846,0.0181716574164539,DGKK/ALOX12/MAPK14/GLA/CTSG/C1GALT1C1/VAV3/PIK3CA,8
GO:0043473,pigmentation,7/404,113/18805,0.061946902654867256,2.8834443178831157,2.975494911976794,0.011064685216905831,0.03278788366174247,0.018539429260838222,POMC/BCL2/DCT/MITF/ENPP1/PIKFYVE/BAX,7
GO:0018212,peptidyl-tyrosine modification,10/404,199/18805,0.05025125628140704,2.339046718742226,2.8137846147117473,0.011095919020766986,0.03285964127465593,0.018580003553533054,MTOR/IGF1/TP53/IL12A/IFNG/IL18/PRNP/TGFB1/TGFA/VEGFA,10
GO:0019400,alditol metabolic process,3/404,22/18805,0.13636363636363635,6.347322232223221,3.7184359741408084,0.011192087077910636,0.03303994432457604,0.01868195327599738,TKFC/TPI1/SORD,3
GO:0071498,cellular response to fluid shear stress,3/404,22/18805,0.13636363636363635,6.347322232223221,3.7184359741408084,0.011192087077910636,0.03303994432457604,0.01868195327599738,KLF2/NFE2L2/PTGS2,3
GO:0072111,cell proliferation involved in kidney development,3/404,22/18805,0.13636363636363635,6.347322232223221,3.7184359741408084,0.011192087077910636,0.03303994432457604,0.01868195327599738,STAT1/GATA3/MYC,3
GO:0090205,positive regulation of cholesterol metabolic process,3/404,22/18805,0.13636363636363635,6.347322232223221,3.7184359741408084,0.011192087077910636,0.03303994432457604,0.01868195327599738,GNAI1/MAPK1/PRKACA,3
GO:1902004,positive regulation of amyloid-beta formation,3/404,22/18805,0.13636363636363635,6.347322232223221,3.7184359741408084,0.011192087077910636,0.03303994432457604,0.01868195327599738,IFNG/SP1/TNF,3
GO:0030183,B cell differentiation,8/404,141/18805,0.05673758865248227,2.6409662242820025,2.898023659414186,0.011282203109065816,0.03328498737028743,0.018820509282194493,IL10/IL4/TP53/BCL2/ADA/IL4I1/SPI1/BAX,8
GO:0006940,regulation of smooth muscle contraction,5/404,63/18805,0.07936507936507936,3.694208706584944,3.173866346338162,0.011322311489207704,0.033382281103570825,0.018875522600661127,ABAT/RGS2/ADA/EDN1/PTGS2,5
GO:0032814,regulation of natural killer cell activation,4/404,41/18805,0.0975609756097561,4.541173629558078,3.3633458583559857,0.01135768429413193,0.033402435844928205,0.018886918804378344,IL23R/IL23A/IL12A/IL18,4
GO:0033028,myeloid cell apoptotic process,4/404,41/18805,0.0975609756097561,4.541173629558078,3.3633458583559857,0.01135768429413193,0.033402435844928205,0.018886918804378344,IRF3/BCL2/ST6GAL1/MIF,4
GO:0042307,positive regulation of protein import into nucleus,4/404,41/18805,0.0975609756097561,4.541173629558078,3.3633458583559857,0.01135768429413193,0.033402435844928205,0.018886918804378344,IFNG/TGFB1/MAPK14/PTGS2,4
GO:0070302,regulation of stress-activated protein kinase signaling cascade,4/404,41/18805,0.0975609756097561,4.541173629558078,3.3633458583559857,0.01135768429413193,0.033402435844928205,0.018886918804378344,MAPK1/FOXO1/MYC/ZMPSTE24,4
GO:0018105,peptidyl-serine phosphorylation,8/404,142/18805,0.056338028169014086,2.622367870589876,2.8753973772632873,0.01173935599538448,0.03450324216596995,0.019509353638214537,MAPK8/MAPK1/IFNG/PRKACA/PTEN/TNF/MAPK14/PIKFYVE,8
GO:0009060,aerobic respiration,10/404,201/18805,0.04975124378109453,2.3157726220383235,2.7788864427799864,0.011842135044785216,0.03478348574635155,0.01966781327189779,HIF1A/ADSL/COX10/DLAT/DLD/PDHA1/CS/BID/TNF/OGDH,10
GO:0045620,negative regulation of lymphocyte differentiation,5/404,64/18805,0.078125,3.6364866955445545,3.1305041360013384,0.012071265791226542,0.03543427362665998,0.02003579176039251,RUNX1/STAT5A/TBX21/IL4R/CD74,5
GO:0034763,negative regulation of transmembrane transport,8/404,143/18805,0.055944055944055944,2.604029633732604,2.8529647435579735,0.012210010061148326,0.03581904062976891,0.020253352634697006,ACE/BCL2/RGS2/TGFB1/TNF/ENPP1/PPP3CA/PRKCB,8
GO:0051170,import into nucleus,9/404,172/18805,0.05232558139534884,2.4356003914344924,2.8025378756571535,0.012217643717586704,0.03581904062976891,0.020253352634697006,STAT3/TP53/IFNG/TGFB1/SQSTM1/MAPK14/PML/PTGS2/PPP3CA,9
GO:0071354,cellular response to interleukin-6,4/404,42/18805,0.09523809523809523,4.433050447901933,3.30026476256814,0.012345336127521409,0.036148132425925725,0.02043943277753619,NFKB1/STAT3/CEBPA/SPI1,4
GO:1904706,negative regulation of vascular associated smooth muscle cell proliferation,4/404,42/18805,0.09523809523809523,4.433050447901933,3.30026476256814,0.012345336127521409,0.036148132425925725,0.02043943277753619,IL10/PPARG/PTEN/CDKN1B,4
GO:0000422,autophagy of mitochondrion,7/404,116/18805,0.0603448275862069,2.808872482075794,2.8956029189171373,0.01265573297637646,0.03684309513434646,0.02083238927648584,PRKN/HIF1A/TP53/BNIP3L/GBA1/CTSK/SQSTM1,7
GO:0070555,response to interleukin-1,7/404,116/18805,0.0603448275862069,2.808872482075794,2.8956029189171373,0.01265573297637646,0.03684309513434646,0.02083238927648584,KLF2/NFKB1/CXCL8/HIF1A/EDN1/RPS6KA5/KMO,7
GO:0010888,negative regulation of lipid storage,3/404,23/18805,0.13043478260869565,6.07135170038743,3.6058845781925792,0.012669240317449338,0.03684309513434646,0.02083238927648584,PPARA/PPARG/TNF,3
GO:0032891,negative regulation of organic acid transport,3/404,23/18805,0.13043478260869565,6.07135170038743,3.6058845781925792,0.012669240317449338,0.03684309513434646,0.02083238927648584,ABAT/RGS2/TNF,3
GO:0034105,positive regulation of tissue remodeling,3/404,23/18805,0.13043478260869565,6.07135170038743,3.6058845781925792,0.012669240317449338,0.03684309513434646,0.02083238927648584,IL23A/IL18/PPP3CA,3
GO:0034312,diol biosynthetic process,3/404,23/18805,0.13043478260869565,6.07135170038743,3.6058845781925792,0.012669240317449338,0.03684309513434646,0.02083238927648584,GCH1/ACER3/GBA1,3
GO:0045723,positive regulation of fatty acid biosynthetic process,3/404,23/18805,0.13043478260869565,6.07135170038743,3.6058845781925792,0.012669240317449338,0.03684309513434646,0.02083238927648584,SIRT2/PTGS2/CD74,3
GO:0050999,regulation of nitric-oxide synthase activity,3/404,23/18805,0.13043478260869565,6.07135170038743,3.6058845781925792,0.012669240317449338,0.03684309513434646,0.02083238927648584,HIF1A/GCH1/GLA,3
GO:0051354,negative regulation of oxidoreductase activity,3/404,23/18805,0.13043478260869565,6.07135170038743,3.6058845781925792,0.012669240317449338,0.03684309513434646,0.02083238927648584,NFKB1/PRKN/GLA,3
GO:0060143,positive regulation of syncytium formation by plasma membrane fusion,3/404,23/18805,0.13043478260869565,6.07135170038743,3.6058845781925792,0.012669240317449338,0.03684309513434646,0.02083238927648584,RAPGEF3/IL4R/MAPK14,3
GO:2000272,negative regulation of signaling receptor activity,3/404,23/18805,0.13043478260869565,6.07135170038743,3.6058845781925792,0.012669240317449338,0.03684309513434646,0.02083238927648584,PPARA/PPARG/TNF,3
GO:0002707,negative regulation of lymphocyte mediated immunity,5/404,65/18805,0.07692307692307693,3.5805407463823307,3.0880028828402146,0.012853141951951067,0.03733152023513331,0.021108562106018632,CD274/TBX21/TGFB1/IL4I1/ARG1,5
GO:2001244,positive regulation of intrinsic apoptotic signaling pathway,5/404,65/18805,0.07692307692307693,3.5805407463823307,3.0880028828402146,0.012853141951951067,0.03733152023513331,0.021108562106018632,TP53/S100A8/BID/MYC/BAX,5
GO:0051090,regulation of DNA-binding transcription factor activity,14/404,332/18805,0.04216867469879518,1.9628265537397114,2.6226689645192103,0.013032159562389702,0.03782800438382429,0.021389291806317164,PPARGC1A/IL10/TRIM5/S100A8/CYP1B1/IL18/PRNP/EDN1/PTEN/TNF/RPS6KA5/CARD16/SPI1/ENPP1,14
GO:0055002,striated muscle cell development,9/404,174/18805,0.05172413793103448,2.4076049846363947,2.7639642947703527,0.013098845928375858,0.03799801526434682,0.021485421972128927,MTOR/IGF1/PPARA/BCL2/RGS2/EDN1/ZMPSTE24/VEGFA/PPP3CA,9
GO:0046640,regulation of alpha-beta T cell proliferation,4/404,43/18805,0.09302325581395349,4.329956251439097,3.2391292729940004,0.013386286232398155,0.03880779699076667,0.021943301205462843,IL23A/CD274/IL2RA/IL18,4
GO:0016064,immunoglobulin mediated immune response,10/404,205/18805,0.04878048780487805,2.270586814779039,2.710315780934513,0.01344764026804739,0.038961541915221456,0.022030234024322033,IL10/IL4/STAT6/PCYT1A/TBX21/IL4R/TGFB1/TNF/CD74/FCGR3B,10
GO:0060041,retina development in camera-type eye,9/404,175/18805,0.05142857142857143,2.393847241867044,2.744876873106772,0.013556747079260072,0.039229103723792125,0.02218152293561843,STAT3/HIF1A/FOS/RDH13/CYP1B1/TGFB1/THRB/PER2/BAX,9
GO:1903169,regulation of calcium ion transmembrane transport,9/404,175/18805,0.05142857142857143,2.393847241867044,2.744876873106772,0.013556747079260072,0.039229103723792125,0.02218152293561843,CXCL10/BCL2/PRNP/TGFB1/PRKACA/PML/ATP2A1/PPP3CA/BAX,9
GO:0008306,associative learning,6/404,91/18805,0.06593406593406594,3.069034925470569,2.931570186758866,0.013661240429846747,0.03935802609644454,0.022254420205615688,HIF1A/FOS/RAPGEF3/PPT1/B4GALT2/KRAS,6
GO:0034644,cellular response to UV,6/404,91/18805,0.06593406593406594,3.069034925470569,2.931570186758866,0.013661240429846747,0.03935802609644454,0.022254420205615688,ATF4/TP53/MME/MAPK14/MYC/BAX,6
GO:0048708,astrocyte differentiation,6/404,91/18805,0.06593406593406594,3.069034925470569,2.931570186758866,0.013661240429846747,0.03935802609644454,0.022254420205615688,STAT3/MAPK1/S100A8/IFNG/TNF/KRAS,6
GO:0051591,response to cAMP,6/404,91/18805,0.06593406593406594,3.069034925470569,2.931570186758866,0.013661240429846747,0.03935802609644454,0.022254420205615688,STAT1/FOS/RAPGEF3/FBP1/CYP1B1/PFKFB1,6
GO:0001655,urogenital system development,5/404,66/18805,0.07575757575757576,3.5262901290129016,3.046330919440965,0.013668549857500815,0.03935802609644454,0.022254420205615688,CTNNB1/GLI1/CDKN1B/CYP7B1/ALOX15B,5
GO:0001885,endothelial cell development,5/404,66/18805,0.07575757575757576,3.5262901290129016,3.046330919440965,0.013668549857500815,0.03935802609644454,0.022254420205615688,RAPGEF3/ICAM1/TNF/FASN/VEGFA,5
GO:0045744,negative regulation of G protein-coupled receptor signaling pathway,5/404,66/18805,0.07575757575757576,3.5262901290129016,3.046330919440965,0.013668549857500815,0.03935802609644454,0.022254420205615688,CXCL8/RGS2/ADA/INPP5A/PPP3CA,5
GO:1901224,positive regulation of non-canonical NF-kappaB signal transduction,5/404,66/18805,0.07575757575757576,3.5262901290129016,3.046330919440965,0.013668549857500815,0.03935802609644454,0.022254420205615688,IL23A/IL18/EDN1/TNF/NR3C2,5
GO:0010959,regulation of metal ion transport,16/404,403/18805,0.03970223325062035,1.8480210303908804,2.549891631644761,0.014091573142574794,0.040551164999099686,0.022929063147268537,CTNNB1/ATF4/ACE/CXCL10/BCL2/IFNG/TRPC6/PRNP/TGFB1/PRKACA/AHCYL1/PML/PTGS2/ATP2A1/PPP3CA/BAX,16
GO:0002320,lymphoid progenitor cell differentiation,3/404,24/18805,0.125,5.818378712871287,3.499792427707028,0.014252533680920677,0.040590244947731516,0.022951160332638946,GATA3/BCL2/SPI1,3
GO:0003081,regulation of systemic arterial blood pressure by renin-angiotensin,3/404,24/18805,0.125,5.818378712871287,3.499792427707028,0.014252533680920677,0.040590244947731516,0.022951160332638946,ACE/CTSG/ENPEP,3
GO:0003177,pulmonary valve development,3/404,24/18805,0.125,5.818378712871287,3.499792427707028,0.014252533680920677,0.040590244947731516,0.022951160332638946,SMAD2/NFATC1/JAG1,3
GO:0014059,regulation of dopamine secretion,3/404,24/18805,0.125,5.818378712871287,3.499792427707028,0.014252533680920677,0.040590244947731516,0.022951160332638946,PRKN/ABAT/PRKCB,3
GO:0030318,melanocyte differentiation,3/404,24/18805,0.125,5.818378712871287,3.499792427707028,0.014252533680920677,0.040590244947731516,0.022951160332638946,BCL2/MITF/ENPP1,3
GO:0034114,regulation of heterotypic cell-cell adhesion,3/404,24/18805,0.125,5.818378712871287,3.499792427707028,0.014252533680920677,0.040590244947731516,0.022951160332638946,IL10/GCNT2/TNF,3
GO:0042531,positive regulation of tyrosine phosphorylation of STAT protein,3/404,24/18805,0.125,5.818378712871287,3.499792427707028,0.014252533680920677,0.040590244947731516,0.022951160332638946,IL12A/IFNG/IL18,3
GO:0043153,entrainment of circadian clock by photoperiod,3/404,24/18805,0.125,5.818378712871287,3.499792427707028,0.014252533680920677,0.040590244947731516,0.022951160332638946,TP53/PML/PER2,3
GO:0045591,positive regulation of regulatory T cell differentiation,3/404,24/18805,0.125,5.818378712871287,3.499792427707028,0.014252533680920677,0.040590244947731516,0.022951160332638946,IFNG/TGFB1/IL4I1,3
GO:0045844,positive regulation of striated muscle tissue development,3/404,24/18805,0.125,5.818378712871287,3.499792427707028,0.014252533680920677,0.040590244947731516,0.022951160332638946,CTNNB1/MTM1/BCL2,3
GO:0048015,phosphatidylinositol-mediated signaling,3/404,24/18805,0.125,5.818378712871287,3.499792427707028,0.014252533680920677,0.040590244947731516,0.022951160332638946,PIK3C2A/PIK3C3/PIK3CA,3
GO:0048636,positive regulation of muscle organ development,3/404,24/18805,0.125,5.818378712871287,3.499792427707028,0.014252533680920677,0.040590244947731516,0.022951160332638946,CTNNB1/MTM1/BCL2,3
GO:0061318,renal filtration cell differentiation,3/404,24/18805,0.125,5.818378712871287,3.499792427707028,0.014252533680920677,0.040590244947731516,0.022951160332638946,EXT1/JAG1/EDN1,3
GO:0072112,podocyte differentiation,3/404,24/18805,0.125,5.818378712871287,3.499792427707028,0.014252533680920677,0.040590244947731516,0.022951160332638946,EXT1/JAG1/EDN1,3
GO:0098856,intestinal lipid absorption,3/404,24/18805,0.125,5.818378712871287,3.499792427707028,0.014252533680920677,0.040590244947731516,0.022951160332638946,LPCAT3/CEL/UGCG,3
GO:0141156,cAMP/PKA signal transduction,3/404,24/18805,0.125,5.818378712871287,3.499792427707028,0.014252533680920677,0.040590244947731516,0.022951160332638946,EDN1/PRKACA/MIF,3
GO:1901863,positive regulation of muscle tissue development,3/404,24/18805,0.125,5.818378712871287,3.499792427707028,0.014252533680920677,0.040590244947731516,0.022951160332638946,CTNNB1/MTM1/BCL2,3
GO:0002088,lens development in camera-type eye,6/404,92/18805,0.06521739130434782,3.035675850193715,2.900186459310671,0.014358240873322946,0.04084160617794534,0.023093288863853177,CTNNB1/ATF4/GATA3/TGFB1/CDKN1B/PLAAT3,6
GO:0071230,cellular response to amino acid stimulus,6/404,92/18805,0.06521739130434782,3.035675850193715,2.900186459310671,0.014358240873322946,0.04084160617794534,0.023093288863853177,MTOR/SESN3/CEBPB/NFE2L2/TNF/PTGS2,6
GO:0031640,killing of cells of another organism,7/404,119/18805,0.058823529411764705,2.7380605707629586,2.8182226887361663,0.014405171929484652,0.040925373163742194,0.0231406536807958,POMC/CXCL8/CXCL1/CXCL10/GAPDH/CTSG/ARG1,7
GO:0141061,disruption of cell in another organism,7/404,119/18805,0.058823529411764705,2.7380605707629586,2.8182226887361663,0.014405171929484652,0.040925373163742194,0.0231406536807958,POMC/CXCL8/CXCL1/CXCL10/GAPDH/CTSG/ARG1,7
GO:0014002,astrocyte development,4/404,44/18805,0.09090909090909091,4.231548154815481,3.179831224470802,0.014481450408001926,0.04102212575985839,0.02319536102116591,S100A8/IFNG/TNF/KRAS,4
GO:0032735,positive regulation of interleukin-12 production,4/404,44/18805,0.09090909090909091,4.231548154815481,3.179831224470802,0.014481450408001926,0.04102212575985839,0.02319536102116591,IL23R/IL23A/IFNG/MAPK14,4
GO:0035794,positive regulation of mitochondrial membrane permeability,4/404,44/18805,0.09090909090909091,4.231548154815481,3.179831224470802,0.014481450408001926,0.04102212575985839,0.02319536102116591,TP53/BNIP3L/BID/BAX,4
GO:0051938,L-glutamate import,4/404,44/18805,0.09090909090909091,4.231548154815481,3.179831224470802,0.014481450408001926,0.04102212575985839,0.02319536102116591,TNF/KMO/PER2/SLC38A2,4
GO:0050680,negative regulation of epithelial cell proliferation,9/404,177/18805,0.05084745762711865,2.3667981204900155,2.7070917954499927,0.01450800500209517,0.04102212575985839,0.02319536102116591,B4GALT1/STAT1/GATA3/IL12A/ALOX5/PPARG/TGFB1/TNF/CDKN1B,9
GO:0034605,cellular response to heat,5/404,67/18805,0.07462686567164178,3.4736589330574845,3.0054582147110063,0.014518082525434718,0.04102212575985839,0.02319536102116591,MTOR/HMOX1/CXCL10/PRKACA/PTGS2,5
GO:0042446,hormone biosynthetic process,5/404,67/18805,0.07462686567164178,3.4736589330574845,3.0054582147110063,0.014518082525434718,0.04102212575985839,0.02319536102116591,NFKB1/HIF1A/AKR1B1/HSD17B8/CHST8,5
GO:0051926,negative regulation of calcium ion transport,5/404,67/18805,0.07462686567164178,3.4736589330574845,3.0054582147110063,0.014518082525434718,0.04102212575985839,0.02319536102116591,ACE/BCL2/TGFB1/PTGS2/PPP3CA,5
GO:0070301,cellular response to hydrogen peroxide,5/404,67/18805,0.07462686567164178,3.4736589330574845,3.0054582147110063,0.014518082525434718,0.04102212575985839,0.02319536102116591,KLF2/STAT6/CYP1B1/NFE2L2/EDN1,5
GO:0045786,negative regulation of cell cycle,16/404,405/18805,0.03950617283950617,1.838895000611172,2.528839680495529,0.014702143480384232,0.041517150648467414,0.02347526560419424,CCND1/CTNNB1/IL10/NME6/TP53/GATA3/BCL2/TGFB1/PTEN/TNF/MAPK14/PML/CEBPA/PTGS2/CDKN1B/ALOX15B,16
GO:0019724,B cell mediated immunity,10/404,208/18805,0.04807692307692308,2.2378379664889567,2.6599232903223,0.01475504592116354,0.04164142555930542,0.023545535034882336,IL10/IL4/STAT6/PCYT1A/TBX21/IL4R/TGFB1/TNF/CD74/FCGR3B,10
GO:0035148,tube formation,8/404,148/18805,0.05405405405405406,2.516055659620016,2.743596177530153,0.014773547206552266,0.04166852290426368,0.023560856832263128,CTNNB1/HIF1A/GATA3/MTHFD1/TGFB1/PRKACA/MTHFD1L/VEGFA,8
GO:0007519,skeletal muscle tissue development,9/404,178/18805,0.05056179775280899,2.3535015018355767,2.6883906544951586,0.01500170199696379,0.04227697422049964,0.0239048967298178,CTNNB1/SIRT2/FOS/MTM1/BCL2/TGFB1/MAPK14/PPP3CA/KRAS,9
GO:0003007,heart morphogenesis,12/404,272/18805,0.04411764705882353,2.053545428072219,2.5933429163211126,0.015007332583184622,0.04227697422049964,0.0239048967298178,SMAD2/CTNNB1/MTOR/HIF1A/TP53/GATA3/EXT1/TGFB1/JAG1/EDN1/ZMPSTE24/VEGFA,12
GO:0070918,regulatory ncRNA processing,5/404,68/18805,0.07352941176470588,3.4225757134536985,2.965356266082691,0.015402315594823553,0.04336358485566078,0.024519304820698955,SMAD2/STAT3/TP53/TGFB1/ZMPSTE24,5
GO:0003044,regulation of systemic arterial blood pressure mediated by a chemical signal,4/404,45/18805,0.08888888888888889,4.137513751375137,3.1222708107401487,0.015631690221579217,0.04390376341777678,0.024824740887994023,ACE/EDN1/CTSG/ENPEP,4
GO:0032689,negative regulation of type II interferon production,4/404,45/18805,0.08888888888888889,4.137513751375137,3.1222708107401487,0.015631690221579217,0.04390376341777678,0.024824740887994023,IL10/CD274/GATA3/PRNP,4
GO:0042554,superoxide anion generation,4/404,45/18805,0.08888888888888889,4.137513751375137,3.1222708107401487,0.015631690221579217,0.04390376341777678,0.024824740887994023,ALOX12/TGFB1/EDN1/ITGAM,4
GO:0060428,lung epithelium development,4/404,45/18805,0.08888888888888889,4.137513751375137,3.1222708107401487,0.015631690221579217,0.04390376341777678,0.024824740887994023,CTNNB1/KLF2/THRB/KRAS,4
GO:0001838,embryonic epithelial tube formation,7/404,121/18805,0.05785123966942149,2.6928033712462156,2.7679571475726266,0.0156633400523021,0.0439662818494475,0.02486009102078745,CTNNB1/HIF1A/GATA3/MTHFD1/TGFB1/PRKACA/MTHFD1L,7
GO:0051216,cartilage development,10/404,210/18805,0.047619047619047616,2.2165252239509665,2.626804583258369,0.015677883721957015,0.043980737918635555,0.02486826499367532,CTNNB1/RUNX1/HIF1A/GATA3/EXT1/TGFB1/CTSK/EDN1/MAPK14/ZMPSTE24,10
GO:0002429,immune response-activating cell surface receptor signaling pathway,14/404,340/18805,0.041176470588235294,1.916642399534071,2.5273176796845056,0.015725632740793256,0.04408827095352936,0.024929067975477493,NFKB1/GATA3/MAPK1/IRF3/BCL2/IFNG/ADA/PRNP/SQSTM1/ITGAM/VAV3/PIK3CA/PRKCB/BAX,14
GO:0090068,positive regulation of cell cycle process,12/404,274/18805,0.043795620437956206,2.0385560453855605,2.5659659119622034,0.015809797501168232,0.044297709096630555,0.0250474917102511,CCND1/SIRT2/NUDT16/IGF1/RRM2B/TGFB1/EDN1/TNF/GLI1/CDK4/TGFA/LEF1,12
GO:0021954,central nervous system neuron development,6/404,94/18805,0.06382978723404255,2.971087002317253,2.838679181400972,0.0158257764937265,0.04431596025336572,0.025057811559885516,HPRT1/PAFAH1B1/NR4A2/PTEN/B4GALT6/OGDH,6
GO:0050714,positive regulation of protein secretion,8/404,150/18805,0.05333333333333334,2.4825082508250826,2.7010972022155455,0.015901166390123248,0.04440486815869498,0.02510808323458663,HIF1A/IGF1/ABAT/PPARG/TGFB1/PRKACA/AACS/PRKCB,8
GO:0071333,cellular response to glucose stimulus,8/404,150/18805,0.05333333333333334,2.4825082508250826,2.7010972022155455,0.015901166390123248,0.04440486815869498,0.02510808323458663,SMAD2/HIF1A/ACE/TGFB1/PRKACA/ICAM1/PIK3CA/PPP3CA,8
GO:0010623,programmed cell death involved in cell development,3/404,25/18805,0.12,5.5856435643564355,3.3995199653451484,0.015942884103965455,0.04440486815869498,0.02510808323458663,FASLG/BCL2/BAX,3
GO:0032693,negative regulation of interleukin-10 production,3/404,25/18805,0.12,5.5856435643564355,3.3995199653451484,0.015942884103965455,0.04440486815869498,0.02510808323458663,IL23R/IL23A/CD274,3
GO:0045932,negative regulation of muscle contraction,3/404,25/18805,0.12,5.5856435643564355,3.3995199653451484,0.015942884103965455,0.04440486815869498,0.02510808323458663,RGS2/PTGS2/ATP2A1,3
GO:0046039,GTP metabolic process,3/404,25/18805,0.12,5.5856435643564355,3.3995199653451484,0.015942884103965455,0.04440486815869498,0.02510808323458663,NME6/IMPDH1/AK3,3
GO:0061042,vascular wound healing,3/404,25/18805,0.12,5.5856435643564355,3.3995199653451484,0.015942884103965455,0.04440486815869498,0.02510808323458663,ALOX5/TNF/VEGFA,3
GO:0072311,glomerular epithelial cell differentiation,3/404,25/18805,0.12,5.5856435643564355,3.3995199653451484,0.015942884103965455,0.04440486815869498,0.02510808323458663,EXT1/JAG1/EDN1,3
GO:1901526,positive regulation of mitophagy,3/404,25/18805,0.12,5.5856435643564355,3.3995199653451484,0.015942884103965455,0.04440486815869498,0.02510808323458663,PRKN/HIF1A/GBA1,3
GO:0034764,positive regulation of transmembrane transport,10/404,211/18805,0.04739336492890995,2.206020365069682,2.610384890093338,0.01615508091911103,0.04494241762523936,0.02541203271824389,IGF1/CXCL10/IFNG/TRPC6/NFE2L2/EDN1/MAPK14/ATP2A1/PPP3CA/BAX,10
GO:0071383,cellular response to steroid hormone stimulus,10/404,211/18805,0.04739336492890995,2.206020365069682,2.610384890093338,0.01615508091911103,0.04494241762523936,0.02541203271824389,PTGES3/PPARA/PLPP1/ACE/MAPK1/CYP1B1/TGFB1/EDN1/CYP7B1/NR3C2,10
GO:0019080,viral gene expression,7/404,122/18805,0.05737704918032787,2.670731212465509,2.7432051391838206,0.016320839371989193,0.045271741512390634,0.025598244093541323,JUN/FUT8/SP1/ST3GAL3/ST6GAL1/LEF1/ST6GALNAC3,7
GO:0071482,cellular response to light stimulus,7/404,122/18805,0.05737704918032787,2.670731212465509,2.7432051391838206,0.016320839371989193,0.045271741512390634,0.025598244093541323,ATF4/TP53/MME/CAMKMT/MAPK14/MYC/BAX,7
GO:0006278,RNA-templated DNA biosynthetic process,5/404,69/18805,0.07246376811594203,3.372973166881906,2.925998000295619,0.01632180685025959,0.045271741512390634,0.025598244093541323,CTNNB1/PTGES3/GCH1/TP53/PML,5
GO:0010632,regulation of epithelial cell migration,5/404,69/18805,0.07246376811594203,3.372973166881906,2.925998000295619,0.01632180685025959,0.045271741512390634,0.025598244093541323,MTOR/IL4/HIF1A/IFNG/PTEN,5
GO:2000144,positive regulation of DNA-templated transcription initiation,5/404,69/18805,0.07246376811594203,3.372973166881906,2.925998000295619,0.01632180685025959,0.045271741512390634,0.025598244093541323,NFKB1/TP53/JUN/MITF/CEBPA,5
GO:1903034,regulation of response to wounding,9/404,181/18805,0.049723756906077346,2.314493189650457,2.633032607705609,0.01655708987839321,0.045897155009258145,0.0259518750080452,MTOR/IL10/STAT3/ALOX12/ALOX5/NFE2L2/EDN1/PTEN/TNF,9
GO:0090316,positive regulation of intracellular protein transport,6/404,95/18805,0.06315789473684211,2.939812402292861,2.8085342970657643,0.016597086127152053,0.045980803104926575,0.025999172600303593,RAPGEF3/IFNG/TGFB1/PRKACA/MAPK14/PTGS2,6
GO:0019098,reproductive behavior,4/404,46/18805,0.08695652173913043,4.047567800258286,3.066355767734064,0.01683781284059839,0.04648268851396325,0.026282956364265735,ABAT/ADA/THRB/PTEN,4
GO:0032892,positive regulation of organic acid transport,4/404,46/18805,0.08695652173913043,4.047567800258286,3.066355767734064,0.01683781284059839,0.04648268851396325,0.026282956364265735,ABAT/EDN1/KMO/MIF,4
GO:0045601,regulation of endothelial cell differentiation,4/404,46/18805,0.08695652173913043,4.047567800258286,3.066355767734064,0.01683781284059839,0.04648268851396325,0.026282956364265735,CTNNB1/JAG1/TNF/VEGFA,4
GO:0046633,alpha-beta T cell proliferation,4/404,46/18805,0.08695652173913043,4.047567800258286,3.066355767734064,0.01683781284059839,0.04648268851396325,0.026282956364265735,IL23A/CD274/IL2RA/IL18,4
GO:0060711,labyrinthine layer development,4/404,46/18805,0.08695652173913043,4.047567800258286,3.066355767734064,0.01683781284059839,0.04648268851396325,0.026282956364265735,IL10/MAPK1/PLCD3/LEF1,4
GO:1904646,cellular response to amyloid-beta,4/404,46/18805,0.08695652173913043,4.047567800258286,3.066355767734064,0.01683781284059839,0.04648268851396325,0.026282956364265735,IGF1/PRNP/ICAM1/TNF,4
GO:0051224,negative regulation of protein transport,7/404,123/18805,0.056910569105691054,2.6490179505755456,2.7187003695267755,0.016997653243116393,0.04686867637471787,0.026501207554669722,PRKN/FOXO1/IL12A/PFKL/LYPLA1/HADH/PPP3CA,7
GO:0141060,disruption of anatomical structure in another organism,7/404,123/18805,0.056910569105691054,2.6490179505755456,2.7187003695267755,0.016997653243116393,0.04686867637471787,0.026501207554669722,POMC/CXCL8/CXCL1/CXCL10/GAPDH/CTSG/ARG1,7
GO:0006816,calcium ion transport,17/404,447/18805,0.03803131991051454,1.770244977517886,2.4421090052409204,0.01703085120925093,0.046932575257041115,0.02653733824309414,CTNNB1/ACE/CXCL10/FASLG/BCL2/TRPC6/PRNP/TGFB1/EDN1/PRKACA/PML/PTGS2/ZMPSTE24/ATP2A1/PPP3CA/PRKCB/BAX,17
GO:0050851,antigen receptor-mediated signaling pathway,10/404,213/18805,0.046948356807511735,2.1853065588248963,2.5778196214639197,0.017141707131435972,0.04721027811140189,0.026694361260409583,NFKB1/GATA3/MAPK1/BCL2/ADA/PRNP/VAV3/PIK3CA/PRKCB/BAX,10
GO:0045787,positive regulation of cell cycle,14/404,344/18805,0.040697674418604654,1.8943558600046053,2.4806018211757466,0.01722314129349145,0.04740667109707641,0.02680540880171478,CCND1/SIRT2/IL10/NUDT16/IGF1/RRM2B/TGFB1/EDN1/PAFAH1B1/TNF/GLI1/CDK4/TGFA/LEF1,14
GO:0043627,response to estrogen,5/404,70/18805,0.07142857142857142,3.3247878359264496,2.8873576819610336,0.017277095779358848,0.047527239975886086,0.0268735827107969,DTYMK/GATA3/MME/GBA1/SP1,5
GO:0045446,endothelial cell differentiation,7/404,124/18805,0.056451612903225805,2.627654902587033,2.6944380582863725,0.017694055383907323,0.0485750374824085,0.027466044485770225,CTNNB1/RAPGEF3/JAG1/ICAM1/TNF/FASN/VEGFA,7
GO:0021542,dentate gyrus development,3/404,26/18805,0.11538461538461539,5.370811119573496,3.3045138271407346,0.017740989768244026,0.0485750374824085,0.027466044485770225,POMGNT1/PTEN/LEF1,3
GO:0032212,positive regulation of telomere maintenance via telomerase,3/404,26/18805,0.11538461538461539,5.370811119573496,3.3045138271407346,0.017740989768244026,0.0485750374824085,0.027466044485770225,CTNNB1/PTGES3/GCH1,3
GO:0051953,negative regulation of amine transport,3/404,26/18805,0.11538461538461539,5.370811119573496,3.3045138271407346,0.017740989768244026,0.0485750374824085,0.027466044485770225,ABAT/RGS2/TNF,3
GO:0060561,apoptotic process involved in morphogenesis,3/404,26/18805,0.11538461538461539,5.370811119573496,3.3045138271407346,0.017740989768244026,0.0485750374824085,0.027466044485770225,PML/LEF1/BAX,3
GO:1904996,positive regulation of leukocyte adhesion to vascular endothelial cell,3/404,26/18805,0.11538461538461539,5.370811119573496,3.3045138271407346,0.017740989768244026,0.0485750374824085,0.027466044485770225,ALOX5/TNF/GCNT1,3
GO:2000178,negative regulation of neural precursor cell proliferation,3/404,26/18805,0.11538461538461539,5.370811119573496,3.3045138271407346,0.017740989768244026,0.0485750374824085,0.027466044485770225,SIRT2/TP53/TGFB1,3
GO:2000773,negative regulation of cellular senescence,3/404,26/18805,0.11538461538461539,5.370811119573496,3.3045138271407346,0.017740989768244026,0.0485750374824085,0.027466044485770225,GCH1/PTEN/MIF,3
GO:0045840,positive regulation of mitotic nuclear division,4/404,47/18805,0.0851063829787234,3.9614493364230037,3.012000652540447,0.01810057098023038,0.049530609777579566,0.02800635886387118,IGF1/EDN1/TNF/TGFA,4
GO:0042987,amyloid precursor protein catabolic process,5/404,71/18805,0.07042253521126761,3.277959838237345,2.849410829195953,0.018268703163267955,0.04965301666204762,0.02807557204637014,IGF1/IFNG/PRNP/SP1/TNF,5
GO:0018209,peptidyl-serine modification,8/404,154/18805,0.05194805194805195,2.418027517037418,2.6181169899820538,0.01834102474150587,0.04965301666204762,0.02807557204637014,MAPK8/MAPK1/IFNG/PRKACA/PTEN/TNF/MAPK14/PIKFYVE,8
GO:0021761,limbic system development,7/404,125/18805,0.056,2.6066336633663365,2.670413556650832,0.018410315662879928,0.04965301666204762,0.02807557204637014,CTNNB1/PAFAH1B1/POMGNT1/PTEN/OGDH/LEF1/BAX,7
GO:0002420,natural killer cell mediated cytotoxicity directed against tumor cell target,2/404,10/18805,0.2,9.30940594059406,3.894430001736241,0.018484666390847712,0.04965301666204762,0.02807557204637014,IL12A/TGFB1,2
GO:0002855,regulation of natural killer cell mediated immune response to tumor cell,2/404,10/18805,0.2,9.30940594059406,3.894430001736241,0.018484666390847712,0.04965301666204762,0.02807557204637014,IL12A/TGFB1,2
GO:0006527,arginine catabolic process,2/404,10/18805,0.2,9.30940594059406,3.894430001736241,0.018484666390847712,0.04965301666204762,0.02807557204637014,OAT/ARG1,2
GO:0006560,proline metabolic process,2/404,10/18805,0.2,9.30940594059406,3.894430001736241,0.018484666390847712,0.04965301666204762,0.02807557204637014,OAT/ALDH4A1,2
GO:0007440,foregut morphogenesis,2/404,10/18805,0.2,9.30940594059406,3.894430001736241,0.018484666390847712,0.04965301666204762,0.02807557204637014,SMAD2/CTNNB1,2
GO:0009080,pyruvate family amino acid catabolic process,2/404,10/18805,0.2,9.30940594059406,3.894430001736241,0.018484666390847712,0.04965301666204762,0.02807557204637014,MCCC1/IVD,2
GO:0009128,purine nucleoside monophosphate catabolic process,2/404,10/18805,0.2,9.30940594059406,3.894430001736241,0.018484666390847712,0.04965301666204762,0.02807557204637014,ADA/HPRT1,2
GO:0009155,purine deoxyribonucleotide catabolic process,2/404,10/18805,0.2,9.30940594059406,3.894430001736241,0.018484666390847712,0.04965301666204762,0.02807557204637014,NUDT16/ADA,2
GO:0009169,purine ribonucleoside monophosphate catabolic process,2/404,10/18805,0.2,9.30940594059406,3.894430001736241,0.018484666390847712,0.04965301666204762,0.02807557204637014,ADA/HPRT1,2
GO:0019530,taurine metabolic process,2/404,10/18805,0.2,9.30940594059406,3.894430001736241,0.018484666390847712,0.04965301666204762,0.02807557204637014,STAT5A/PHGDH,2
GO:0019694,alkanesulfonate metabolic process,2/404,10/18805,0.2,9.30940594059406,3.894430001736241,0.018484666390847712,0.04965301666204762,0.02807557204637014,STAT5A/PHGDH,2
GO:0030638,polyketide metabolic process,2/404,10/18805,0.2,9.30940594059406,3.894430001736241,0.018484666390847712,0.04965301666204762,0.02807557204637014,AKR1B1/CBR4,2
GO:0030647,aminoglycoside antibiotic metabolic process,2/404,10/18805,0.2,9.30940594059406,3.894430001736241,0.018484666390847712,0.04965301666204762,0.02807557204637014,AKR1B1/CBR4,2
GO:0032627,interleukin-23 production,2/404,10/18805,0.2,9.30940594059406,3.894430001736241,0.018484666390847712,0.04965301666204762,0.02807557204637014,IFNG/TGFB1,2
GO:0032667,regulation of interleukin-23 production,2/404,10/18805,0.2,9.30940594059406,3.894430001736241,0.018484666390847712,0.04965301666204762,0.02807557204637014,IFNG/TGFB1,2
GO:0033210,leptin-mediated signaling pathway,2/404,10/18805,0.2,9.30940594059406,3.894430001736241,0.018484666390847712,0.04965301666204762,0.02807557204637014,STAT3/UGCG,2
GO:0035723,interleukin-15-mediated signaling pathway,2/404,10/18805,0.2,9.30940594059406,3.894430001736241,0.018484666390847712,0.04965301666204762,0.02807557204637014,STAT3/STAT5A,2
GO:0044598,doxorubicin metabolic process,2/404,10/18805,0.2,9.30940594059406,3.894430001736241,0.018484666390847712,0.04965301666204762,0.02807557204637014,AKR1B1/CBR4,2
GO:0048340,paraxial mesoderm morphogenesis,2/404,10/18805,0.2,9.30940594059406,3.894430001736241,0.018484666390847712,0.04965301666204762,0.02807557204637014,SMAD2/LEF1,2
GO:0048703,embryonic viscerocranium morphogenesis,2/404,10/18805,0.2,9.30940594059406,3.894430001736241,0.018484666390847712,0.04965301666204762,0.02807557204637014,MTHFD1/MTHFD1L,2
GO:0060768,regulation of epithelial cell proliferation involved in prostate gland development,2/404,10/18805,0.2,9.30940594059406,3.894430001736241,0.018484666390847712,0.04965301666204762,0.02807557204637014,CTNNB1/CDKN1B,2
GO:0070303,negative regulation of stress-activated protein kinase signaling cascade,2/404,10/18805,0.2,9.30940594059406,3.894430001736241,0.018484666390847712,0.04965301666204762,0.02807557204637014,FOXO1/MYC,2
GO:0071287,cellular response to manganese ion,2/404,10/18805,0.2,9.30940594059406,3.894430001736241,0.018484666390847712,0.04965301666204762,0.02807557204637014,ATF4/PRKN,2
GO:0071350,cellular response to interleukin-15,2/404,10/18805,0.2,9.30940594059406,3.894430001736241,0.018484666390847712,0.04965301666204762,0.02807557204637014,STAT3/STAT5A,2
GO:0071374,cellular response to parathyroid hormone stimulus,2/404,10/18805,0.2,9.30940594059406,3.894430001736241,0.018484666390847712,0.04965301666204762,0.02807557204637014,FOS/PRKACA,2
GO:0071838,cell proliferation in bone marrow,2/404,10/18805,0.2,9.30940594059406,3.894430001736241,0.018484666390847712,0.04965301666204762,0.02807557204637014,ACE/LEF1,2
GO:0072203,cell proliferation involved in metanephros development,2/404,10/18805,0.2,9.30940594059406,3.894430001736241,0.018484666390847712,0.04965301666204762,0.02807557204637014,STAT1/MYC,2
GO:0090184,positive regulation of kidney development,2/404,10/18805,0.2,9.30940594059406,3.894430001736241,0.018484666390847712,0.04965301666204762,0.02807557204637014,MYC/PPP3CA,2
GO:1904179,positive regulation of adipose tissue development,2/404,10/18805,0.2,9.30940594059406,3.894430001736241,0.018484666390847712,0.04965301666204762,0.02807557204637014,LPL/PPARG,2
